Daily Date,Share Code,Year High (GH¢),Year Low (GH¢),Previous Closing Price - VWAP (GH¢),Opening Price (GH¢),Last Transaction Price (GH¢),Closing Price - VWAP (GH¢),Price Change (GH¢),Total Shares Traded,Total Value Traded (GH¢),MA30,Year,Month,Month_Name,Quarter,Day_of_Week,Close_Lag1,Close_Lag3,Close_Lag5,Close_Lag7,Open_Lag1,Open_Lag3,Volume_Lag1,Volume_Lag3,Value_Lag1,Value_Lag3,MA7,MA14,STD7,MIN7,MAX7,Daily_Return,Log_Return,ROC7,Momentum7,RSI14,EMA12,EMA26,MACD,MACD_Signal,MACD_Histogram,Rolling_Volatility30,BB_Upper,BB_Lower,BB_Width,Target_Close
2018-10-17,MTNGH,0.93,0.75,0.89,0.89,0.9,0.9,0.01,35200.0,31680.0,0.8453333333333333,2018,10,October,4,2,0.89,0.91,0.92,0.93,0.9,0.93,274900.0,2100.0,244661.0,1911.0,0.9114285714285714,0.9107142857142858,0.0157359158493908,0.89,0.93,0.0112359550561798,0.0111733005981252,-3.2258064516129057,-0.03,63.15789473684211,0.8991345177504417,0.8677625575855266,0.0313719601649151,0.0362716460664234,-0.0048996859015083,0.0681141705512521,0.97498989475423,0.7940101052457695,0.1809797895084606,0.9
2018-10-18,MTNGH,0.93,0.75,0.9,0.9,0.89,0.9,0.0,66300.0,59670.0,0.8503333333333334,2018,10,October,4,3,0.9,0.9,0.93,0.93,0.89,0.91,35200.0,6900.0,31680.0,6210.0,0.9071428571428573,0.9121428571428573,0.0138013111868493,0.89,0.93,0.0,0.0,-3.2258064516129057,-0.03,56.25,0.8992676688657584,0.870150516282895,0.0291171525828634,0.0348407473697114,-0.005723594786848,0.0663576169955894,0.9709280437919862,0.8080719562080142,0.1628560875839719,0.9
2018-10-19,MTNGH,0.93,0.75,0.9,0.9,0.89,0.9,0.0,500.0,450.0,0.8553333333333334,2018,10,October,4,4,0.9,0.89,0.91,0.92,0.9,0.9,66300.0,274900.0,59670.0,244661.0,0.9042857142857142,0.9114285714285714,0.0127241802056095,0.89,0.93,0.0,0.0,-2.1739130434782625,-0.02,46.15384615384615,0.8993803351941032,0.8723615891508286,0.0270187460432745,0.033276347104424,-0.0062576010611495,0.0641514013786961,0.9642287979471756,0.8247712020528246,0.1394575958943509,0.9
2018-10-22,MTNGH,0.93,0.75,0.9,0.9,0.9,0.9,0.0,7000.0,6300.0,0.8603333333333334,2018,10,October,4,0,0.9,0.9,0.9,0.93,0.9,0.89,500.0,35200.0,450.0,31680.0,0.9,0.91,0.0057735026919018,0.89,0.91,0.0,0.0,-3.2258064516129057,-0.03,41.66666666666667,0.8994756682411642,0.8744088788433598,0.0250667893978043,0.0316344355631001,-0.0065676461652957,0.0614471083651361,0.9531950453462604,0.8458049546537396,0.1073900906925209,0.9
2018-10-23,MTNGH,0.93,0.75,0.9,0.9,0.9,0.9,0.0,57000.0,51300.0,0.8653333333333334,2018,10,October,4,1,0.9,0.9,0.89,0.91,0.9,0.9,7000.0,66300.0,6300.0,59670.0,0.8985714285714286,0.91,0.0037796447301008,0.89,0.9,0.0,0.0,-1.0989010989011,-0.01,50.0,0.8995563346656006,0.8763045174475553,0.0232518172180452,0.0299579118940891,-0.0067060946760439,0.0581753196475271,0.94832575694956,0.8566742430504403,0.0916515138991196,0.91
2018-10-24,MTNGH,0.93,0.75,0.9,0.9,0.91,0.91,0.01,5800.0,5278.0,0.8703333333333333,2018,10,October,4,2,0.9,0.9,0.9,0.9,0.9,0.9,57000.0,500.0,51300.0,450.0,0.9000000000000001,0.9107142857142856,0.0057735026919018,0.89,0.91,0.011111111111111,0.0110498361865849,1.111111111111112,0.01,54.54545454545455,0.9011630524093543,0.8788004791181068,0.0223625732912475,0.0284388441735208,-0.0060762708822732,0.0551789148468703,0.9441482109615238,0.8668517890384762,0.0772964219230476,0.9
2018-10-24,MTNGH,0.93,0.75,0.9,0.9,0.9,0.9,0.0,5600.0,5040.0,0.875,2018,10,October,4,2,0.91,0.9,0.9,0.89,0.9,0.9,5800.0,7000.0,5278.0,6300.0,0.9014285714285714,0.9085714285714286,0.0037796447301007,0.9,0.91,-0.0109890109890109,-0.0110498361865849,1.1235955056179785,0.01,33.33333333333333,0.9009841212694536,0.880370813998247,0.0206133072712065,0.026873736793058,-0.0062604295218514,0.0513104143492299,0.9367273938583868,0.8792726061416133,0.0574547877167734,0.91
2018-10-26,MTNGH,0.93,0.75,0.91,0.91,0.91,0.91,0.0,1100.0,1001.0,0.8796666666666667,2018,10,October,4,4,0.9,0.9,0.9,0.9,0.9,0.9,5600.0,57000.0,5040.0,51300.0,0.9028571428571428,0.9071428571428573,0.0048795003647492,0.9,0.91,0.011111111111111,0.0110498361865849,1.111111111111112,0.01,40.0,0.9023711795356916,0.8825655685168954,0.019805611018796,0.0254601116382056,-0.0056545006194095,0.0476686359210615,0.9350260444912362,0.883973955508764,0.0510520889824721,0.91
2018-10-29,MTNGH,0.93,0.75,0.91,0.91,0.91,0.91,0.0,0.0,0.0,0.884,2018,10,October,4,0,0.91,0.91,0.9,0.9,0.91,0.9,1100.0,5800.0,1001.0,5278.0,0.9042857142857142,0.9057142857142858,0.0053452248382544,0.9,0.91,0.0,0.0,1.111111111111112,0.01,40.0,0.903544844222508,0.8845977486267549,0.0189470955957532,0.0241575084297151,-0.0052104128339618,0.0440689115535798,0.9350260444912362,0.883973955508764,0.0510520889824721,0.9
2018-10-30,MTNGH,0.93,0.75,0.91,0.91,0.9,0.9,-0.01,43800.0,39420.0,0.8873333333333334,2018,10,October,4,1,0.91,0.9,0.9,0.9,0.91,0.9,0.0,5600.0,0.0,5040.0,0.9042857142857142,0.9042857142857142,0.0053452248382544,0.9,0.91,-0.0109890109890109,-0.0110498361865849,0.0,0.0,40.0,0.9029994835728914,0.8857386561358841,0.0172608274370072,0.0227781722311735,-0.0055173447941662,0.0411836369693473,0.933860557855398,0.8831394421446023,0.0507211157107956,0.9
2018-10-31,MTNGH,0.93,0.75,0.9,0.9,0.9,0.9,0.0,5700.0,5130.0,0.8906666666666666,2018,10,October,4,2,0.9,0.91,0.91,0.9,0.91,0.91,43800.0,1100.0,39420.0,1001.0,0.9042857142857142,0.9021428571428572,0.0053452248382544,0.9,0.91,0.0,0.0,0.0,0.0,33.33333333333333,0.9025380245616774,0.8867950519776705,0.0157429725840069,0.0213711323017402,-0.0056281597177333,0.037777327020074,0.933860557855398,0.8831394421446023,0.0507211157107956,0.9
2018-11-01,MTNGH,0.93,0.75,0.9,0.9,0.89,0.9,0.0,46300.0,41670.0,0.894,2018,11,November,4,3,0.9,0.91,0.9,0.9,0.9,0.91,5700.0,0.0,5130.0,0.0,0.9042857142857142,0.9014285714285716,0.0053452248382544,0.9,0.91,0.0,0.0,0.0,0.0,42.85714285714285,0.9021475592444964,0.8877731962756208,0.0143743629688755,0.0199717784351673,-0.0055974154662917,0.0336923198042686,0.933860557855398,0.8831394421446023,0.0507211157107956,0.9
2018-11-02,MTNGH,0.93,0.75,0.9,0.9,0.89,0.9,0.0,2100.0,1890.0,0.8973333333333334,2018,11,November,4,4,0.9,0.9,0.91,0.91,0.9,0.91,46300.0,43800.0,41670.0,39420.0,0.9028571428571428,0.9014285714285716,0.0048795003647492,0.9,0.91,0.0,0.0,-1.0989010989011,-0.01,50.0,0.9018171655145736,0.8886788854403896,0.013138280074184,0.0186050787629706,-0.0054667986887866,0.0286396558124828,0.9304857179444987,0.8835142820555012,0.0469714358889976,0.9
2018-11-05,MTNGH,0.93,0.75,0.9,0.9,0.89,0.9,0.0,1800.0,1620.0,0.9006666666666666,2018,11,November,4,0,0.9,0.9,0.91,0.9,0.9,0.9,2100.0,5700.0,1890.0,5130.0,0.9028571428571428,0.9021428571428572,0.0048795003647492,0.9,0.91,0.0,0.0,0.0,0.0,60.0,0.9015376015892548,0.8895174865188793,0.0120201150703753,0.0172880860244515,-0.0052679709540762,0.0219613034807755,0.9265012530954484,0.8844987469045517,0.0420025061908966,0.88
2018-11-06,MTNGH,0.93,0.75,0.9,0.9,0.88,0.88,-0.02,1198800.0,1054944.0,0.902,2018,11,November,4,1,0.9,0.9,0.9,0.91,0.9,0.9,1800.0,46300.0,1620.0,41670.0,0.8985714285714286,0.9007142857142857,0.008997354108428,0.88,0.91,-0.0222222222222222,-0.0224728558520586,-3.2967032967033,-0.03,33.33333333333333,0.8982241244216771,0.8888124875174808,0.0094116369041963,0.0157127962004005,-0.0063011592962042,0.019190514898485,0.92362190965684,0.8823780903431604,0.0412438193136794,0.88
2018-11-07,MTNGH,0.93,0.75,0.88,0.88,0.87,0.88,0.0,11800.0,10384.0,0.903,2018,11,November,4,2,0.88,0.9,0.9,0.91,0.9,0.9,1198800.0,2100.0,1054944.0,1890.0,0.8942857142857142,0.8992857142857144,0.0097590007294887,0.88,0.9,0.0,0.0,-3.2967032967033,-0.03,33.33333333333333,0.8954204129721883,0.888159710664334,0.0072607023078543,0.0140223774218913,-0.0067616751140369,0.0170496233146784,0.9224230569345548,0.8795769430654453,0.0428461138691094,0.88
2018-11-08,MTNGH,0.93,0.75,0.88,0.88,0.87,0.88,0.0,1022300.0,899624.0,0.904,2018,11,November,4,3,0.88,0.9,0.9,0.9,0.88,0.9,11800.0,1800.0,10384.0,1620.0,0.8914285714285715,0.8978571428571429,0.0106904496765001,0.88,0.9,0.0,0.0,-2.222222222222224,-0.02,33.33333333333333,0.8930480417456979,0.8875552876521611,0.0054927540935367,0.0123164527562204,-0.0068236986626836,0.0145270259433454,0.9171660400897376,0.8798339599102623,0.0373320801794754,0.88
2018-11-09,MTNGH,0.93,0.75,0.88,0.88,0.88,0.88,0.0,1400.0,1232.0,0.904,2018,11,November,4,4,0.88,0.88,0.9,0.9,0.88,0.9,1022300.0,1198800.0,899624.0,1054944.0,0.8885714285714287,0.8964285714285715,0.0106904496765001,0.88,0.9,0.0,0.0,-2.222222222222224,-0.02,33.33333333333333,0.8910406507078981,0.8869956367149641,0.0040450139929339,0.0106621650035631,-0.0066171510106291,0.0145270259433454,0.9165744193971864,0.8774255806028133,0.0391488387943732,0.85
2018-11-12,MTNGH,0.93,0.75,0.88,0.88,0.85,0.85,-0.03,51700.0,43945.0,0.902,2018,11,November,4,0,0.88,0.88,0.9,0.9,0.88,0.88,1400.0,11800.0,1232.0,10384.0,0.8814285714285715,0.8928571428571429,0.0167616341969526,0.85,0.9,-0.0340909090909091,-0.0346855579878901,-5.55555555555556,-0.05,22.22222222222221,0.8847267044451445,0.8842552191805223,0.0004714852646221,0.0086240290557749,-0.0081525437911527,0.0174987684295705,0.9231356421265546,0.8658643578734455,0.0572712842531091,0.87
2018-11-13,MTNGH,0.93,0.75,0.85,0.85,0.85,0.87,0.02,3700.0,3219.0,0.9003333333333334,2018,11,November,4,1,0.85,0.88,0.88,0.9,0.88,0.88,51700.0,1022300.0,43945.0,899624.0,0.8771428571428571,0.89,0.0149602648308643,0.85,0.9,0.0235294117647058,0.0232568621642671,-3.333333333333336,-0.03,30.0,0.8824610576074299,0.8831992770190021,-0.0007382194115722,0.0067515793623054,-0.0074897987738777,0.0180961671181448,0.9241250671320442,0.8628749328679559,0.0612501342640883,0.88
2018-11-14,MTNGH,0.93,0.75,0.87,0.87,0.88,0.88,0.01,1900.0,1672.0,0.8996666666666667,2018,11,November,4,2,0.87,0.88,0.88,0.9,0.85,0.88,3700.0,1400.0,3219.0,1232.0,0.8742857142857143,0.8885714285714286,0.01133893419028,0.85,0.88,0.0114942528735633,0.0114286958236228,-2.222222222222224,-0.02,40.0,0.8820824333601329,0.882962293536113,-0.00087986017598,0.0052252914546483,-0.0061051516306284,0.0184733420857218,0.9235347852374872,0.861465214762513,0.062069570474974,0.88
2018-11-15,MTNGH,0.93,0.75,0.88,0.88,0.88,0.88,0.0,4400.0,3872.0,0.8989999999999999,2018,11,November,4,3,0.88,0.85,0.88,0.88,0.87,0.88,1900.0,51700.0,1672.0,43945.0,0.8742857142857143,0.8864285714285715,0.01133893419028,0.85,0.88,0.0,0.0,0.0,0.0,33.33333333333333,0.8817620589970356,0.8827428643852897,-0.000980805388254,0.0039840720860678,-0.0049648774743219,0.0188185528411324,0.9228049516849984,0.8601950483150014,0.0626099033699971,0.84
2018-11-16,MTNGH,0.93,0.75,0.88,0.88,0.87,0.84,-0.04,130800.0,109872.0,0.896,2018,11,November,4,4,0.88,0.87,0.88,0.88,0.88,0.85,4400.0,3700.0,3872.0,3219.0,0.8685714285714285,0.8814285714285715,0.0167616341969527,0.84,0.88,-0.0454545454545455,-0.0465200156348929,-4.545454545454549,-0.04,23.07692307692308,0.8753371268436455,0.8795767262826756,-0.00423959943903,0.0023393377810482,-0.0065789372200783,0.0207779724210771,0.9270391120537932,0.8499608879462068,0.0770782241075862,0.86
2018-11-19,MTNGH,0.93,0.75,0.84,0.84,0.84,0.86,0.02,57200.0,49207.0,0.8936666666666667,2018,11,November,4,0,0.84,0.88,0.85,0.88,0.88,0.87,130800.0,1900.0,109872.0,1672.0,0.8657142857142857,0.8785714285714287,0.0161834718742561,0.84,0.88,0.0238095238095237,0.023530497410194,-2.2727272727272747,-0.02,35.71428571428572,0.8729775688677001,0.8781265984098848,-0.0051490295421847,0.0008416643164016,-0.0059906938585864,0.0207586015962033,0.9266444759259416,0.8463555240740582,0.0802889518518832,0.82
2018-11-20,MTNGH,0.93,0.75,0.86,0.86,0.82,0.82,-0.04,3000.0,2460.0,0.89,2018,11,November,4,1,0.86,0.88,0.87,0.88,0.84,0.88,57200.0,4400.0,49207.0,3872.0,0.8571428571428571,0.8728571428571429,0.0221466970556846,0.82,0.88,-0.0465116279069768,-0.0476280489892547,-6.818181818181825,-0.06,27.77777777777777,0.8648271736572847,0.873820924453597,-0.0089937507963123,-0.0011254187061411,-0.0078683320901712,0.0236351579147502,0.931864380936696,0.833135619063304,0.0987287618733918,0.82
2018-11-21,MTNGH,0.93,0.75,0.82,0.82,0.82,0.82,0.0,0.0,0.0,0.8866666666666666,2018,11,November,4,2,0.82,0.84,0.88,0.85,0.86,0.88,3000.0,130800.0,2460.0,109872.0,0.8528571428571429,0.8671428571428572,0.0262769136406137,0.82,0.88,0.0,0.0,-3.529411764705886,-0.03,27.77777777777777,0.8579306854023178,0.8698341893088862,-0.0119035039065684,-0.0032810357462265,-0.0086224681603418,0.0261736025656457,0.9329066192922612,0.8230933807077386,0.1098132385845225,0.8
2018-11-22,MTNGH,0.93,0.75,0.82,0.82,0.8,0.8,-0.02,2140600.0,1712660.0,0.8823333333333333,2018,11,November,4,3,0.82,0.86,0.88,0.87,0.82,0.84,0.0,57200.0,0.0,49207.0,0.8428571428571429,0.86,0.031471831698779,0.8,0.88,-0.0243902439024389,-0.0246926125903714,-8.045977011494248,-0.0699999999999999,25.00000000000001,0.8490182722634997,0.8646612863971168,-0.0156430141336171,-0.0057534314237047,-0.0098895827099124,0.0293237967778947,0.9369407620585776,0.8090592379414225,0.1278815241171549,0.8
2018-11-23,MTNGH,0.93,0.75,0.8,0.8,0.8,0.8,0.0,2600.0,2080.0,0.8786666666666666,2018,11,November,4,4,0.8,0.82,0.84,0.88,0.82,0.86,2140600.0,3000.0,1712660.0,2460.0,0.8314285714285715,0.8528571428571429,0.0302371578407396,0.8,0.88,0.0,0.0,-9.090909090909086,-0.0799999999999999,25.00000000000001,0.8414769996075766,0.8598715614788118,-0.0183945618712352,-0.0082816575132108,-0.0101129043580244,0.0324550971857016,0.9367440383145388,0.7982559616854614,0.1384880766290772,0.82
2018-11-26,MTNGH,0.93,0.75,0.8,0.8,0.82,0.82,0.02,2400.0,1968.0,0.876,2018,11,November,4,0,0.8,0.82,0.86,0.88,0.8,0.82,2600.0,0.0,2080.0,0.0,0.8228571428571428,0.8485714285714286,0.021380899352996,0.8,0.86,0.0249999999999999,0.0246926125903714,-6.818181818181825,-0.06,34.999999999999986,0.8381728458217956,0.8569181124803813,-0.0187452666585856,-0.0103743793422857,-0.0083708873162998,0.0338963938678052,0.9323124124981652,0.793687587501835,0.1386248249963302,0.82
2018-11-27,MTNGH,0.93,0.75,0.82,0.82,0.82,0.82,0.0,4200.0,3444.0,0.8736666666666667,2018,11,November,4,1,0.82,0.8,0.82,0.84,0.8,0.82,2400.0,2140600.0,1968.0,1712660.0,0.8200000000000001,0.8442857142857143,0.0200000000000022,0.8,0.86,0.0,0.0,-2.380952380952383,-0.02,34.999999999999986,0.8353770233876733,0.8541834374818346,-0.0188064140941612,-0.0120607862926608,-0.0067456278015004,0.0352804853095612,0.9285549763628892,0.7894450236371107,0.1391099527257786,0.81
2018-11-28,MTNGH,0.93,0.75,0.82,0.82,0.81,0.81,-0.01,3400.0,2741.0,0.8706666666666667,2018,11,November,4,2,0.82,0.8,0.82,0.86,0.82,0.8,4200.0,2600.0,3444.0,2080.0,0.8128571428571428,0.8392857142857143,0.0095118973121181,0.8,0.82,-0.0121951219512194,-0.0122700925918142,-5.813953488372086,-0.0499999999999999,33.33333333333333,0.8314728659434159,0.8509105902609579,-0.019437724317542,-0.0135361738976371,-0.0059015504199049,0.0367595479816618,0.924530068729909,0.7844699312700911,0.1400601374598178,0.8
2018-11-29,MTNGH,0.93,0.75,0.81,0.81,0.8,0.8,-0.01,84200.0,67352.0,0.8673333333333333,2018,11,November,4,3,0.81,0.82,0.8,0.82,0.82,0.8,3400.0,2400.0,2741.0,1968.0,0.8099999999999999,0.8335714285714285,0.0100000000000045,0.8,0.82,-0.0123456790123457,-0.0124225199985572,-2.4390243902438917,-0.0199999999999999,31.818181818181827,0.8266308865675057,0.8471394354268129,-0.0205085488593071,-0.0149306488899711,-0.005577899969336,0.0385006344178211,0.9201287551400386,0.7788712448599613,0.1412575102800772,0.8
2018-11-30,MTNGH,0.93,0.75,0.8,0.8,0.8,0.8,0.0,1300.0,1040.0,0.8640000000000001,2018,11,November,4,4,0.8,0.82,0.8,0.82,0.81,0.82,84200.0,4200.0,67352.0,3444.0,0.8071428571428572,0.8300000000000001,0.0095118973121182,0.8,0.82,0.0,0.0,-2.4390243902438917,-0.0199999999999999,36.8421052631579,0.8225338270955818,0.8436476253951971,-0.0211137982996153,-0.0161672787718999,-0.0049465195277153,0.039879127718472,0.9142287979471742,0.7747712020528259,0.1394575958943482,0.81
2018-12-03,MTNGH,0.93,0.75,0.8,0.8,0.8,0.81,0.01,36900.0,29720.0,0.861,2018,12,December,4,0,0.8,0.81,0.82,0.8,0.8,0.82,1300.0,3400.0,1040.0,2741.0,0.8085714285714286,0.8257142857142856,0.0089973541084294,0.8,0.82,0.0124999999999999,0.0124225199985571,1.250000000000001,0.01,33.33333333333333,0.8206055460039539,0.8411552086992566,-0.0205496626953027,-0.0170437555565805,-0.0035059071387222,0.0404585782217336,0.9061736153494804,0.7738263846505198,0.1323472306989606,0.78
2018-12-04,MTNGH,0.93,0.75,0.81,0.81,0.78,0.78,-0.03,55000.0,43070.0,0.857,2018,12,December,4,1,0.81,0.8,0.82,0.8,0.8,0.81,36900.0,84200.0,29720.0,67352.0,0.8057142857142857,0.8185714285714286,0.0139727626201187,0.78,0.82,-0.037037037037037,-0.037740327982847,-2.500000000000002,-0.02,24.999999999999982,0.8143585389264225,0.8366251932400525,-0.0222666543136299,-0.0180883353079904,-0.0041783190056395,0.0423572653866427,0.9035181497276829,0.7664818502723171,0.1370362994553657,0.8
2018-12-05,MTNGH,0.93,0.75,0.78,0.78,0.8,0.8,0.02,200.0,160.0,0.8533333333333334,2018,12,December,4,2,0.78,0.8,0.81,0.82,0.81,0.8,55000.0,1300.0,43070.0,1040.0,0.802857142857143,0.8128571428571428,0.0125356634105638,0.78,0.82,0.0256410256410257,0.02531780798429,-2.4390243902438917,-0.0199999999999999,31.818181818181827,0.8121495329377422,0.8339122159630116,-0.0217626830252694,-0.0188232048514462,-0.0029394781738231,0.0423721877987267,0.8977753500059786,0.7642246499940215,0.1335507000119571,0.78
2018-12-06,MTNGH,0.93,0.75,0.8,0.8,0.78,0.78,-0.02,2000.0,1560.0,0.8493333333333334,2018,12,December,4,3,0.8,0.81,0.8,0.82,0.78,0.8,200.0,36900.0,160.0,29720.0,0.7971428571428572,0.8085714285714286,0.0125356634105638,0.78,0.81,-0.025,-0.0253178079842898,-4.878048780487796,-0.0399999999999999,35.0,0.8072034509473203,0.82991871848427,-0.0227152675369497,-0.0196016173885469,-0.0031136501484028,0.0434648755007861,0.8923007501743689,0.759699249825631,0.1326015003487379,0.79
2018-12-10,MTNGH,0.93,0.75,0.78,0.78,0.79,0.79,0.01,1800.0,1422.0,0.8453333333333334,2018,12,December,4,0,0.78,0.78,0.8,0.81,0.8,0.81,2000.0,55000.0,1560.0,43070.0,0.7942857142857143,0.8035714285714286,0.0113389341902807,0.78,0.81,0.0128205128205127,0.0127390257774297,-2.469135802469138,-0.02,31.57894736842105,0.8045567661861941,0.8269617763743241,-0.02240501018813,-0.0201622959484635,-0.0022427142396664,0.0432102584669612,0.8845037592863345,0.7584962407136655,0.126007518572669,0.79
2018-12-11,MTNGH,0.93,0.75,0.79,0.79,0.79,0.79,0.0,1900.0,1492.0,0.8413333333333334,2018,12,December,4,1,0.79,0.8,0.81,0.8,0.78,0.78,1800.0,200.0,1422.0,160.0,0.7928571428571428,0.8014285714285715,0.0111269728052877,0.78,0.81,0.0,0.0,-1.250000000000001,-0.01,40.00000000000001,0.8023172636960104,0.8242238670132631,-0.0219066033172526,-0.0205111574222213,-0.0013954458950313,0.0425670532570495,0.8815037592863345,0.7554962407136655,0.126007518572669,0.79
2018-12-12,MTNGH,0.93,0.75,0.79,0.79,0.79,0.79,0.0,173300.0,136907.0,0.8376666666666667,2018,12,December,4,2,0.79,0.78,0.78,0.8,0.79,0.8,1900.0,2000.0,1492.0,1560.0,0.7914285714285715,0.7992857142857143,0.0106904496765011,0.78,0.81,0.0,0.0,-1.250000000000001,-0.01,40.00000000000001,0.8004223000504704,0.8216887657530214,-0.0212664657025509,-0.0206622190782872,-0.0006042466242636,0.0420740999316379,0.8737852160500837,0.7552147839499163,0.1185704321001674,0.78
2018-12-13,MTNGH,0.93,0.75,0.79,0.79,0.78,0.78,-0.01,17400.0,13572.0,0.8336666666666667,2018,12,December,4,3,0.79,0.79,0.8,0.81,0.79,0.78,173300.0,1800.0,136907.0,1422.0,0.7871428571428573,0.7978571428571429,0.0075592894601904,0.78,0.8,-0.0126582278481012,-0.0127390257774297,-3.703703703703707,-0.03,42.85714285714284,0.7972804077350134,0.8186007090305755,-0.021320301295562,-0.0207938355217422,-0.0005264657738198,0.0416457418722723,0.8620056387949236,0.7569943612050766,0.105011277589847,0.78
2018-12-14,MTNGH,0.93,0.75,0.78,0.78,0.78,0.78,0.0,21500.0,16775.0,0.8296666666666666,2018,12,December,4,4,0.78,0.79,0.78,0.78,0.79,0.79,17400.0,1900.0,13572.0,1492.0,0.7871428571428573,0.7964285714285715,0.0075592894601904,0.78,0.8,0.0,0.0,0.0,0.0,42.85714285714284,0.7946218834680883,0.8157413972505329,-0.0211195137824445,-0.0208589711738827,-0.0002605426085618,0.040809340828425,0.8467897275071783,0.7622102724928217,0.0845794550143566,0.78
2018-12-17,MTNGH,0.93,0.75,0.78,0.78,0.78,0.78,0.0,1685400.0,1314712.0,0.8256666666666667,2018,12,December,4,0,0.78,0.79,0.79,0.8,0.78,0.79,21500.0,173300.0,16775.0,136907.0,0.7842857142857144,0.7935714285714285,0.0053452248382566,0.78,0.79,0.0,0.0,-2.500000000000002,-0.02,33.33333333333336,0.7923723629345362,0.813093886343086,-0.0207215234085498,-0.0208314816208161,0.0001099582122663,0.0395390102725563,0.8416444759259382,0.761355524074062,0.0802889518518761,0.78
2018-12-18,MTNGH,0.93,0.75,0.78,0.78,0.78,0.78,0.0,4700.0,3666.0,0.8216666666666668,2018,12,December,4,1,0.78,0.78,0.79,0.78,0.78,0.79,1685400.0,17400.0,1314712.0,13572.0,0.7842857142857144,0.7907142857142857,0.0053452248382566,0.78,0.79,0.0,0.0,0.0,0.0,33.33333333333336,0.7904689224830691,0.8106424873547093,-0.0201735648716402,-0.0206998982709809,0.0005263333993407,0.037791016386705,0.8278488489333409,0.7671511510666593,0.0606976978666815,0.77
2018-12-19,MTNGH,0.93,0.75,0.78,0.78,0.77,0.77,-0.01,350800.0,270182.0,0.818,2018,12,December,4,2,0.78,0.78,0.79,0.79,0.78,0.78,4700.0,21500.0,3666.0,16775.0,0.7814285714285715,0.7878571428571429,0.0069006555934298,0.77,0.79,-0.0128205128205128,-0.0129034048359079,-2.531645569620255,-0.02,33.33333333333333,0.7873198574856739,0.807631932735842,-0.020312075250168,-0.0206223336668183,0.0003102584166502,0.0372688276880472,0.8257793505625511,0.7642206494374489,0.0615587011251022,0.77
2018-12-20,MTNGH,0.93,0.75,0.77,0.77,0.77,0.77,0.0,3500.0,2695.0,0.8143333333333334,2018,12,December,4,3,0.77,0.78,0.78,0.79,0.78,0.78,350800.0,1685400.0,270182.0,1314712.0,0.7785714285714286,0.7857142857142857,0.0069006555934298,0.77,0.79,0.0,0.0,-2.531645569620255,-0.02,36.36363636363636,0.7846552640263394,0.8048443821628166,-0.0201891181364771,-0.0205356905607501,0.0003465724242729,0.0363586856609047,0.8228488489333405,0.7621511510666594,0.0606976978666811,0.77
2018-12-21,MTNGH,0.93,0.75,0.77,0.77,0.77,0.77,0.0,70400.0,54128.0,0.8106666666666666,2018,12,December,4,4,0.77,0.78,0.78,0.79,0.77,0.78,3500.0,4700.0,2695.0,3666.0,0.7757142857142858,0.7835714285714285,0.0053452248382566,0.77,0.78,0.0,0.0,-2.531645569620255,-0.02,36.36363636363636,0.7824006080222873,0.8022633168174228,-0.0198627087951355,-0.0204010942076272,0.0005383854124917,0.0350303644968415,0.8227224808215476,0.7592775191784524,0.0634449616430952,0.78
2018-12-24,MTNGH,0.93,0.75,0.77,0.77,0.79,0.78,0.01,24600.0,19228.0,0.8073333333333335,2018,12,December,4,0,0.77,0.77,0.78,0.78,0.77,0.78,70400.0,350800.0,54128.0,270182.0,0.7757142857142857,0.7814285714285715,0.0053452248382566,0.77,0.78,0.0129870129870131,0.012903404835908,0.0,0.0,36.36363636363636,0.7820312837111661,0.8006141822383545,-0.0185828985271883,-0.0200374550715394,0.0014545565443511,0.0328983107556403,0.8217887765695574,0.7582112234304427,0.0635775531391147,0.8
2018-12-27,MTNGH,0.93,0.75,0.78,0.78,0.8,0.8,0.02,10000.0,8000.0,0.8056666666666668,2018,12,December,4,3,0.78,0.77,0.78,0.78,0.77,0.77,24600.0,3500.0,19228.0,2695.0,0.7785714285714286,0.7828571428571428,0.0106904496765011,0.77,0.8,0.0256410256410257,0.02531780798429,2.5641025641025665,0.02,60.0,0.7847957016017559,0.8005686872577356,-0.0157729856559796,-0.0191845611884274,0.0034115755324478,0.0319140368353237,0.8179464114674317,0.7600535885325681,0.0578928229348636,0.8
2018-12-28,MTNGH,0.93,0.75,0.8,0.8,0.8,0.8,0.0,23300.0,18556.0,0.8033333333333333,2018,12,December,4,4,0.8,0.77,0.77,0.78,0.78,0.77,10000.0,70400.0,8000.0,54128.0,0.7814285714285714,0.7828571428571429,0.0134518541826943,0.77,0.8,0.0,0.0,2.5641025641025665,0.02,50.0,0.787134824432255,0.8005265622756811,-0.013391737843426,-0.0180259965194271,0.0046342586760011,0.0295171876677988,0.8136289310206829,0.7623710689793172,0.0512578620413657,0.79
2018-12-31,MTNGH,0.93,0.75,0.8,0.8,0.8,0.79,-0.01,99900.0,78855.0,0.8003333333333333,2018,12,December,4,0,0.8,0.78,0.77,0.78,0.8,0.77,23300.0,24600.0,18556.0,19228.0,0.7828571428571429,0.7835714285714285,0.0138013111868503,0.77,0.8,-0.0124999999999999,-0.01257878220686,1.2820512820512833,0.01,57.142857142857146,0.7875756206734466,0.799746816921927,-0.0121711962484803,-0.0168550364652378,0.0046838402167574,0.0257953929772457,0.810485717944491,0.7635142820555093,0.0469714358889816,0.8
2019-01-02,MTNGH,0.8,0.79,0.79,0.79,0.8,0.8,0.01,34800.0,27840.0,0.7976666666666667,2019,1,January,1,2,0.79,0.8,0.77,0.77,0.8,0.78,99900.0,10000.0,78855.0,8000.0,0.7871428571428571,0.7842857142857144,0.0138013111868503,0.77,0.8,0.0126582278481013,0.0125787822068601,3.8961038961039,0.03,57.142857142857146,0.7894870636467625,0.7997655712240064,-0.0102785075772439,-0.015539730687639,0.0052612231103951,0.020956989342432,0.8104857179444909,0.7635142820555092,0.0469714358889816,0.79
2019-01-03,MTNGH,0.8,0.79,0.8,0.8,0.79,0.79,-0.01,128300.0,101464.0,0.796,2019,1,January,1,3,0.8,0.8,0.78,0.77,0.79,0.8,34800.0,23300.0,27840.0,18556.0,0.79,0.7842857142857144,0.0115470053837964,0.77,0.8,-0.0124999999999999,-0.01257878220686,2.5974025974026,0.02,50.0,0.789565976931876,0.7990421955777837,-0.0094762186459076,-0.0143270282792927,0.0048508096333851,0.0194049407146193,0.8092341616353653,0.7637658383646349,0.0454683232707304,0.79
2019-01-04,MTNGH,0.8,0.79,0.79,0.79,0.79,0.79,0.0,15400.0,12166.0,0.7936666666666667,2019,1,January,1,4,0.79,0.79,0.8,0.77,0.8,0.8,128300.0,99900.0,101464.0,78855.0,0.7928571428571428,0.7842857142857144,0.0075592894601906,0.78,0.8,0.0,0.0,2.5974025974026,0.02,50.0,0.7896327497115875,0.7983724033127627,-0.0087396536011752,-0.0132095533436692,0.004469899742494,0.0151960369909342,0.805473666874683,0.7655263331253171,0.0399473337493658,0.79
2019-01-08,MTNGH,0.8,0.79,0.79,0.79,0.79,0.79,0.0,200.0,158.0,0.7926666666666667,2019,1,January,1,1,0.79,0.8,0.8,0.78,0.79,0.79,15400.0,34800.0,12166.0,27840.0,0.7942857142857143,0.785,0.0053452248382572,0.79,0.8,0.0,0.0,1.2820512820512833,0.01,57.142857142857146,0.7896892497559587,0.7977522252895951,-0.0080629755336364,-0.0121802377816627,0.0041172622480262,0.0143679080456812,0.8058944583661874,0.7661055416338126,0.0397889167323748,0.79
2019-01-09,MTNGH,0.8,0.79,0.79,0.79,0.79,0.79,0.0,200.0,158.0,0.7916666666666667,2019,1,January,1,2,0.79,0.79,0.79,0.8,0.79,0.8,200.0,128300.0,158.0,101464.0,0.7928571428571428,0.7857142857142857,0.0048795003647521,0.79,0.8,0.0,0.0,-1.250000000000001,-0.01,57.142857142857146,0.7897370574858112,0.7971779863792547,-0.0074409288934434,-0.0112323760040188,0.0037914471105753,0.0134121235257964,0.8043902648277602,0.76660973517224,0.0377805296555202,0.79
2019-01-10,MTNGH,0.8,0.79,0.79,0.79,0.79,0.79,0.0,5400.0,4266.0,0.7913333333333334,2019,1,January,1,3,0.79,0.79,0.8,0.8,0.79,0.79,200.0,15400.0,158.0,12166.0,0.7914285714285715,0.7864285714285716,0.0037796447301045,0.79,0.8,0.0,0.0,-1.250000000000001,-0.01,57.142857142857146,0.7897775101803018,0.7966462836844952,-0.0068687735041933,-0.0103596555040537,0.0034908819998604,0.0133218341217631,0.8048064938392586,0.7671935061607414,0.0376129876785171,0.79
2019-01-11,MTNGH,0.8,0.79,0.79,0.79,0.79,0.79,0.0,1200.0,948.0,0.791,2019,1,January,1,4,0.79,0.79,0.79,0.79,0.79,0.79,5400.0,200.0,4266.0,158.0,0.7914285714285715,0.7871428571428571,0.0037796447301045,0.79,0.8,0.0,0.0,0.0,0.0,57.142857142857146,0.7898117393833324,0.7961539663745326,-0.0063422269912002,-0.009556169801483,0.0032139428102828,0.0132222383206041,0.8048064938392586,0.7671935061607414,0.0376129876785171,0.79
2019-01-14,MTNGH,0.8,0.79,0.79,0.79,0.79,0.79,0.0,10700.0,8416.0,0.7899999999999999,2019,1,January,1,0,0.79,0.79,0.79,0.8,0.79,0.79,1200.0,200.0,948.0,158.0,0.79,0.7885714285714286,0.0,0.79,0.79,0.0,0.0,-1.250000000000001,-0.01,66.66666666666666,0.7898407025551274,0.7956981170134562,-0.0058574144583287,-0.0088164187328521,0.0029590042745234,0.0120344333562844,0.8048064938392586,0.7671935061607414,0.0376129876785171,0.79
2019-01-15,MTNGH,0.8,0.79,0.79,0.79,0.79,0.79,0.0,1600.0,1264.0,0.789,2019,1,January,1,1,0.79,0.79,0.79,0.79,0.79,0.79,10700.0,5400.0,8416.0,4266.0,0.79,0.79,0.0,0.79,0.79,0.0,0.0,0.0,0.0,66.66666666666666,0.7898652098543386,0.7952760342717187,-0.00541082441738,-0.0081352998697577,0.0027244754523777,0.0106187862154584,0.8048064938392586,0.7671935061607414,0.0376129876785171,0.79
2019-01-16,MTNGH,0.8,0.79,0.79,0.79,0.79,0.79,0.0,9900.0,7821.0,0.7883333333333334,2019,1,January,1,2,0.79,0.79,0.79,0.79,0.79,0.79,1600.0,1200.0,1264.0,948.0,0.79,0.7914285714285716,0.0,0.79,0.79,0.0,0.0,0.0,0.0,66.66666666666666,0.789885946799825,0.7948852169182581,-0.004999270118433,-0.0075080939194928,0.0025088238010597,0.0098552745665234,0.8051660400897281,0.767833959910272,0.0373320801794561,0.78
2019-01-17,MTNGH,0.8,0.78,0.79,0.79,0.79,0.78,-0.01,25000.0,19450.0,0.7876666666666667,2019,1,January,1,3,0.79,0.79,0.79,0.79,0.79,0.79,9900.0,10700.0,7821.0,8416.0,0.7885714285714286,0.7914285714285715,0.0037796447301044,0.78,0.79,-0.0126582278481012,-0.0127390257774297,-1.2658227848101276,-0.01,50.0,0.7883650319075443,0.7937826082576465,-0.0054175763501022,-0.0070899904056147,0.0016724140555124,0.0097143098618433,0.805166040089728,0.7678339599102719,0.0373320801794561,0.78
2019-01-18,MTNGH,0.8,0.78,0.78,0.78,0.79,0.78,0.0,20700.0,16187.0,0.787,2019,1,January,1,4,0.78,0.79,0.79,0.79,0.79,0.79,25000.0,1600.0,19450.0,1264.0,0.7871428571428573,0.79,0.004879500364752,0.78,0.79,0.0,0.0,-1.2658227848101276,-0.01,25.00000000000001,0.7870781039217682,0.7927616743126357,-0.0056835703908674,-0.0068087064026652,0.0011251360117978,0.0095231116328837,0.805166040089728,0.7678339599102719,0.0373320801794561,0.78
2019-01-21,MTNGH,0.8,0.78,0.78,0.78,0.79,0.78,0.0,0.0,0.0,0.786,2019,1,January,1,0,0.78,0.79,0.79,0.79,0.78,0.79,20700.0,9900.0,16187.0,7821.0,0.7857142857142857,0.7885714285714286,0.005345224838257,0.78,0.79,0.0,0.0,-1.2658227848101276,-0.01,25.00000000000001,0.7859891648568809,0.7918163651042923,-0.0058272002474114,-0.0066124051716144,0.000785204924203,0.0085500554545461,0.805166040089728,0.7678339599102719,0.0373320801794561,0.77
2019-01-22,MTNGH,0.8,0.77,0.78,0.78,0.77,0.77,-0.01,21300.0,16401.0,0.7856666666666666,2019,1,January,1,1,0.78,0.78,0.79,0.79,0.78,0.79,0.0,25000.0,0.0,19450.0,0.7828571428571429,0.7871428571428571,0.0075592894601904,0.77,0.79,-0.0128205128205128,-0.0129034048359079,-2.531645569620255,-0.02,25.00000000000001,0.7835292933404376,0.7902003380595299,-0.0066710447190923,-0.00662413308111,-4.69116379822488e-05,0.0089763418297004,0.805166040089728,0.7678339599102719,0.0373320801794561,0.76
2019-01-23,MTNGH,0.8,0.76,0.77,0.77,0.76,0.76,-0.01,53500.0,40758.0,0.7843333333333333,2019,1,January,1,2,0.77,0.78,0.79,0.79,0.78,0.78,21300.0,20700.0,16401.0,16187.0,0.7785714285714286,0.7842857142857144,0.0106904496765011,0.76,0.79,-0.0129870129870129,-0.0130720815673527,-3.797468354430383,-0.03,0.0,0.7799094020572933,0.7879632759810462,-0.0080538739237528,-0.0069100812496386,-0.0011437926741142,0.0097143098618432,0.806925934551218,0.7650740654487821,0.0418518691024358,0.76
2019-01-24,MTNGH,0.8,0.76,0.76,0.76,0.75,0.76,0.0,75500.0,57250.0,0.7836666666666667,2019,1,January,1,3,0.76,0.78,0.78,0.79,0.77,0.78,53500.0,0.0,40758.0,0.0,0.7742857142857142,0.7821428571428571,0.0113389341902806,0.76,0.79,0.0,0.0,-3.797468354430383,-0.03,0.0,0.776846417125402,0.7858919222046724,-0.0090455050792703,-0.0073371660155649,-0.0017083390637054,0.0106619961038958,0.8084186203313919,0.7625813796686083,0.0458372406627836,0.76
2019-01-25,MTNGH,0.8,0.76,0.76,0.76,0.75,0.76,0.0,17000.0,12850.0,0.7826666666666667,2019,1,January,1,4,0.76,0.77,0.78,0.79,0.76,0.78,75500.0,21300.0,57250.0,16401.0,0.7700000000000001,0.78,0.0100000000000042,0.76,0.78,0.0,0.0,-3.797468354430383,-0.03,0.0,0.7742546606445709,0.7839740020413634,-0.0097193413967924,-0.0078136010918104,-0.0019057403049819,0.011426929274465,0.8100260444912283,0.7589739555087717,0.0510520889824566,0.75
2019-01-28,MTNGH,0.8,0.75,0.76,0.76,0.75,0.75,-0.01,15400.0,11595.0,0.7813333333333333,2019,1,January,1,0,0.76,0.76,0.78,0.78,0.76,0.77,17000.0,53500.0,12850.0,40758.0,0.7657142857142858,0.777142857142857,0.0113389341902805,0.75,0.78,-0.0131578947368421,-0.0132452267500206,-3.84615384615385,-0.03,0.0,0.77052317439156,0.7814574092975587,-0.0109342349059986,-0.0084377278546481,-0.0024965070513505,0.0127936765989877,0.8107273938583797,0.7532726061416204,0.0574547877167592,0.75
2019-01-29,MTNGH,0.8,0.75,0.75,0.75,0.75,0.75,0.0,32300.0,24238.0,0.78,2019,1,January,1,1,0.75,0.76,0.77,0.78,0.76,0.76,15400.0,75500.0,11595.0,57250.0,0.7614285714285715,0.7742857142857142,0.0106904496765008,0.75,0.78,0.0,0.0,-3.84615384615385,-0.03,0.0,0.7673657629467047,0.7791272308310729,-0.0117614678843682,-0.0091024758605921,-0.0026589920237761,0.013896166675591,0.8102622461708082,0.7487377538291917,0.0615244923416165,0.75
2019-01-30,MTNGH,0.8,0.75,0.75,0.75,0.75,0.75,0.0,25200.0,18900.0,0.779,2019,1,January,1,2,0.75,0.76,0.76,0.78,0.75,0.76,32300.0,17000.0,24238.0,12850.0,0.7571428571428572,0.7714285714285714,0.0075592894601899,0.75,0.77,0.0,0.0,-3.84615384615385,-0.03,0.0,0.7646941071087501,0.7769696581769194,-0.0122755510681693,-0.0097370909021075,-0.0025384601660617,0.0149366478259282,0.8105071762532066,0.7444928237467936,0.0660143525064129,0.75
2019-01-31,MTNGH,0.8,0.75,0.75,0.75,0.75,0.75,0.0,15000.0,11250.0,0.7780000000000001,2019,1,January,1,3,0.75,0.75,0.76,0.77,0.75,0.76,25200.0,15400.0,18900.0,11595.0,0.7542857142857143,0.7685714285714286,0.005345224838256,0.75,0.76,0.0,0.0,-2.5974025974026,-0.02,0.0,0.7624334752458655,0.7749719057193699,-0.0125384304735044,-0.0102973588163869,-0.0022410716571174,0.0158440677465909,0.808403435058148,0.741596564941852,0.066806870116296,0.75
2019-02-01,MTNGH,0.8,0.75,0.75,0.75,0.75,0.75,0.0,75100.0,56325.0,0.777,2019,2,February,1,4,0.75,0.75,0.76,0.76,0.75,0.75,15000.0,32300.0,11250.0,24238.0,0.7528571428571429,0.7657142857142857,0.0048795003647509,0.75,0.76,0.0,0.0,-1.3157894736842115,-0.01,0.0,0.7605206329003478,0.7731221349253425,-0.0126015020249947,-0.0107581874581085,-0.0018433145668862,0.0166402088846287,0.8073970622980586,0.7386029377019412,0.0687941245961174,0.75
2019-02-04,MTNGH,0.8,0.75,0.75,0.75,0.75,0.75,0.0,21400.0,16050.0,0.776,2019,2,February,1,0,0.75,0.75,0.75,0.76,0.75,0.75,75100.0,25200.0,56325.0,18900.0,0.7514285714285714,0.7628571428571428,0.0037796447301028,0.75,0.76,0.0,0.0,-1.3157894736842115,-0.01,0.0,0.758902073992602,0.771409384190132,-0.01250731019753,-0.0111080120059928,-0.0013992981915372,0.0173404052770502,0.8058832639708907,0.7361167360291093,0.0697665279417814,0.74
2019-02-05,MTNGH,0.8,0.74,0.75,0.75,0.74,0.74,-0.01,87700.0,64898.0,0.775,2019,2,February,1,1,0.75,0.75,0.75,0.76,0.75,0.75,21400.0,15000.0,16050.0,11250.0,0.7485714285714286,0.7592857142857142,0.0037796447301028,0.74,0.75,-0.0133333333333333,-0.0134230203321406,-2.6315789473684235,-0.02,0.0,0.7559940626091247,0.7690827631390111,-0.0130887005298864,-0.0115041497107715,-0.0015845508191148,0.0185230518078366,0.8047883191297533,0.7322116808702466,0.0725766382595067,0.74
2019-02-06,MTNGH,0.8,0.74,0.74,0.74,0.74,0.74,0.0,12800.0,9491.0,0.7740000000000001,2019,2,February,1,2,0.74,0.75,0.75,0.75,0.75,0.75,87700.0,75100.0,64898.0,56325.0,0.7471428571428571,0.7564285714285715,0.0048795003647507,0.74,0.75,0.0,0.0,-1.3333333333333344,-0.01,0.0,0.7535334375923363,0.7669284843879732,-0.0133950467956369,-0.0118823291277446,-0.0015127176678923,0.0195818353547875,0.802935220675061,0.7290647793249391,0.0738704413501218,0.75
2019-02-07,MTNGH,0.8,0.74,0.74,0.74,0.74,0.75,0.01,3200.0,2396.0,0.7733333333333334,2019,2,February,1,3,0.74,0.75,0.75,0.75,0.74,0.75,12800.0,21400.0,9491.0,16050.0,0.7471428571428571,0.7542857142857143,0.0048795003647507,0.74,0.75,0.0135135135135135,0.0134230203321407,0.0,0.0,20.0,0.7529898318088999,0.7656745225814567,-0.0126846907725568,-0.012042801456707,-0.0006418893158497,0.0200573889271422,0.7997770876399918,0.7282229123600082,0.0715541752799835,0.74
2019-02-08,MTNGH,0.8,0.74,0.75,0.75,0.74,0.74,-0.01,5600.0,4144.0,0.772,2019,2,February,1,4,0.75,0.74,0.75,0.75,0.74,0.75,3200.0,87700.0,2396.0,64898.0,0.7457142857142857,0.7514285714285714,0.0053452248382558,0.74,0.75,-0.0133333333333333,-0.0134230203321406,-1.3333333333333344,-0.01,16.666666666666657,0.7509913961459922,0.7637727060939413,-0.0127813099479491,-0.0121905031549554,-0.0005908067929936,0.0209103175325072,0.7966088532844212,0.7263911467155789,0.0702177065688423,0.74
2019-02-11,MTNGH,0.8,0.74,0.74,0.74,0.74,0.74,0.0,17800.0,13172.0,0.7699999999999999,2019,2,February,1,0,0.74,0.74,0.75,0.75,0.75,0.74,5600.0,12800.0,4144.0,9491.0,0.7442857142857143,0.7492857142857143,0.0053452248382557,0.74,0.75,0.0,0.0,-1.3333333333333344,-0.01,20.0,0.7493004121235318,0.7620117649017975,-0.0127113527782656,-0.0122946730796175,-0.0004166796986481,0.021009029257554,0.7926545922415797,0.7253454077584203,0.0673091844831594,0.74
2019-02-12,MTNGH,0.8,0.74,0.74,0.74,0.74,0.74,0.0,0.0,0.0,0.768,2019,2,February,1,1,0.74,0.75,0.74,0.75,0.74,0.74,17800.0,3200.0,13172.0,2396.0,0.7428571428571428,0.7478571428571429,0.0048795003647506,0.74,0.75,0.0,0.0,-1.3333333333333344,-0.01,25.00000000000001,0.7478695794891422,0.7603812637979606,-0.0125116843088183,-0.0123380753254576,-0.0001736089833606,0.0209103175325071,0.787804951684991,0.7251950483150091,0.0626099033699818,0.74
2019-02-13,MTNGH,0.8,0.74,0.74,0.74,0.74,0.74,0.0,57000.0,42180.0,0.7663333333333333,2019,2,February,1,2,0.74,0.74,0.74,0.75,0.74,0.75,0.0,5600.0,0.0,4144.0,0.7414285714285713,0.7464285714285716,0.0037796447301025,0.74,0.75,0.0,0.0,-1.3333333333333344,-0.01,25.00000000000001,0.7466588749523511,0.7588715405536671,-0.012212665601316,-0.0123129933806293,0.0001003277793132,0.0210882110117973,0.7818340949575313,0.7261659050424687,0.0556681899150626,0.74
2019-02-14,MTNGH,0.8,0.74,0.74,0.74,0.74,0.74,0.0,11200.0,8288.0,0.7643333333333333,2019,2,February,1,3,0.74,0.74,0.75,0.74,0.74,0.74,57000.0,17800.0,42180.0,13172.0,0.7414285714285713,0.745,0.0037796447301025,0.74,0.75,0.0,0.0,0.0,0.0,25.00000000000001,0.7456344326519894,0.7574736486608028,-0.0118392160088134,-0.0122182379062661,0.0003790218974527,0.0206252830004948,0.7776289310206796,0.7263710689793204,0.0512578620413592,0.74
2019-02-15,MTNGH,0.8,0.74,0.74,0.74,0.74,0.74,0.0,10000.0,7400.0,0.7626666666666666,2019,2,February,1,4,0.74,0.74,0.74,0.74,0.74,0.74,11200.0,0.0,8288.0,0.0,0.7414285714285714,0.7442857142857143,0.0037796447301025,0.74,0.75,0.0,0.0,0.0,0.0,33.33333333333333,0.7447675968593755,0.7561793043155581,-0.0114117074561825,-0.0120569318162494,0.0006452243600668,0.020499509385773,0.7724780594779515,0.7275219405220485,0.0449561189559029,0.74
2019-02-18,MTNGH,0.8,0.74,0.74,0.74,0.74,0.74,0.0,700.0,518.0,0.761,2019,2,February,1,0,0.74,0.74,0.74,0.75,0.74,0.74,10000.0,57000.0,7400.0,42180.0,0.74,0.7435714285714285,0.0,0.74,0.74,0.0,0.0,-1.3333333333333344,-0.01,33.33333333333333,0.7440341204194716,0.7549808373292204,-0.0109467169097488,-0.0118348888349493,0.0008881719252005,0.0202314197432486,0.7658885438199865,0.7301114561800135,0.035777087639973,0.73
2019-02-19,MTNGH,0.8,0.73,0.74,0.74,0.73,0.73,-0.01,42900.0,31317.0,0.7590000000000001,2019,2,February,1,1,0.74,0.74,0.74,0.74,0.74,0.74,700.0,11200.0,518.0,8288.0,0.7385714285714285,0.7421428571428572,0.0037796447301024,0.73,0.74,-0.0135135135135134,-0.0136056520557785,-1.3513513513513526,-0.01,25.00000000000001,0.7418750249703221,0.7531304049344633,-0.0112553799641411,-0.0117189870607876,0.0004636070966465,0.0202314197432485,0.7624156536333493,0.7295843463666507,0.0328313072666985,0.74
2019-02-20,MTNGH,0.8,0.73,0.73,0.73,0.74,0.74,0.01,114700.0,84878.0,0.7573333333333333,2019,2,February,1,2,0.73,0.74,0.74,0.74,0.74,0.74,42900.0,10000.0,31317.0,7400.0,0.7385714285714285,0.7414285714285714,0.0037796447301024,0.73,0.74,0.0136986301369863,0.0136056520557786,0.0,0.0,40.0,0.7415865595902725,0.7521577823467251,-0.0105712227564526,-0.0114894341999206,0.000918211443468,0.019640446187312,0.7602177182050393,0.7297822817949607,0.0304354364100785,0.74
2019-02-21,MTNGH,0.8,0.73,0.74,0.74,0.74,0.74,0.0,100.0,74.0,0.7556666666666666,2019,2,February,1,3,0.74,0.74,0.74,0.74,0.73,0.74,114700.0,700.0,84878.0,518.0,0.7385714285714285,0.7407142857142858,0.0037796447301024,0.73,0.74,0.0,0.0,0.0,0.0,40.0,0.7413424734994614,0.7512572058765973,-0.0099147323771359,-0.0111744938353637,0.0012597614582278,0.0188795334054926,0.7576111409475581,0.7303888590524419,0.0272222818951162,0.73
2019-02-22,MTNGH,0.8,0.73,0.74,0.74,0.73,0.73,-0.01,295500.0,215715.0,0.7536666666666666,2019,2,February,1,4,0.74,0.73,0.74,0.74,0.74,0.74,100.0,42900.0,74.0,31317.0,0.7371428571428572,0.7392857142857144,0.0048795003647504,0.73,0.74,-0.0135135135135134,-0.0136056520557785,-1.3513513513513526,-0.01,33.33333333333333,0.7395974775764673,0.7496825980338864,-0.010085120457419,-0.0109566191597747,0.0008714987023557,0.0182857271141147,0.7552733274731526,0.7297266725268475,0.025546654946305,0.73
2019-02-25,MTNGH,0.8,0.73,0.73,0.73,0.73,0.73,0.0,52200.0,38106.0,0.7516666666666667,2019,2,February,1,0,0.73,0.74,0.74,0.74,0.74,0.73,295500.0,114700.0,215715.0,84878.0,0.7357142857142858,0.7385714285714285,0.0053452248382555,0.73,0.74,0.0,0.0,-1.3513513513513526,-0.01,40.0,0.7381209425647032,0.748224627809154,-0.0101036852444508,-0.0107860323767099,0.0006823471322591,0.0174362550023123,0.7549164078649818,0.7280835921350183,0.0268328157299635,0.73
2019-02-26,MTNGH,0.8,0.73,0.73,0.73,0.74,0.73,0.0,24100.0,17597.0,0.7496666666666666,2019,2,February,1,1,0.73,0.74,0.73,0.74,0.73,0.74,52200.0,100.0,38106.0,74.0,0.7342857142857142,0.7378571428571429,0.0053452248382555,0.73,0.74,0.0,0.0,-1.3513513513513526,-0.01,40.0,0.7368715667855181,0.7468746553788462,-0.0100030885933281,-0.0106294436200336,0.0006263550267055,0.0162911724209919,0.7542266548230485,0.7267733451769516,0.0274533096460969,0.73
2019-02-27,MTNGH,0.8,0.73,0.73,0.73,0.73,0.73,0.0,23800.0,17374.0,0.7476666666666667,2019,2,February,1,2,0.73,0.73,0.74,0.74,0.73,0.74,24100.0,295500.0,17597.0,215715.0,0.732857142857143,0.7364285714285714,0.0048795003647503,0.73,0.74,0.0,0.0,-1.3513513513513526,-0.01,25.00000000000001,0.7358144026646692,0.745624680906339,-0.0098102782416698,-0.0104656105443608,0.000655332302691,0.0147819398972647,0.7532266548230483,0.7257733451769518,0.0274533096460964,0.73
2019-02-28,MTNGH,0.8,0.73,0.73,0.73,0.73,0.73,0.0,2100.0,1533.0,0.746,2019,2,February,1,3,0.73,0.73,0.74,0.73,0.73,0.73,23800.0,52200.0,17374.0,38106.0,0.7328571428571429,0.7357142857142858,0.0048795003647503,0.73,0.74,0.0,0.0,0.0,0.0,33.33333333333333,0.7349198791777971,0.7444672971354991,-0.0095474179577019,-0.010281972027029,0.0007345540693271,0.0137965512932078,0.7519164078649812,0.7250835921350187,0.0268328157299624,0.74
2019-03-01,MTNGH,0.8,0.73,0.73,0.73,0.74,0.74,0.01,1600.0,1184.0,0.7446666666666667,2019,3,March,1,4,0.73,0.73,0.73,0.74,0.73,0.73,2100.0,24100.0,1533.0,17597.0,0.7328571428571429,0.7357142857142857,0.0048795003647503,0.73,0.74,0.0136986301369863,0.0136056520557786,0.0,0.0,50.0,0.7357014362273667,0.7441363862365732,-0.0084349500092064,-0.0099125676234645,0.001477617614258,0.0122427553055336,0.7503117402250026,0.7256882597749974,0.0246234804500051,0.73
2019-03-04,MTNGH,0.8,0.73,0.74,0.74,0.73,0.73,-0.01,11200.0,8176.0,0.743,2019,3,March,1,0,0.74,0.73,0.73,0.74,0.73,0.73,1600.0,23800.0,1184.0,17374.0,0.7314285714285714,0.735,0.0037796447301021,0.73,0.74,-0.0135135135135134,-0.0136056520557785,-1.3513513513513526,-0.01,40.0,0.7348242921923872,0.7430892465153456,-0.0082649543229583,-0.0095830449633633,0.0013180906404049,0.010553639672868,0.7484248114115286,0.7255751885884714,0.0228496228230572,0.72
2019-03-05,MTNGH,0.8,0.72,0.73,0.73,0.72,0.72,-0.01,4527000.0,3259499.0,0.7413333333333333,2019,3,March,1,1,0.73,0.73,0.73,0.73,0.74,0.73,11200.0,2100.0,8176.0,1533.0,0.7299999999999999,0.7335714285714285,0.0057735026919026,0.72,0.74,-0.0136986301369863,-0.0137933221323358,-1.3698630136986314,-0.01,33.33333333333333,0.7325436318550969,0.7413789319586533,-0.0088353001035564,-0.0094334959914019,0.0005981958878454,0.0100801386598698,0.7496111409475567,0.7223888590524433,0.0272222818951133,0.72
2019-03-07,MTNGH,0.8,0.72,0.72,0.72,0.72,0.72,0.0,500.0,360.0,0.74,2019,3,March,1,3,0.72,0.74,0.73,0.73,0.73,0.73,4527000.0,1600.0,3259499.0,1184.0,0.7285714285714285,0.7321428571428571,0.0069006555934288,0.72,0.74,0.0,0.0,-1.3698630136986314,-0.01,33.33333333333333,0.730613842338928,0.7397953073691235,-0.0091814650301954,-0.0093830897991606,0.0002016247689651,0.0101709525543073,0.7502177182050376,0.7197822817949624,0.0304354364100751,0.72
2019-03-08,MTNGH,0.8,0.72,0.72,0.72,0.72,0.72,0.0,120600.0,86832.0,0.7386666666666667,2019,3,March,1,4,0.72,0.73,0.73,0.73,0.72,0.74,500.0,11200.0,360.0,8176.0,0.7271428571428571,0.7307142857142858,0.0075592894601893,0.72,0.74,0.0,0.0,-1.3698630136986314,-0.01,33.33333333333333,0.7289809435175544,0.7383289883047439,-0.0093480447871895,-0.0093760807967664,2.8036009576896948e-05,0.0100801386598696,0.7484031964073953,0.7185968035926048,0.0298063928147904,0.72
2019-03-11,MTNGH,0.8,0.72,0.72,0.72,0.72,0.72,0.0,1100.0,792.0,0.7373333333333333,2019,3,March,1,0,0.72,0.72,0.74,0.73,0.72,0.73,120600.0,4527000.0,86832.0,3259499.0,0.7257142857142856,0.7292857142857143,0.007867957924699,0.72,0.74,0.0,0.0,-1.3698630136986314,-0.01,33.33333333333333,0.727599259899469,0.7369712854673555,-0.0093720255678864,-0.0093752697509904,3.2441831040175284e-06,0.009802650357066,0.7482279503131251,0.716772049686875,0.03145590062625,0.71
2019-03-12,MTNGH,0.8,0.71,0.72,0.72,0.71,0.71,-0.01,23000.0,16330.0,0.736,2019,3,March,1,1,0.72,0.72,0.73,0.73,0.72,0.72,1100.0,500.0,792.0,360.0,0.7228571428571428,0.7278571428571429,0.0095118973121171,0.71,0.74,-0.0138888888888889,-0.0139862419747399,-2.739726027397263,-0.02,33.33333333333333,0.7248916814533969,0.7349734124697737,-0.0100817310163767,-0.0095165620040676,-0.000565169012309,0.0106996616124336,0.7492381901225658,0.7127618098774342,0.0364763802451315,0.71
2019-03-13,MTNGH,0.8,0.71,0.71,0.71,0.71,0.71,0.0,22500.0,15898.0,0.7346666666666667,2019,3,March,1,2,0.71,0.72,0.72,0.74,0.72,0.72,23000.0,120600.0,16330.0,86832.0,0.7185714285714285,0.7257142857142858,0.0069006555934285,0.71,0.73,0.0,0.0,-4.054054054054058,-0.03,20.0,0.7226006535374897,0.7331235300646053,-0.0105228765271155,-0.0097178249086772,-0.0008050516184383,0.0113664155431141,0.7494736668746761,0.709526333125324,0.0399473337493521,0.71
2019-03-14,MTNGH,0.8,0.71,0.71,0.71,0.71,0.71,0.0,2000.0,1420.0,0.7333333333333333,2019,3,March,1,3,0.71,0.72,0.72,0.73,0.71,0.72,22500.0,1100.0,15898.0,792.0,0.7157142857142856,0.7235714285714285,0.0053452248382548,0.71,0.72,0.0,0.0,-2.739726027397263,-0.02,20.0,0.720662091454799,0.7314106759857457,-0.0107485845309467,-0.0099239768331311,-0.0008246076978155,0.0118418699983307,0.7491261872914436,0.7068738127085563,0.0422523745828873,0.7
2019-03-15,MTNGH,0.8,0.7,0.71,0.71,0.7,0.7,-0.01,13000.0,9130.0,0.7316666666666667,2019,3,March,1,4,0.71,0.71,0.72,0.72,0.71,0.72,2000.0,23000.0,1420.0,16330.0,0.7128571428571427,0.7214285714285713,0.0075592894601889,0.7,0.72,-0.0140845070422535,-0.0141846349919564,-2.7777777777777803,-0.02,20.0,0.7174833081540606,0.7290839592460608,-0.0116006510920002,-0.0102593116849049,-0.0013413394070952,0.0128876667408371,0.749753116139051,0.7022468838609489,0.0475062322781021,0.7
2019-03-18,MTNGH,0.8,0.7,0.7,0.7,0.7,0.7,0.0,23800.0,16660.0,0.73,2019,3,March,1,0,0.7,0.71,0.72,0.72,0.71,0.71,13000.0,22500.0,9130.0,15898.0,0.71,0.7192857142857143,0.0081649658092811,0.7,0.72,0.0,0.0,-2.7777777777777803,-0.02,20.0,0.7147935684380513,0.7269295918945008,-0.0121360234564494,-0.0106346540392138,-0.0015013694172355,0.0136457647844162,0.7494641130344457,0.6985358869655542,0.0509282260688914,0.71
2019-03-19,MTNGH,0.8,0.7,0.7,0.7,0.71,0.71,0.01,9700.0,6887.0,0.7286666666666667,2019,3,March,1,1,0.7,0.71,0.71,0.72,0.7,0.71,23800.0,2000.0,16660.0,1420.0,0.7085714285714285,0.7178571428571427,0.006900655593428,0.7,0.72,0.0142857142857142,0.0141846349919563,-1.3888888888888902,-0.01,33.33333333333333,0.7140560963706588,0.7256755480504637,-0.0116194516798049,-0.010831613567332,-0.0007878381124728,0.0135782110784831,0.7475263019536071,0.6974736980463927,0.0500526039072144,0.7
2019-03-20,MTNGH,0.8,0.7,0.71,0.71,0.7,0.7,-0.01,278600.0,196159.0,0.7273333333333334,2019,3,March,1,2,0.71,0.7,0.71,0.72,0.7,0.71,9700.0,13000.0,6887.0,9130.0,0.7057142857142856,0.7157142857142856,0.0053452248382541,0.7,0.71,-0.0140845070422535,-0.0141846349919564,-2.7777777777777803,-0.02,28.57142857142857,0.711893620005942,0.7237736556022812,-0.0118800355963392,-0.0110412979731335,-0.0008387376232056,0.0143679080456788,0.7476754371542034,0.6943245628457966,0.0533508743084067,0.7
2019-03-21,MTNGH,0.8,0.7,0.7,0.7,0.72,0.7,0.0,16200.0,11344.0,0.7259999999999999,2019,3,March,1,3,0.7,0.7,0.71,0.71,0.71,0.7,278600.0,23800.0,196159.0,16660.0,0.7042857142857143,0.7135714285714284,0.005345224838254,0.7,0.71,0.0,0.0,-1.4084507042253531,-0.01,28.57142857142857,0.7100638323127202,0.7220126440761863,-0.011948811763466,-0.0112228007312,-0.000726011032266,0.0149942517721553,0.745675437154203,0.6923245628457969,0.0533508743084061,0.7
2019-03-22,MTNGH,0.8,0.7,0.7,0.7,0.72,0.7,0.0,2800.0,1960.0,0.7243333333333333,2019,3,March,1,4,0.7,0.71,0.7,0.71,0.7,0.7,16200.0,9700.0,11344.0,6887.0,0.7028571428571428,0.7107142857142856,0.0048795003647485,0.7,0.71,0.0,0.0,-1.4084507042253531,-0.01,16.666666666666657,0.7085155504184555,0.7203820778483205,-0.011866527429865,-0.011351546070933,-0.000514981358932,0.015013403972799,0.7430364117504987,0.6909635882495012,0.0520728235009975,0.7
2019-03-25,MTNGH,0.8,0.7,0.7,0.7,0.72,0.7,0.0,66600.0,46620.0,0.723,2019,3,March,1,0,0.7,0.7,0.7,0.71,0.7,0.71,2800.0,278600.0,1960.0,196159.0,0.7014285714285714,0.7085714285714285,0.0037796447300997,0.7,0.71,0.0,0.0,-1.4084507042253531,-0.01,20.0,0.707205465738693,0.7188722943040005,-0.0116668285653074,-0.0114146025698079,-0.0002522259954995,0.015346570997431,0.7418378854604105,0.6891621145395893,0.0526757709208212,0.7
2019-03-26,MTNGH,0.8,0.7,0.7,0.7,0.72,0.7,0.0,75700.0,52998.0,0.7216666666666668,2019,3,March,1,1,0.7,0.7,0.71,0.7,0.7,0.7,66600.0,16200.0,46620.0,11344.0,0.7014285714285714,0.7071428571428571,0.0037796447300997,0.7,0.71,0.0,0.0,0.0,0.0,25.00000000000001,0.7060969325481248,0.7174743465777782,-0.0113774140296534,-0.011407164861777,2.9750832123595986e-05,0.0155548713587861,0.7402778674132597,0.6877221325867402,0.0525557348265195,0.7
2019-03-27,MTNGH,0.8,0.7,0.7,0.7,0.72,0.7,0.0,59700.0,41790.0,0.7203333333333333,2019,3,March,1,2,0.7,0.7,0.7,0.7,0.7,0.7,75700.0,2800.0,52998.0,1960.0,0.7014285714285713,0.7057142857142857,0.0037796447300997,0.7,0.71,0.0,0.0,0.0,0.0,25.00000000000001,0.7051589429253364,0.7161799505349797,-0.0110210076096433,-0.0113299334113502,0.0003089258017069,0.015643293888374,0.7383538401911777,0.6866461598088224,0.0517076803823552,0.68
2019-03-28,MTNGH,0.8,0.68,0.7,0.7,0.68,0.68,-0.02,19000.0,12934.0,0.7183333333333334,2019,3,March,1,3,0.7,0.7,0.7,0.71,0.7,0.7,59700.0,66600.0,41790.0,46620.0,0.6971428571428572,0.7028571428571428,0.0075592894601879,0.68,0.7,-0.0285714285714284,-0.0289875368732521,-4.2253521126760445,-0.0299999999999999,16.6666666666667,0.7012883363214386,0.7134999541990553,-0.0122116178776167,-0.0115062703046035,-0.0007053475730131,0.0168325082305997,0.7382842712474504,0.6817157287525495,0.0565685424949009,0.7
2019-03-29,MTNGH,0.8,0.68,0.68,0.68,0.7,0.7,0.02,31400.0,22008.0,0.717,2019,3,March,1,4,0.68,0.7,0.7,0.7,0.7,0.7,19000.0,75700.0,12934.0,52998.0,0.697142857142857,0.7014285714285713,0.0075592894601879,0.68,0.7,0.0294117647058822,0.0289875368732521,0.0,0.0,37.49999999999997,0.7010901307335249,0.7124999575917178,-0.0114098268581929,-0.0114869816153214,7.715475712851728e-05,0.0166402088846267,0.7354697686503233,0.6815302313496765,0.0539395373006468,0.7
2019-04-01,MTNGH,0.8,0.68,0.7,0.7,0.7,0.7,0.0,3100.0,2170.0,0.7156666666666667,2019,4,April,2,0,0.7,0.7,0.7,0.7,0.68,0.7,31400.0,59700.0,22008.0,41790.0,0.6971428571428572,0.7007142857142857,0.0075592894601879,0.68,0.7,0.0,0.0,0.0,0.0,42.85714285714283,0.7009224183129825,0.7115740348071461,-0.0106516164941635,-0.0113199085910898,0.0006682920969262,0.0163334506212029,0.7292341616353557,0.6837658383646443,0.0454683232707113,0.7
2019-04-02,MTNGH,0.8,0.68,0.7,0.7,0.7,0.7,0.0,8400.0,5880.0,0.7143333333333332,2019,4,April,2,1,0.7,0.68,0.7,0.7,0.7,0.7,3100.0,19000.0,2170.0,12934.0,0.6971428571428572,0.7,0.0075592894601879,0.68,0.7,0.0,0.0,0.0,0.0,42.85714285714283,0.7007805078032929,0.7107166988955056,-0.0099361910922126,-0.0110431650913144,0.0011069739991017,0.0159056123977355,0.7249999999999827,0.6850000000000173,0.0399999999999654,0.7
2019-04-03,MTNGH,0.8,0.68,0.7,0.7,0.7,0.7,0.0,47700.0,33390.0,0.7133333333333333,2019,4,April,2,2,0.7,0.7,0.7,0.7,0.7,0.68,8400.0,31400.0,5880.0,22008.0,0.6971428571428572,0.6992857142857142,0.0075592894601879,0.68,0.7,0.0,0.0,0.0,0.0,42.85714285714283,0.7006604296797094,0.7099228693476903,-0.0092624396679809,-0.0106870200066477,0.0014245803386668,0.0158295518775342,0.7228064938392464,0.6851935061607535,0.0376129876784929,0.7
2019-04-04,MTNGH,0.8,0.68,0.7,0.7,0.7,0.7,0.0,501100.0,350770.0,0.712,2019,4,April,2,3,0.7,0.7,0.68,0.7,0.7,0.7,47700.0,3100.0,33390.0,2170.0,0.697142857142857,0.6992857142857144,0.0075592894601879,0.68,0.7,0.0,0.0,0.0,0.0,50.0,0.7005588251136003,0.7091878419886021,-0.0086290168750017,-0.0102754193803185,0.0016464025053167,0.0151771152590363,0.720290094517392,0.6857099054826081,0.0345801890347838,0.7
2019-04-05,MTNGH,0.8,0.68,0.7,0.7,0.7,0.7,0.0,25900.0,18130.0,0.7106666666666667,2019,4,April,2,4,0.7,0.7,0.7,0.7,0.7,0.7,501100.0,8400.0,350770.0,5880.0,0.6971428571428572,0.6992857142857142,0.0075592894601879,0.68,0.7,0.0,0.0,0.0,0.0,50.0,0.7004728520192003,0.7085072611005574,-0.0080344090813571,-0.0098272173205262,0.0017928082391691,0.0143679080456781,0.717355437918975,0.6866445620810249,0.0307108758379501,0.7
2019-04-08,MTNGH,0.8,0.68,0.7,0.7,0.7,0.7,0.0,7000.0,4900.0,0.7096666666666667,2019,4,April,2,0,0.7,0.7,0.7,0.68,0.7,0.7,25900.0,47700.0,18130.0,33390.0,0.7,0.6985714285714285,0.0,0.7,0.7,0.0,0.0,2.9411764705882213,0.0199999999999999,39.99999999999996,0.700400105554708,0.7078770936116272,-0.0074769880569192,-0.0093571714678048,0.0018801834108856,0.014015590662154,0.7138144655103155,0.6881855344896842,0.0256289310206312,0.7
2019-04-09,MTNGH,0.8,0.68,0.7,0.7,0.7,0.7,0.0,14035100.0,9824590.0,0.7086666666666666,2019,4,April,2,1,0.7,0.7,0.7,0.7,0.7,0.7,7000.0,501100.0,4900.0,350770.0,0.7,0.6985714285714285,0.0,0.7,0.7,0.0,0.0,0.0,0.0,50.0,0.7003385508539837,0.7072936051959511,-0.0069550543419674,-0.0088767480426373,0.0019216937006699,0.0135782110784822,0.712596106376556,0.688403893623444,0.024192212753112,0.7
2019-04-10,MTNGH,0.8,0.68,0.7,0.7,0.69,0.7,0.0,566000.0,396136.0,0.7076666666666667,2019,4,April,2,2,0.7,0.7,0.7,0.7,0.7,0.7,14035100.0,25900.0,9824590.0,18130.0,0.7,0.6985714285714285,0.0,0.7,0.7,0.0,0.0,0.0,0.0,50.0,0.700286466107217,0.7067533381443991,-0.0064668720371821,-0.0083947728415463,0.0019279008043641,0.0130472175216532,0.7112390297389478,0.6887609702610521,0.0224780594778957,0.7
2019-04-11,MTNGH,0.8,0.68,0.7,0.7,0.7,0.7,0.0,18200.0,12699.0,0.7066666666666667,2019,4,April,2,3,0.7,0.7,0.7,0.7,0.7,0.7,566000.0,7000.0,396136.0,4900.0,0.7,0.6985714285714285,0.0,0.7,0.7,0.0,0.0,0.0,0.0,50.0,0.7002423943984144,0.7062530908744435,-0.0060106964760291,-0.0079179575684428,0.0019072610924137,0.0124105998447137,0.709708355710645,0.6892916442893551,0.0204167114212898,0.7
2019-04-12,MTNGH,0.8,0.68,0.7,0.7,0.7,0.7,0.0,4400.0,3080.0,0.7056666666666666,2019,4,April,2,4,0.7,0.7,0.7,0.7,0.7,0.7,18200.0,14035100.0,12699.0,9824590.0,0.7,0.6985714285714285,0.0,0.7,0.7,0.0,0.0,0.0,0.0,50.0,0.7002051029525045,0.7057898989578181,-0.0055847960053135,-0.007451325255817,0.0018665292505034,0.0116510568806714,0.7097083557106448,0.689291644289355,0.0204167114212898,0.69
2019-04-15,MTNGH,0.8,0.68,0.7,0.7,0.7,0.69,-0.01,23800.0,16503.0,0.7040000000000001,2019,4,April,2,0,0.7,0.7,0.7,0.7,0.7,0.7,4400.0,566000.0,3080.0,396136.0,0.6985714285714285,0.6978571428571428,0.0037796447300993,0.69,0.7,-0.0142857142857143,-0.0143887374520996,-1.42857142857143,-0.01,39.99999999999996,0.6986350871136576,0.7046202768127945,-0.0059851896991368,-0.0071580981444809,0.0011729084453441,0.0100344235097126,0.7100501250290283,0.6879498749709716,0.0221002500580567,0.69
2019-04-16,MTNGH,0.8,0.68,0.69,0.69,0.68,0.69,0.0,212000.0,146019.0,0.7026666666666667,2019,4,April,2,1,0.69,0.7,0.7,0.7,0.7,0.7,23800.0,18200.0,16503.0,12699.0,0.6971428571428572,0.697142857142857,0.004879500364748,0.69,0.7,0.0,0.0,-1.42857142857143,-0.01,39.99999999999996,0.6973066121730949,0.7035372933451801,-0.0062306811720852,-0.0069726147500018,0.0007419335779165,0.0090718713931895,0.7084629672755762,0.6875370327244237,0.0209259345511525,0.7
2019-04-17,MTNGH,0.8,0.68,0.69,0.69,0.7,0.7,0.01,726700.0,508205.0,0.702,2019,4,April,2,2,0.69,0.7,0.7,0.7,0.69,0.7,212000.0,4400.0,146019.0,3080.0,0.6971428571428572,0.6985714285714285,0.004879500364748,0.69,0.7,0.0144927536231884,0.0143887374520996,0.0,0.0,74.99999999999993,0.6977209795310804,0.7032752716159075,-0.0055542920848271,-0.0066889502169669,0.0011346581321397,0.0084690104457895,0.7084629672755762,0.6875370327244237,0.0209259345511525,0.7
2019-04-18,MTNGH,0.8,0.68,0.7,0.7,0.7,0.7,0.0,700.0,490.0,0.7013333333333333,2019,4,April,2,3,0.7,0.69,0.7,0.7,0.69,0.7,726700.0,23800.0,508205.0,16503.0,0.697142857142857,0.6985714285714285,0.004879500364748,0.69,0.7,0.0,0.0,0.0,0.0,50.0,0.6980715980647603,0.7030326589036181,-0.0049610608388578,-0.006343372341345,0.0013823115024872,0.0077607915226043,0.7084629672755762,0.6875370327244237,0.0209259345511525,0.7
2019-04-23,MTNGH,0.8,0.68,0.7,0.7,0.7,0.7,0.0,150000.0,104840.0,0.7006666666666667,2019,4,April,2,1,0.7,0.69,0.7,0.7,0.7,0.69,700.0,212000.0,490.0,146019.0,0.6971428571428572,0.6985714285714285,0.004879500364748,0.69,0.7,0.0,0.0,0.0,0.0,50.0,0.6983682752855664,0.7028080175033501,-0.0044397422177836,-0.0059626463166328,0.0015229040988491,0.0069149180728248,0.7084629672755762,0.6875370327244237,0.0209259345511525,0.7
2019-04-24,MTNGH,0.8,0.68,0.7,0.7,0.7,0.7,0.0,1000.0,700.0,0.7,2019,4,April,2,2,0.7,0.7,0.69,0.7,0.7,0.69,150000.0,726700.0,104840.0,508205.0,0.6971428571428572,0.6985714285714285,0.004879500364748,0.69,0.7,0.0,0.0,0.0,0.0,50.0,0.6986193098570177,0.7026000162068056,-0.0039807063497878,-0.0055662583232638,0.0015855519734759,0.0058722021951347,0.7084629672755762,0.6875370327244237,0.0209259345511525,0.7
2019-04-25,MTNGH,0.8,0.68,0.7,0.7,0.7,0.7,0.0,9013000.0,6274976.0,0.6996666666666667,2019,4,April,2,3,0.7,0.7,0.69,0.7,0.7,0.7,1000.0,700.0,700.0,490.0,0.6971428571428572,0.6985714285714285,0.004879500364748,0.69,0.7,0.0,0.0,0.0,0.0,50.0,0.6988317237251689,0.7024074224137088,-0.0035756986885399,-0.005168146396319,0.0015924477077791,0.0055605341676623,0.7084629672755762,0.6875370327244237,0.0209259345511525,0.7
2019-04-26,MTNGH,0.8,0.68,0.7,0.7,0.7,0.7,0.0,0.0,0.0,0.6993333333333333,2019,4,April,2,4,0.7,0.7,0.7,0.69,0.7,0.7,9013000.0,150000.0,6274976.0,104840.0,0.6985714285714285,0.6985714285714285,0.0037796447300993,0.69,0.7,0.0,0.0,1.449275362318842,0.01,50.0,0.6990114585366813,0.7022290948275081,-0.0032176362908267,-0.0047780443752205,0.0015604080843938,0.0052083045976079,0.7084629672755762,0.6875370327244237,0.0209259345511525,0.7
2019-04-29,MTNGH,0.8,0.68,0.7,0.7,0.7,0.7,0.0,2700.0,1890.0,0.699,2019,4,April,2,0,0.7,0.7,0.7,0.69,0.7,0.7,0.0,1000.0,0.0,700.0,0.7,0.6985714285714285,0.0,0.7,0.7,0.0,0.0,1.449275362318842,0.01,50.0,0.6991635418387303,0.702063976692137,-0.0029004348534067,-0.0044025224708578,0.001502087617451,0.0048066046514891,0.7051558701124511,0.6928441298875488,0.0123117402249022,0.67
2019-04-30,MTNGH,0.8,0.67,0.7,0.7,0.67,0.67,-0.03,20200.0,13534.0,0.698,2019,4,April,2,1,0.7,0.7,0.7,0.7,0.7,0.7,2700.0,9013000.0,1890.0,6274976.0,0.6957142857142856,0.6964285714285714,0.011338934190279,0.67,0.7,-0.0428571428571427,-0.0438026226583927,-4.285714285714274,-0.0299999999999999,20.000000000000043,0.6946768430943102,0.6996888673075342,-0.0050120242132239,-0.004524422819331,-0.0004876013938929,0.0071438422965848,0.7118270079882014,0.6831729920117986,0.0286540159764028,0.67
2019-05-02,MTNGH,0.8,0.67,0.67,0.67,0.67,0.67,0.0,2000.0,1340.0,0.697,2019,5,May,2,3,0.67,0.7,0.7,0.7,0.7,0.7,20200.0,0.0,13534.0,0.0,0.6914285714285714,0.6942857142857142,0.0146385010942295,0.67,0.7,0.0,0.0,-4.285714285714274,-0.0299999999999999,20.000000000000043,0.6908804056951855,0.6974896919514205,-0.006609286256235,-0.0049413955067118,-0.0016678907495231,0.0087690678936812,0.7148064938392448,0.6771935061607551,0.0376129876784896,0.68
2019-05-03,MTNGH,0.8,0.67,0.67,0.67,0.69,0.68,0.01,23900.0,16298.0,0.696,2019,5,May,2,4,0.67,0.7,0.7,0.7,0.67,0.7,2000.0,2700.0,1340.0,1890.0,0.6885714285714286,0.6928571428571428,0.0146385010942294,0.67,0.7,0.0149253731343284,0.0148150857851406,-2.857142857142844,-0.0199999999999999,33.333333333333385,0.6892064971266955,0.6961941592142783,-0.0069876620875828,-0.005350648822886,-0.0016370132646967,0.0089442719099908,0.7149999999999807,0.6750000000000193,0.0399999999999614,0.7
2019-05-06,MTNGH,0.8,0.67,0.68,0.68,0.7,0.7,0.02,1500.0,1050.0,0.696,2019,5,May,2,0,0.68,0.67,0.7,0.7,0.67,0.7,23900.0,20200.0,16298.0,13534.0,0.6885714285714286,0.6928571428571428,0.0146385010942294,0.67,0.7,0.0294117647058822,0.0289875368732521,0.0,0.0,50.0,0.6908670360302809,0.6964760733465539,-0.005609037316273,-0.0054023265215634,-0.0002067107947096,0.0089442719099908,0.7149999999999808,0.6750000000000194,0.0399999999999614,0.7
2019-05-07,MTNGH,0.8,0.67,0.7,0.7,0.7,0.7,0.0,500.0,350.0,0.696,2019,5,May,2,1,0.7,0.67,0.7,0.7,0.68,0.67,1500.0,2000.0,1050.0,1340.0,0.6885714285714285,0.6928571428571428,0.0146385010942294,0.67,0.7,0.0,0.0,0.0,0.0,50.0,0.6922721074102376,0.6967371049505129,-0.0044649975402752,-0.0052148607253058,0.0007498631850305,0.0089442719099908,0.7149999999999807,0.6750000000000193,0.0399999999999614,0.67
2019-05-08,MTNGH,0.8,0.67,0.7,0.7,0.68,0.67,-0.03,475200.0,318405.0,0.6950000000000001,2019,5,May,2,2,0.7,0.68,0.67,0.7,0.7,0.67,500.0,23900.0,350.0,16298.0,0.6842857142857143,0.6914285714285714,0.0151185789203703,0.67,0.7,-0.0428571428571427,-0.0438026226583927,-4.285714285714274,-0.0299999999999999,40.00000000000003,0.6888456293471241,0.6947565786578822,-0.005910949310758,-0.0053540784423962,-0.0005568708683618,0.0100858384842751,0.7162341616353534,0.6707658383646466,0.0454683232707067,0.7
2019-05-09,MTNGH,0.8,0.67,0.67,0.67,0.7,0.7,0.03,4293900.0,3005730.0,0.6950000000000001,2019,5,May,2,3,0.67,0.7,0.67,0.7,0.7,0.68,475200.0,1500.0,318405.0,1050.0,0.6842857142857143,0.6921428571428573,0.0151185789203703,0.67,0.7,0.0447761194029849,0.0438026226583928,0.0,0.0,53.84615384615386,0.6905616863706434,0.6951449802387798,-0.0045832938681363,-0.0051999215275442,0.0006166276594079,0.0100858384842751,0.7162341616353534,0.6707658383646466,0.0454683232707067,0.7
2019-05-10,MTNGH,0.8,0.67,0.7,0.7,0.7,0.7,0.0,900.0,630.0,0.695,2019,5,May,2,4,0.7,0.7,0.68,0.67,0.67,0.7,4293900.0,500.0,3005730.0,350.0,0.6885714285714286,0.6921428571428571,0.0146385010942293,0.67,0.7,0.0,0.0,4.477611940298495,0.0299999999999999,50.0,0.6920137346213135,0.6955046113322035,-0.0034908767108899,-0.0048581125642134,0.0013672358533234,0.0100858384842751,0.7162341616353534,0.6707658383646466,0.0454683232707067,0.69
2019-05-13,MTNGH,0.8,0.67,0.7,0.7,0.7,0.69,-0.01,1359600.0,940512.0,0.6946666666666667,2019,5,May,2,0,0.7,0.67,0.7,0.67,0.7,0.7,900.0,475200.0,630.0,318405.0,0.6914285714285714,0.6914285714285714,0.0121498579258808,0.67,0.7,-0.0142857142857143,-0.0143887374520996,2.9850746268656576,0.0199999999999999,46.15384615384615,0.6917039292949576,0.6950968623446329,-0.0033929330496752,-0.0045650766613057,0.0011721436116305,0.0100801386598671,0.7155715237458559,0.670428476254144,0.0451430474917118,0.75
2019-05-14,MTNGH,0.8,0.67,0.69,0.69,0.75,0.75,0.06,100.0,75.0,0.697,2019,5,May,2,1,0.69,0.7,0.7,0.68,0.7,0.67,1359600.0,4293900.0,940512.0,3005730.0,0.7014285714285713,0.695,0.0241029537806558,0.67,0.75,0.0869565217391306,0.0833816089390512,10.294117647058815,0.0699999999999999,63.15789473684213,0.7006725555572718,0.6991637614302156,0.0015087941270561,-0.0033503025036334,0.0048590966306895,0.0139333388329694,0.7295123816464296,0.6614876183535702,0.0680247632928594,0.7
2019-05-15,MTNGH,0.8,0.67,0.75,0.75,0.7,0.7,-0.05,88500.0,61990.0,0.697,2019,5,May,2,2,0.75,0.7,0.67,0.7,0.69,0.7,100.0,900.0,75.0,630.0,0.7014285714285713,0.6950000000000001,0.0241029537806558,0.67,0.75,-0.0666666666666667,-0.0689928714869515,0.0,0.0,50.0,0.7005690854715376,0.6992257050279774,0.0013433804435601,-0.0024115659141946,0.0037549463577548,0.0139333388329694,0.7295123816464297,0.6614876183535703,0.0680247632928594,0.72
2019-05-16,MTNGH,0.8,0.67,0.7,0.7,0.72,0.72,0.02,61400.0,44105.0,0.6976666666666667,2019,5,May,2,3,0.7,0.69,0.7,0.7,0.75,0.7,88500.0,1359600.0,61990.0,940512.0,0.7042857142857143,0.6964285714285714,0.0250713268211213,0.67,0.75,0.0285714285714286,0.0281708769666964,2.85714285714286,0.02,53.846153846153854,0.7035584569374549,0.7007645416925717,0.0027939152448831,-0.0013704696823791,0.0041643849272622,0.0145467933030669,0.732600118273004,0.6613998817269959,0.071200236546008,0.72
2019-05-17,MTNGH,0.8,0.67,0.72,0.72,0.72,0.72,0.0,75800.0,54576.0,0.6983333333333334,2019,5,May,2,4,0.72,0.75,0.7,0.67,0.7,0.69,61400.0,100.0,44105.0,75.0,0.7114285714285715,0.6978571428571428,0.0203540097839656,0.69,0.75,0.0,0.0,7.462686567164169,0.0499999999999999,53.846153846153854,0.7060879251009233,0.702189390456085,0.0038985346448383,-0.0003166688169356,0.0042152034617739,0.0151049965091053,0.7353639033258864,0.6616360966741136,0.0737278066517728,0.73
2019-05-20,MTNGH,0.8,0.67,0.72,0.72,0.73,0.73,0.01,23400.0,16981.0,0.6993333333333333,2019,5,May,2,0,0.72,0.7,0.69,0.7,0.72,0.75,75800.0,88500.0,54576.0,61990.0,0.7157142857142856,0.7000000000000001,0.020701966780272,0.69,0.75,0.0138888888888888,0.0137933221323357,4.28571428571429,0.03,55.55555555555557,0.7097667058546274,0.7042494356074861,0.0055172702471413,0.0008501189958797,0.0046671512512615,0.016174337556826,0.7394701752826278,0.6605298247173721,0.0789403505652557,0.72
2019-05-21,MTNGH,0.8,0.67,0.73,0.73,0.72,0.72,-0.01,89900.0,64967.0,0.7,2019,5,May,2,1,0.73,0.72,0.75,0.7,0.72,0.7,23400.0,61400.0,16981.0,44105.0,0.7185714285714285,0.7035714285714285,0.0195180014589721,0.69,0.75,-0.0136986301369863,-0.0137933221323358,2.85714285714286,0.02,59.99999999999999,0.7113410588000693,0.7054161440810056,0.0059249147190636,0.0018650781405165,0.0040598365785471,0.0166090959707436,0.741470912231396,0.6605290877686039,0.0809418244627921,0.73
2019-05-22,MTNGH,0.8,0.67,0.72,0.72,0.72,0.73,0.01,98900.0,72243.0,0.701,2019,5,May,2,2,0.72,0.72,0.7,0.69,0.73,0.72,89900.0,75800.0,64967.0,54576.0,0.7242857142857143,0.7078571428571429,0.0151185789203711,0.7,0.75,0.0138888888888888,0.0137933221323357,5.797101449275368,0.04,61.53846153846153,0.7142116651385202,0.7072371704453756,0.0069744946931445,0.0028869614510421,0.0040875332421024,0.0174889127439464,0.7449883885066733,0.6600116114933265,0.0849767770133467,0.74
2019-05-23,MTNGH,0.8,0.67,0.73,0.73,0.73,0.74,0.01,1500.0,1115.0,0.7023333333333334,2019,5,May,2,3,0.73,0.73,0.72,0.75,0.72,0.72,98900.0,23400.0,72243.0,16981.0,0.722857142857143,0.7121428571428572,0.0125356634105625,0.7,0.74,0.0136986301369863,0.0136056520557786,-1.3333333333333344,-0.01,61.53846153846153,0.7181791012710556,0.7096640467086811,0.0085150545623744,0.0040125800733086,0.0045024744890658,0.018879533405491,0.7501416245847595,0.6588583754152405,0.091283249169519,0.73
2019-05-24,MTNGH,0.8,0.67,0.74,0.74,0.73,0.73,-0.01,233300.0,170482.0,0.7033333333333334,2019,5,May,2,4,0.74,0.72,0.72,0.7,0.73,0.73,1500.0,89900.0,1115.0,64967.0,0.7271428571428571,0.7142857142857143,0.0075592894601886,0.72,0.74,-0.0135135135135134,-0.0136056520557785,4.28571428571429,0.03,56.00000000000001,0.7199977010755085,0.7111704136191491,0.0088272874563594,0.0049755215499187,0.0038517659064406,0.0195348200760118,0.7529714358889845,0.6590285641110156,0.0939428717779689,0.72
2019-05-27,MTNGH,0.8,0.67,0.73,0.73,0.72,0.72,-0.01,284900.0,205178.0,0.704,2019,5,May,2,0,0.73,0.73,0.73,0.72,0.74,0.72,233300.0,98900.0,170482.0,72243.0,0.7271428571428571,0.7157142857142856,0.0075592894601886,0.72,0.74,-0.0136986301369863,-0.0137933221323358,0.0,0.0,53.846153846153854,0.7199980547561995,0.7118244570547677,0.0081735977014317,0.0056151367802213,0.0025584609212104,0.0197571462409444,0.7542841355391373,0.6597158644608626,0.0945682710782747,0.72
2019-05-28,MTNGH,0.8,0.67,0.72,0.72,0.72,0.72,0.0,15900.0,11522.0,0.7046666666666666,2019,5,May,2,1,0.72,0.74,0.72,0.72,0.73,0.73,284900.0,1500.0,205178.0,1115.0,0.7271428571428571,0.7192857142857143,0.0075592894601886,0.72,0.74,0.0,0.0,0.0,0.0,60.86956521739129,0.7199983540244764,0.7124300528284886,0.0075683011959878,0.0060057696633746,0.0015625315326131,0.0199539700195246,0.7555062322781176,0.6604937677218823,0.0950124645562353,0.72
2019-05-29,MTNGH,0.8,0.67,0.72,0.72,0.72,0.72,0.0,41000.0,29520.0,0.7053333333333334,2019,5,May,2,2,0.72,0.73,0.73,0.73,0.72,0.74,15900.0,233300.0,11522.0,170482.0,0.7257142857142858,0.7207142857142855,0.0078679579246983,0.72,0.74,0.0,0.0,-1.3698630136986314,-0.01,55.0,0.71999860725148,0.7129907896560079,0.007007817595472,0.0062061792497941,0.0008016383456779,0.0201260396318855,0.7547362080796092,0.6662637919203906,0.0884724161592185,0.73
2019-05-30,MTNGH,0.8,0.67,0.72,0.72,0.74,0.73,0.01,2800.0,2038.0,0.7066666666666667,2019,5,May,2,3,0.72,0.72,0.74,0.72,0.72,0.73,41000.0,284900.0,29520.0,205178.0,0.7271428571428571,0.7228571428571428,0.0075592894601886,0.72,0.74,0.0138888888888888,0.0137933221323357,1.3888888888888902,0.01,57.14285714285714,0.7215372830589446,0.7142507311629703,0.0072865518959742,0.0064222537790301,0.000864298116944,0.0203983321382618,0.75416551623336,0.67283448376664,0.08133103246672,0.72
2019-05-31,MTNGH,0.8,0.67,0.73,0.73,0.72,0.72,-0.01,92200.0,66506.0,0.7076666666666667,2019,5,May,2,4,0.73,0.72,0.73,0.73,0.72,0.72,2800.0,15900.0,2038.0,11522.0,0.7257142857142858,0.725,0.0078679579246983,0.72,0.74,-0.0136986301369863,-0.0137933221323358,-1.3698630136986314,-0.01,57.14285714285714,0.7213007779729531,0.7146766029286763,0.0066241750442768,0.0064626380320795,0.0001615370121973,0.0202881540659114,0.7530429578511055,0.6779570421488945,0.075085915702211,0.73
2019-06-03,MTNGH,0.8,0.67,0.72,0.72,0.73,0.73,0.01,500.0,367.0,0.7086666666666667,2019,6,June,2,0,0.72,0.72,0.72,0.74,0.73,0.72,92200.0,41000.0,66506.0,29520.0,0.7242857142857142,0.7235714285714286,0.0053452248382542,0.72,0.73,0.0138888888888888,0.0137933221323357,-1.3513513513513526,-0.01,43.75,0.722639119823268,0.715811669378404,0.0068274504448639,0.0065356005146364,0.0002918499302275,0.0206336406491108,0.7543320801794607,0.6796679198205392,0.0746641603589215,0.72
2019-06-04,MTNGH,0.8,0.67,0.73,0.73,0.72,0.72,-0.01,38600.0,27797.0,0.7093333333333333,2019,6,June,2,1,0.73,0.73,0.72,0.73,0.72,0.72,500.0,2800.0,367.0,2038.0,0.7228571428571428,0.7249999999999999,0.0048795003647488,0.72,0.73,-0.0136986301369863,-0.0137933221323358,-1.3698630136986314,-0.01,58.33333333333333,0.722233101388919,0.7161219160911149,0.0061111852978041,0.0064507174712699,-0.0003395321734657,0.0206670374456879,0.7544763802451511,0.6815236197548489,0.0729527604903022,0.72
2019-06-06,MTNGH,0.8,0.67,0.72,0.72,0.72,0.72,0.0,2974900.0,2141928.0,0.7099999999999999,2019,6,June,2,3,0.72,0.72,0.72,0.72,0.73,0.73,38600.0,92200.0,27797.0,66506.0,0.722857142857143,0.725,0.0048795003647488,0.72,0.73,0.0,0.0,0.0,0.0,50.0,0.7218895473290853,0.7164091815658471,0.0054803657632381,0.0062566471296636,-0.0007762813664254,0.0206781577249137,0.749135642126542,0.691864357873458,0.057271284253084,0.73
2019-06-07,MTNGH,0.8,0.67,0.72,0.72,0.73,0.73,0.01,15000.0,10950.0,0.711,2019,6,June,2,4,0.72,0.73,0.73,0.72,0.72,0.72,2974900.0,500.0,2141928.0,367.0,0.7242857142857142,0.7257142857142858,0.0053452248382542,0.72,0.73,0.0138888888888888,0.0137933221323357,1.3888888888888902,0.01,54.54545454545455,0.7231373092784568,0.7174159088572658,0.0057214004211909,0.006149597787969,-0.0004281973667781,0.0209020705128462,0.7492222818951377,0.6947777181048622,0.0544445637902755,0.72
2019-06-10,MTNGH,0.8,0.67,0.73,0.73,0.72,0.72,-0.01,198800.0,143143.0,0.7116666666666667,2019,6,June,2,0,0.73,0.72,0.72,0.72,0.72,0.73,15000.0,38600.0,10950.0,27797.0,0.7242857142857142,0.7249999999999999,0.0053452248382542,0.72,0.73,-0.0136986301369863,-0.0137933221323358,0.0,0.0,45.45454545454546,0.7226546463125403,0.7176073230159868,0.0050473232965534,0.0059291428896859,-0.0008818195931325,0.0208580313372146,0.7482148661246418,0.6977851338753581,0.0504297322492837,0.73
2019-06-11,MTNGH,0.8,0.67,0.72,0.72,0.73,0.73,0.01,74100.0,53882.0,0.7126666666666667,2019,6,June,2,1,0.72,0.72,0.73,0.73,0.73,0.72,198800.0,2974900.0,143143.0,2141928.0,0.7242857142857143,0.7257142857142858,0.0053452248382542,0.72,0.73,0.0138888888888888,0.0137933221323357,0.0,0.0,54.54545454545455,0.7237847007259957,0.7185252990888766,0.005259401637119,0.0057951946391725,-0.0005357930020535,0.0209980842037969,0.7449999999999853,0.7050000000000146,0.0399999999999707,0.73
2019-06-12,MTNGH,0.8,0.67,0.73,0.73,0.73,0.73,0.0,5700.0,4144.0,0.7136666666666666,2019,6,June,2,2,0.73,0.73,0.72,0.72,0.72,0.72,74100.0,15000.0,53882.0,10950.0,0.7257142857142856,0.7257142857142858,0.0053452248382542,0.72,0.73,0.0,0.0,1.3888888888888902,0.01,50.0,0.7247409006143041,0.719375276934145,0.005365623680159,0.0057092804473698,-0.0003436567672108,0.0210882110117957,0.7404156536333444,0.7075843463666556,0.0328313072666888,0.73
2019-06-13,MTNGH,0.8,0.67,0.73,0.73,0.73,0.73,0.0,0.0,0.0,0.7156666666666667,2019,6,June,2,3,0.73,0.72,0.72,0.73,0.73,0.73,5700.0,198800.0,4144.0,143143.0,0.7257142857142858,0.7249999999999999,0.0053452248382542,0.72,0.73,0.0,0.0,0.0,0.0,44.44444444444444,0.7255499928274881,0.7201622934575417,0.0053876993699464,0.0056449642318851,-0.0002572648619387,0.019596504497119,0.7375961063765618,0.713403893623438,0.0241922127531237,0.72
2019-06-14,MTNGH,0.8,0.67,0.73,0.73,0.72,0.72,-0.01,228000.0,164160.0,0.7173333333333333,2019,6,June,2,4,0.73,0.73,0.73,0.72,0.73,0.72,0.0,74100.0,0.0,53882.0,0.7257142857142858,0.7242857142857142,0.0053452248382542,0.72,0.73,-0.0136986301369863,-0.0137933221323358,0.0,0.0,44.44444444444444,0.7246961477771052,0.7201502717199461,0.0045458760571591,0.0054251465969399,-0.0008792705397808,0.0176035524105541,0.7375961063765619,0.7134038936234381,0.0241922127531237,0.72
2019-06-17,MTNGH,0.8,0.67,0.72,0.72,0.72,0.72,0.0,5100.0,3672.0,0.7186666666666667,2019,6,June,2,0,0.72,0.73,0.72,0.72,0.73,0.73,228000.0,5700.0,164160.0,4144.0,0.7257142857142856,0.7242857142857143,0.0053452248382542,0.72,0.73,0.0,0.0,0.0,0.0,50.0,0.7239736635037044,0.7201391404814316,0.0038345230222728,0.0051070218820065,-0.0012724988597337,0.0161316423546188,0.7375961063765619,0.7134038936234381,0.0241922127531237,0.72
2019-06-18,MTNGH,0.8,0.67,0.72,0.72,0.72,0.72,0.0,35700.0,25704.0,0.7193333333333333,2019,6,June,2,1,0.72,0.73,0.73,0.73,0.72,0.73,5100.0,0.0,3672.0,0.0,0.7242857142857143,0.7242857142857142,0.0053452248382542,0.72,0.73,0.0,0.0,-1.3698630136986314,-0.01,50.0,0.7233623306569806,0.7201288337791033,0.0032334968778773,0.0047323168811807,-0.0014988200033033,0.0157421755788037,0.7371395395733134,0.7128604604266864,0.0242790791466269,0.72
2019-06-19,MTNGH,0.8,0.67,0.72,0.72,0.72,0.72,0.0,0.0,0.0,0.72,2019,6,June,2,2,0.72,0.72,0.73,0.72,0.72,0.73,35700.0,228000.0,25704.0,164160.0,0.7242857142857143,0.7242857142857143,0.0053452248382542,0.72,0.73,0.0,0.0,0.0,0.0,50.0,0.7228450490174451,0.7201192905362068,0.0027257584812382,0.0043310052011922,-0.0016052467199539,0.015312829869771,0.7371395395733135,0.7128604604266865,0.0242790791466269,0.72
2019-06-20,MTNGH,0.8,0.67,0.72,0.72,0.73,0.72,0.0,29000.0,20898.0,0.7216666666666666,2019,6,June,2,3,0.72,0.72,0.73,0.73,0.72,0.72,0.0,5100.0,0.0,3672.0,0.7228571428571428,0.7235714285714286,0.0048795003647488,0.72,0.73,0.0,0.0,-1.3698630136986314,-0.01,42.85714285714285,0.7224073491686073,0.7201104542001915,0.0022968949684157,0.0039241831546369,-0.0016272881862211,0.0120582875587886,0.7365961063765617,0.7124038936234384,0.0241922127531233,0.72
2019-06-21,MTNGH,0.8,0.67,0.72,0.72,0.73,0.72,0.0,0.0,0.0,0.7223333333333333,2019,6,June,2,4,0.72,0.72,0.72,0.73,0.72,0.72,29000.0,35700.0,20898.0,25704.0,0.7214285714285714,0.7235714285714285,0.0037796447301002,0.72,0.73,0.0,0.0,-1.3698630136986314,-0.01,50.0,0.7220369877580523,0.7201022724075847,0.0019347153504675,0.003526289593803,-0.0015915742433355,0.0113512367040999,0.7332872096985614,0.7137127903014384,0.019574419397123,0.72
2019-06-24,MTNGH,0.8,0.67,0.72,0.72,0.72,0.72,0.0,2600.0,1872.0,0.723,2019,6,June,2,0,0.72,0.72,0.72,0.73,0.72,0.72,0.0,0.0,0.0,0.0,0.72,0.7228571428571428,0.0,0.72,0.72,0.0,0.0,-1.3698630136986314,-0.01,40.0,0.7217236050260442,0.7200946966736895,0.0016289083523546,0.0031468133455133,-0.0015179049931587,0.0105536396728659,0.7324032469196008,0.7135967530803992,0.0188064938392016,0.73
2019-06-25,MTNGH,0.8,0.67,0.72,0.72,0.73,0.73,0.01,2500000.0,1825000.0,0.7243333333333333,2019,6,June,2,1,0.72,0.72,0.72,0.72,0.72,0.72,2600.0,29000.0,1872.0,20898.0,0.7214285714285714,0.7235714285714286,0.0037796447301002,0.72,0.73,0.0138888888888888,0.0137933221323357,1.3888888888888902,0.01,60.0,0.7229968965604989,0.7208284228460088,0.0021684737144901,0.0029511454193087,-0.0007826717048185,0.0085835983666177,0.7332872096985615,0.7137127903014385,0.019574419397123,0.73
2019-06-26,MTNGH,0.8,0.67,0.73,0.73,0.72,0.73,0.0,287400.0,209618.0,0.7236666666666666,2019,6,June,2,2,0.73,0.72,0.72,0.72,0.72,0.72,2500000.0,0.0,1825000.0,0.0,0.722857142857143,0.7242857142857142,0.0048795003647488,0.72,0.73,0.0,0.0,1.3888888888888902,0.01,60.0,0.724074297089653,0.7215077989314896,0.0025664981581633,0.0028742159670796,-0.0003077178089162,0.0071839540228317,0.7340524937989712,0.7139475062010288,0.0201049875979424,0.73
2019-06-27,MTNGH,0.8,0.67,0.73,0.73,0.72,0.73,0.0,0.0,0.0,0.7246666666666666,2019,6,June,2,3,0.73,0.72,0.72,0.72,0.73,0.72,287400.0,2600.0,209618.0,1872.0,0.7242857142857142,0.7242857142857142,0.0053452248382542,0.72,0.73,0.0,0.0,1.3888888888888902,0.01,50.0,0.7249859436912448,0.7221368508624904,0.0028490928287544,0.0028691913394146,-2.0098510660152696e-05,0.0057134646372215,0.734708355710652,0.7142916442893481,0.0204167114213038,0.73
2019-06-28,MTNGH,0.8,0.67,0.73,0.73,0.73,0.73,0.0,3800.0,2774.0,0.725,2019,6,June,2,4,0.73,0.73,0.72,0.72,0.73,0.72,0.0,2500000.0,0.0,1825000.0,0.7257142857142858,0.725,0.0053452248382542,0.72,0.73,0.0,0.0,1.3888888888888902,0.01,66.66666666666666,0.7257573369695148,0.7227193063541577,0.0030380306153571,0.0029029591946031,0.000135071420754,0.0057235147147113,0.734708355710652,0.7142916442893481,0.0204167114213038,0.71
2019-07-01,MTNGH,0.8,0.67,0.73,0.73,0.71,0.71,-0.02,103400.0,73419.0,0.7246666666666667,2019,7,July,3,0,0.73,0.73,0.72,0.72,0.73,0.73,3800.0,287400.0,2774.0,209618.0,0.7242857142857143,0.7235714285714285,0.0078679579246983,0.71,0.73,-0.0273972602739726,-0.0277795641070757,-1.3888888888888902,-0.01,25.00000000000001,0.7233331312818971,0.7217771355131091,0.001555995768788,0.0026335665094401,-0.001077570740652,0.0062881022482875,0.7359648608322976,0.7120351391677023,0.0239297216645952,0.7
2019-07-02,MTNGH,0.8,0.67,0.71,0.71,0.7,0.7,-0.01,51200.0,35856.0,0.7236666666666667,2019,7,July,3,1,0.71,0.73,0.73,0.72,0.73,0.73,103400.0,0.0,73419.0,0.0,0.7214285714285714,0.7214285714285714,0.0121498579258815,0.7,0.73,-0.0140845070422535,-0.0141846349919564,-2.7777777777777803,-0.02,20.0,0.7197434187769898,0.7201640143639898,-0.000420595587,0.002022734090152,-0.0024433296771521,0.0076489049625615,0.7382279503131218,0.706772049686878,0.0314559006262438,0.7
2019-07-03,MTNGH,0.8,0.67,0.7,0.7,0.7,0.7,0.0,11700.0,8190.0,0.723,2019,7,July,3,2,0.7,0.73,0.73,0.72,0.71,0.73,51200.0,3800.0,35856.0,2774.0,0.7185714285714285,0.7192857142857143,0.01463850109423,0.7,0.73,0.0,0.0,-2.7777777777777803,-0.02,20.0,0.7167059697343761,0.7186703836703608,-0.0019644139359847,0.0012253044849247,-0.0031897184209094,0.0087690678936817,0.7401660400897183,0.7028339599102817,0.0373320801794365,0.7
2019-07-04,MTNGH,0.8,0.67,0.7,0.7,0.7,0.7,0.0,62600.0,43930.0,0.722,2019,7,July,3,3,0.7,0.71,0.73,0.73,0.7,0.73,11700.0,103400.0,8190.0,73419.0,0.7142857142857143,0.7178571428571427,0.0151185789203709,0.7,0.73,0.0,0.0,-4.109589041095894,-0.03,25.00000000000001,0.7141358205444721,0.7172873922873712,-0.003151571742899,0.0003499292393599,-0.0035015009822589,0.0096132093030012,0.7415012530954306,0.6994987469045693,0.0420025061908613,0.7
2019-07-05,MTNGH,0.8,0.67,0.7,0.7,0.7,0.7,0.0,21300.0,14910.0,0.7206666666666666,2019,7,July,3,4,0.7,0.7,0.73,0.73,0.7,0.71,62600.0,51200.0,43930.0,35856.0,0.71,0.7164285714285714,0.0141421356237329,0.7,0.73,0.0,0.0,-4.109589041095894,-0.03,25.00000000000001,0.7119610789222457,0.7160068447105288,-0.004045765788283,-0.0005292097661686,-0.0035165560221144,0.0098026503570641,0.7413842049574767,0.6966157950425232,0.0447684099149534,0.7
2019-07-08,MTNGH,0.8,0.67,0.7,0.7,0.7,0.7,0.0,7200.0,5040.0,0.7196666666666667,2019,7,July,3,0,0.7,0.7,0.71,0.73,0.7,0.7,21300.0,11700.0,14910.0,8190.0,0.7057142857142856,0.715,0.0113389341902792,0.7,0.73,0.0,0.0,-4.109589041095894,-0.03,25.00000000000001,0.7101209129342079,0.7148211525097489,-0.0047002395755409,-0.0013634157280431,-0.0033368238474978,0.010333518722839,0.7419297216646316,0.6940702783353684,0.0478594433292631,0.7
2019-07-09,MTNGH,0.8,0.67,0.7,0.7,0.7,0.7,0.0,0.0,0.0,0.719,2019,7,July,3,1,0.7,0.7,0.7,0.73,0.7,0.7,7200.0,62600.0,5040.0,43930.0,0.7014285714285713,0.7135714285714286,0.0037796447300994,0.7,0.71,0.0,0.0,-4.109589041095894,-0.03,25.00000000000001,0.7085638494058681,0.7137232893608786,-0.0051594399550104,-0.0021226205734365,-0.0030368193815738,0.0109387006730075,0.741016374764192,0.691983625235808,0.0490327495283839,0.71
2019-07-10,MTNGH,0.8,0.67,0.7,0.7,0.71,0.71,0.01,100.0,71.0,0.7186666666666668,2019,7,July,3,2,0.7,0.7,0.7,0.71,0.7,0.7,0.0,21300.0,0.0,14910.0,0.7014285714285713,0.7128571428571427,0.0037796447300994,0.7,0.71,0.0142857142857142,0.0141846349919563,0.0,0.0,40.0,0.7087847956511192,0.7134474901489617,-0.0046626944978425,-0.0026306353583177,-0.0020320591395247,0.0110588810724491,0.7393194966582416,0.6916805033417582,0.0476389933164833,0.72
2019-07-11,MTNGH,0.8,0.67,0.71,0.71,0.72,0.72,0.01,1000.0,720.0,0.7186666666666667,2019,7,July,3,3,0.71,0.7,0.7,0.7,0.7,0.7,100.0,7200.0,71.0,5040.0,0.7042857142857143,0.7128571428571429,0.0078679579246979,0.7,0.72,0.0140845070422535,0.0139862419747398,2.85714285714286,0.02,50.0,0.7105102117047931,0.7139328612490387,-0.0034226495442455,-0.0027890381955033,-0.0006336113487422,0.0110588810724491,0.7379415733870421,0.692058426612958,0.0458831467740841,0.71
2019-07-12,MTNGH,0.8,0.67,0.72,0.72,0.71,0.71,-0.01,9300.0,6633.0,0.718,2019,7,July,3,4,0.72,0.7,0.7,0.7,0.71,0.7,1000.0,0.0,720.0,0.0,0.7057142857142856,0.7121428571428571,0.0078679579246979,0.7,0.72,-0.0138888888888889,-0.0139862419747399,1.42857142857143,0.01,42.85714285714285,0.7104317175963634,0.7136415381935544,-0.0032098205971909,-0.0028731946758408,-0.0003366259213501,0.010954451150097,0.7374186203313831,0.6915813796686168,0.0458372406627662,0.7
2019-07-15,MTNGH,0.8,0.67,0.71,0.71,0.7,0.7,-0.01,65800.0,46075.0,0.7173333333333333,2019,7,July,3,0,0.71,0.71,0.7,0.7,0.72,0.7,9300.0,100.0,6633.0,71.0,0.7057142857142856,0.71,0.0078679579246979,0.7,0.72,-0.0140845070422535,-0.0141846349919564,0.0,0.0,28.57142857142857,0.7088268379661535,0.7126310538829207,-0.0038042159167671,-0.0030593989240261,-0.000744816992741,0.0114269292744612,0.7371420677695585,0.6898579322304416,0.0472841355391169,0.7
2019-07-16,MTNGH,0.8,0.67,0.7,0.7,0.7,0.7,0.0,4900.0,3444.0,0.7163333333333333,2019,7,July,3,1,0.7,0.72,0.7,0.7,0.71,0.71,65800.0,1000.0,46075.0,720.0,0.7057142857142856,0.7078571428571429,0.0078679579246979,0.7,0.72,0.0,0.0,0.0,0.0,28.57142857142857,0.7074688628944377,0.7116954202619635,-0.0042265573675258,-0.003292830612726,-0.0009337267547997,0.0115917132509313,0.7366704473751549,0.6883295526248452,0.0483408947503096,0.7
2019-07-17,MTNGH,0.8,0.67,0.7,0.7,0.7,0.7,0.0,109400.0,76580.0,0.7156666666666667,2019,7,July,3,2,0.7,0.71,0.71,0.7,0.7,0.72,4900.0,9300.0,3444.0,6633.0,0.7057142857142857,0.7057142857142856,0.0078679579246979,0.7,0.72,0.0,0.0,0.0,0.0,28.57142857142857,0.7063198070645242,0.7108290928351514,-0.0045092857706271,-0.0035361216443062,-0.0009731641263208,0.0119433528860526,0.7360163747641912,0.6869836252358086,0.0490327495283826,0.7
2019-07-18,MTNGH,0.8,0.67,0.7,0.7,0.7,0.7,0.0,0.0,0.0,0.715,2019,7,July,3,3,0.7,0.7,0.72,0.7,0.7,0.71,109400.0,65800.0,76580.0,46075.0,0.7057142857142856,0.7035714285714285,0.0078679579246979,0.7,0.72,0.0,0.0,0.0,0.0,28.57142857142857,0.7053475290545974,0.7100269378103253,-0.0046794087557279,-0.0037647790665906,-0.0009146296891373,0.0122474487139102,0.7351875208194312,0.6858124791805686,0.0493750416388625,0.72
2019-07-19,MTNGH,0.8,0.67,0.7,0.7,0.71,0.72,0.02,13100.0,9381.0,0.7146666666666667,2019,7,July,3,4,0.7,0.7,0.71,0.71,0.7,0.7,0.0,4900.0,0.0,3444.0,0.7071428571428572,0.7042857142857143,0.0095118973121163,0.7,0.72,0.0285714285714286,0.0281708769666964,1.4084507042253531,0.01,57.142857142857146,0.70760175535389,0.7107656831577086,-0.0031639278038185,-0.0036446088140362,0.0004806810102176,0.0119577801345813,0.7351875208194312,0.6858124791805686,0.0493750416388625,0.71
2019-07-22,MTNGH,0.8,0.67,0.72,0.72,0.7,0.71,-0.01,8700.0,6166.0,0.7143333333333332,2019,7,July,3,0,0.72,0.7,0.7,0.72,0.7,0.7,13100.0,109400.0,9381.0,76580.0,0.7057142857142857,0.705,0.0078679579246979,0.7,0.72,-0.0138888888888889,-0.0139862419747399,-1.3888888888888902,-0.01,57.142857142857146,0.7079707160686762,0.7107089658867672,-0.002738249818091,-0.0034633370148471,0.0007250871967561,0.0119433528860526,0.7342790791466614,0.6857209208533386,0.0485581582933227,0.72
2019-07-23,MTNGH,0.8,0.67,0.71,0.71,0.72,0.72,0.01,3003600.0,2162593.0,0.7140000000000001,2019,7,July,3,1,0.71,0.7,0.7,0.71,0.72,0.7,8700.0,0.0,6166.0,0.0,0.7071428571428572,0.7064285714285713,0.0095118973121163,0.7,0.72,0.0140845070422535,0.0139862419747398,1.4084507042253531,0.01,62.50000000000001,0.7098213751350337,0.7113971906358956,-0.0015758155008618,-0.0030858327120501,0.0015100172111882,0.0116263671795176,0.7324186203313824,0.6865813796686174,0.0458372406627649,0.72
2019-07-24,MTNGH,0.8,0.67,0.72,0.72,0.72,0.72,0.0,3610600.0,2599236.0,0.7136666666666667,2019,7,July,3,2,0.72,0.72,0.7,0.7,0.71,0.7,3003600.0,13100.0,2162593.0,9381.0,0.71,0.7078571428571429,0.0100000000000028,0.7,0.72,0.0,0.0,2.85714285714286,0.02,62.50000000000001,0.7113873174219516,0.7120344357739774,-0.0006471183520257,-0.0025980898400452,0.0019509714880194,0.0112903172837471,0.7304230569345359,0.687576943065464,0.0428461138690718,0.7
2019-07-25,MTNGH,0.8,0.67,0.72,0.72,0.72,0.7,-0.02,8100.0,5684.0,0.7126666666666667,2019,7,July,3,3,0.72,0.71,0.7,0.7,0.72,0.72,3610600.0,8700.0,2599236.0,6166.0,0.71,0.7078571428571427,0.0100000000000028,0.7,0.72,-0.0277777777777777,-0.0281708769666963,0.0,0.0,50.0,0.7096354224339589,0.711142996087016,-0.001507573653057,-0.0023799866026476,0.0008724129495905,0.0111210683353445,0.7268309133391472,0.6881690866608526,0.0386618266782945,0.71
2019-07-26,MTNGH,0.8,0.67,0.7,0.7,0.72,0.71,0.01,108700.0,76805.0,0.7123333333333333,2019,7,July,3,4,0.7,0.72,0.72,0.7,0.72,0.71,8100.0,3003600.0,5684.0,2162593.0,0.7114285714285714,0.7085714285714285,0.0089973541084275,0.7,0.72,0.0142857142857142,0.0141846349919563,1.42857142857143,0.01,54.54545454545455,0.709691511290273,0.7110583297102001,-0.0013668184199271,-0.0021773529661035,0.0008105345461763,0.0110432795395375,0.7227545540177233,0.6902454459822766,0.0325091080354467,0.7
2019-07-29,MTNGH,0.8,0.67,0.71,0.71,0.7,0.7,-0.01,15800.0,11060.0,0.7116666666666666,2019,7,July,3,0,0.71,0.72,0.71,0.7,0.7,0.72,108700.0,3610600.0,76805.0,2599236.0,0.7114285714285715,0.7085714285714284,0.0089973541084275,0.7,0.72,-0.0140845070422535,-0.0141846349919564,0.0,0.0,50.0,0.7082005095533079,0.7102391941761111,-0.0020386846228032,-0.0021496192974434,0.0001109346746402,0.0111674815279912,0.7224156536333409,0.689584346366659,0.0328313072666819,0.7
2019-07-30,MTNGH,0.8,0.67,0.7,0.7,0.7,0.7,0.0,2900.0,2030.0,0.711,2019,7,July,3,1,0.7,0.7,0.72,0.72,0.71,0.72,15800.0,8100.0,11060.0,5684.0,0.7085714285714284,0.7078571428571429,0.0089973541084274,0.7,0.72,0.0,0.0,-2.7777777777777803,-0.02,45.45454545454546,0.7069388926989528,0.7094807353482511,-0.0025418426492982,-0.0022280639678144,-0.0003137786814838,0.0112495210625961,0.7224156536333409,0.689584346366659,0.0328313072666819,0.72
2019-07-31,MTNGH,0.8,0.67,0.7,0.7,0.72,0.72,0.02,6600.0,4752.0,0.7110000000000001,2019,7,July,3,2,0.7,0.71,0.72,0.71,0.7,0.7,2900.0,108700.0,2030.0,76805.0,0.71,0.7078571428571427,0.0100000000000028,0.7,0.72,0.0285714285714286,0.0281708769666964,1.4084507042253531,0.01,50.0,0.7089482938221908,0.7102599401372696,-0.0013116463150787,-0.0020447804372672,0.0007331341221885,0.0112495210625961,0.7242900945173921,0.6897099054826078,0.0345801890347843,0.72
2019-08-01,MTNGH,0.8,0.67,0.72,0.72,0.72,0.72,0.0,9300.0,6686.0,0.711,2019,8,August,3,3,0.72,0.7,0.7,0.72,0.7,0.71,6600.0,15800.0,4752.0,11060.0,0.71,0.7085714285714285,0.0100000000000028,0.7,0.72,0.0,0.0,0.0,0.0,54.54545454545455,0.7106485563110845,0.7109814260530274,-0.0003328697419429,-0.0017023982982024,0.0013695285562594,0.0112495210625961,0.7258885438199789,0.690111456180021,0.0357770876399579,0.71
2019-08-02,MTNGH,0.8,0.67,0.72,0.72,0.71,0.71,-0.01,159200.0,113034.0,0.7106666666666667,2019,8,August,3,4,0.72,0.7,0.71,0.72,0.72,0.7,9300.0,2900.0,6686.0,2030.0,0.7085714285714285,0.7092857142857142,0.0089973541084274,0.7,0.72,-0.0138888888888889,-0.0139862419747399,-1.3888888888888902,-0.01,54.54545454545455,0.7105487784170715,0.7109087278268773,-0.0003599494098057,-0.001433908520523,0.0010739591107173,0.0111210683353446,0.7260018795982887,0.6909981204017112,0.0350037591965775,0.7
2019-08-06,MTNGH,0.8,0.67,0.71,0.71,0.7,0.7,-0.01,6800.0,4760.0,0.7100000000000001,2019,8,August,3,1,0.71,0.72,0.7,0.7,0.72,0.7,159200.0,6600.0,113034.0,4752.0,0.7085714285714285,0.7092857142857143,0.0089973541084274,0.7,0.72,-0.0140845070422535,-0.0141846349919564,0.0,0.0,50.0,0.7089258894298298,0.7101006739137753,-0.0011747844839454,-0.0013820837132075,0.000207299229262,0.011141720290617,0.7260018795982888,0.6909981204017113,0.0350037591965775,0.7
2019-08-07,MTNGH,0.8,0.67,0.7,0.7,0.7,0.7,0.0,29400.0,20593.0,0.709,2019,8,August,3,2,0.7,0.72,0.7,0.71,0.71,0.72,6800.0,9300.0,4760.0,6686.0,0.7071428571428571,0.7092857142857143,0.0095118973121162,0.7,0.72,0.0,0.0,-1.4084507042253531,-0.01,50.0,0.7075526756713943,0.7093524758460882,-0.0017998001746938,-0.0014656270055048,-0.000334173169189,0.0106187862154542,0.7260018795982887,0.6909981204017112,0.0350037591965775,0.7
2019-08-08,MTNGH,0.8,0.67,0.7,0.7,0.7,0.7,0.0,56500.0,39550.0,0.708,2019,8,August,3,3,0.7,0.71,0.72,0.7,0.7,0.72,29400.0,159200.0,20593.0,113034.0,0.7071428571428571,0.7092857142857143,0.0095118973121162,0.7,0.72,0.0,0.0,0.0,0.0,50.0,0.706390725568103,0.708659699857489,-0.0022689742893859,-0.001626296462281,-0.0006426778271049,0.009965457582442,0.7258885438199789,0.690111456180021,0.0357770876399579,0.7
2019-08-09,MTNGH,0.8,0.67,0.7,0.7,0.7,0.7,0.0,1100.0,770.0,0.707,2019,8,August,3,4,0.7,0.7,0.72,0.7,0.7,0.71,56500.0,6800.0,39550.0,4760.0,0.7071428571428572,0.7078571428571429,0.0095118973121162,0.7,0.72,0.0,0.0,0.0,0.0,40.0,0.7054075370191641,0.708018240608786,-0.0026107035896218,-0.0018231778877492,-0.0007875257018726,0.0091538572988736,0.7242900945173921,0.6897099054826078,0.0345801890347843,0.73
2019-08-13,MTNGH,0.8,0.67,0.7,0.7,0.73,0.73,0.03,22082700.0,16118834.0,0.707,2019,8,August,3,1,0.7,0.7,0.71,0.72,0.7,0.7,1100.0,29400.0,770.0,20593.0,0.7085714285714284,0.7092857142857143,0.0121498579258814,0.7,0.73,0.0428571428571429,0.0419641990990322,1.3888888888888902,0.01,58.33333333333333,0.7091909928623696,0.7096465190822093,-0.0004555262198396,-0.0015496475541673,0.0010941213343276,0.0091538572988736,0.7281049875979841,0.6878950124020158,0.0402099751959683,0.73
2019-08-14,MTNGH,0.8,0.67,0.73,0.73,0.72,0.73,0.0,12110400.0,8840579.0,0.7076666666666666,2019,8,August,3,2,0.73,0.7,0.7,0.72,0.7,0.7,22082700.0,56500.0,16118834.0,39550.0,0.71,0.71,0.0141421356237329,0.7,0.73,0.0,0.0,1.3888888888888902,0.01,54.54545454545455,0.7123923785758512,0.711154184335379,0.0012381942404722,-0.0009920791952394,0.0022302734357116,0.0100630198159378,0.7314808529119358,0.687519147088064,0.0439617058238717,0.73
2019-08-15,MTNGH,0.8,0.67,0.73,0.73,0.73,0.73,0.0,2700.0,1971.0,0.7086666666666666,2019,8,August,3,3,0.73,0.7,0.7,0.71,0.73,0.7,12110400.0,1100.0,8840579.0,770.0,0.7128571428571427,0.7107142857142856,0.0160356745147472,0.7,0.73,0.0,0.0,2.8169014084507067,0.02,54.54545454545455,0.7151012434103357,0.7125501706809065,0.0025510727294291,-0.0002834488103057,0.0028345215397348,0.0107425461995953,0.7343057481050528,0.6876942518949472,0.0466114962101056,0.71
2019-08-16,MTNGH,0.8,0.67,0.73,0.73,0.7,0.71,-0.02,12900.0,9210.0,0.709,2019,8,August,3,4,0.73,0.73,0.7,0.7,0.73,0.7,2700.0,22082700.0,1971.0,16118834.0,0.7142857142857142,0.7114285714285715,0.015118578920371,0.7,0.73,-0.0273972602739726,-0.0277795641070757,1.42857142857143,0.01,54.54545454545455,0.7143164367318224,0.7123612691489876,0.0019551675828348,0.0001642744683224,0.0017908931145124,0.0106187862154542,0.734234161635356,0.688765838364644,0.045468323270712,0.7
2019-08-19,MTNGH,0.8,0.67,0.71,0.71,0.7,0.7,-0.01,11400.0,7980.0,0.709,2019,8,August,3,0,0.71,0.73,0.7,0.7,0.73,0.73,12900.0,12110400.0,9210.0,8840579.0,0.7142857142857143,0.7107142857142856,0.015118578920371,0.7,0.73,-0.0140845070422535,-0.0141846349919564,0.0,0.0,45.45454545454546,0.7121139080038497,0.7114456195823958,0.0006682884214538,0.0002650772589486,0.0004032111625051,0.0106187862154542,0.7342341616353559,0.6887658383646439,0.045468323270712,0.7
2019-08-20,MTNGH,0.8,0.67,0.7,0.7,0.7,0.7,0.0,51000.0,35710.0,0.709,2019,8,August,3,1,0.7,0.73,0.73,0.7,0.71,0.73,11400.0,2700.0,7980.0,1971.0,0.7142857142857143,0.7107142857142856,0.015118578920371,0.7,0.73,0.0,0.0,0.0,0.0,50.0,0.7102502298494113,0.7105977959096257,-0.0003475660602143,0.000142548595116,-0.0004901146553304,0.0106187862154542,0.7334186203313825,0.6875813796686173,0.0458372406627651,0.7
2019-08-21,MTNGH,0.8,0.67,0.7,0.7,0.7,0.7,0.0,0.0,0.0,0.7089999999999999,2019,8,August,3,2,0.7,0.71,0.73,0.7,0.7,0.73,51000.0,12900.0,35710.0,9210.0,0.7142857142857143,0.7107142857142856,0.015118578920371,0.7,0.73,0.0,0.0,0.0,0.0,50.0,0.7086732714110404,0.7098127739903941,-0.0011395025793536,-0.0001138616397778,-0.0010256409395758,0.0106187862154542,0.7333959060746096,0.6866040939253903,0.0467918121492192,0.7
2019-08-22,MTNGH,0.8,0.67,0.7,0.7,0.71,0.7,0.0,212200.0,148928.0,0.709,2019,8,August,3,3,0.7,0.7,0.73,0.73,0.7,0.71,0.0,11400.0,0.0,7980.0,0.71,0.7092857142857143,0.0141421356237329,0.7,0.73,0.0,0.0,-4.109589041095894,-0.03,37.5,0.707338921963188,0.7090859018429575,-0.0017469798797694,-0.0004404852877761,-0.0013064945919932,0.0106187862154542,0.7323057481050524,0.6856942518949475,0.0466114962101049,0.7
2019-08-23,MTNGH,0.8,0.67,0.7,0.7,0.69,0.7,0.0,900.0,633.0,0.7086666666666666,2019,8,August,3,4,0.7,0.7,0.71,0.73,0.7,0.7,212200.0,51000.0,148928.0,35710.0,0.7057142857142856,0.7078571428571429,0.0113389341902792,0.7,0.73,0.0,0.0,-4.109589041095894,-0.03,37.5,0.7062098570457744,0.7084128720768125,-0.002203015031038,-0.0007929912364285,-0.0014100237946094,0.0107425461995953,0.7310331568784825,0.6849668431215175,0.046066313756965,0.7
2019-08-26,MTNGH,0.8,0.67,0.7,0.7,0.7,0.7,0.0,4512700.0,3158890.0,0.708,2019,8,August,3,0,0.7,0.7,0.7,0.73,0.7,0.7,900.0,0.0,633.0,0.0,0.7014285714285714,0.7071428571428572,0.0037796447300995,0.7,0.71,0.0,0.0,-4.109589041095894,-0.03,42.85714285714285,0.7052544944233476,0.707789696367419,-0.0025352019440713,-0.0011414333779571,-0.0013937685661142,0.0106350104972081,0.7310331568784825,0.6849668431215175,0.046066313756965,0.72
2019-08-27,MTNGH,0.8,0.67,0.7,0.7,0.72,0.72,0.02,13300.0,9576.0,0.7083333333333333,2019,8,August,3,1,0.7,0.7,0.7,0.71,0.7,0.7,4512700.0,212200.0,3158890.0,148928.0,0.7028571428571428,0.7085714285714285,0.0075592894601882,0.7,0.72,0.0285714285714286,0.0281708769666964,1.4084507042253531,0.01,62.50000000000001,0.7075230337428325,0.7086941633031657,-0.0011711295603331,-0.0011473726144323,-2.375694590084354e-05,0.0108543121363764,0.7321420677695579,0.6848579322304421,0.0472841355391158,0.73
2019-08-28,MTNGH,0.8,0.67,0.72,0.72,0.72,0.73,0.01,15900.0,11672.0,0.7093333333333333,2019,8,August,3,2,0.72,0.7,0.7,0.7,0.7,0.7,13300.0,900.0,9576.0,633.0,0.7071428571428572,0.7107142857142856,0.0125356634105624,0.7,0.73,0.0138888888888888,0.0137933221323357,4.28571428571429,0.03,66.66666666666666,0.7109810285516276,0.7102723734288571,0.0007086551227705,-0.0007761670669917,0.0014848221897622,0.0114269292744614,0.7351312344974883,0.6848687655025116,0.0502624689949766,0.72
2019-08-29,MTNGH,0.8,0.67,0.73,0.73,0.72,0.72,-0.01,10700.0,7706.0,0.7099999999999999,2019,8,August,3,3,0.73,0.7,0.7,0.7,0.72,0.7,15900.0,4512700.0,11672.0,3158890.0,0.71,0.7121428571428571,0.0129099444873602,0.7,0.73,-0.0136986301369863,-0.0137933221323358,2.85714285714286,0.02,60.0,0.7123685626206079,0.7109929383600528,0.001375624260555,-0.0003458088014823,0.0017214330620374,0.0114470294294408,0.7360473236305191,0.6859526763694809,0.0500946472610381,0.72
2019-08-30,MTNGH,0.8,0.67,0.72,0.72,0.72,0.72,0.0,4500.0,3240.0,0.7106666666666667,2019,8,August,3,4,0.72,0.72,0.7,0.7,0.73,0.7,10700.0,13300.0,7706.0,9576.0,0.7128571428571427,0.7135714285714286,0.0125356634105625,0.7,0.73,0.0,0.0,2.85714285714286,0.02,60.0,0.713542629909745,0.7116601281111601,0.0018825017985849,9.98533185310775e-05,0.0017826484800538,0.0114269292744613,0.7360473236305192,0.685952676369481,0.0500946472610381,0.7
2019-09-02,MTNGH,0.8,0.67,0.72,0.72,0.7,0.7,-0.02,43100.0,30270.0,0.7106666666666667,2019,9,September,3,0,0.72,0.73,0.7,0.7,0.72,0.72,4500.0,15900.0,3240.0,11672.0,0.7128571428571429,0.7114285714285714,0.0125356634105625,0.7,0.73,-0.0277777777777777,-0.0281708769666963,0.0,0.0,33.33333333333333,0.7114591483851689,0.7107964149177408,0.000662733467428,0.0002124293483104,0.0004503041191175,0.0114269292744613,0.7351312344974883,0.6848687655025116,0.0502624689949766,0.7
2019-09-03,MTNGH,0.8,0.67,0.7,0.7,0.7,0.7,0.0,48000.0,33683.0,0.7099999999999999,2019,9,September,3,1,0.7,0.72,0.72,0.7,0.72,0.73,43100.0,10700.0,30270.0,7706.0,0.7128571428571429,0.7092857142857143,0.0125356634105625,0.7,0.73,0.0,0.0,0.0,0.0,33.33333333333333,0.7096962024797582,0.7099966804793896,-0.0003004779996313,0.0001098478787221,-0.0004103258783534,0.0114470294294408,0.73502604449122,0.68397395550878,0.0510520889824399,0.72
2019-09-04,MTNGH,0.8,0.67,0.7,0.7,0.72,0.72,0.02,14340200.0,10324904.0,0.7103333333333333,2019,9,September,3,2,0.7,0.72,0.73,0.7,0.7,0.72,48000.0,4500.0,33683.0,3240.0,0.7157142857142856,0.7085714285714285,0.0113389341902794,0.7,0.73,0.0285714285714286,0.0281708769666964,2.85714285714286,0.02,45.45454545454546,0.7112814020982569,0.7107376671105459,0.0005437349877109,0.0001966253005198,0.0003471096871911,0.0115917132509313,0.73602604449122,0.6849739555087798,0.0510520889824401,0.7
2019-09-05,MTNGH,0.8,0.67,0.72,0.72,0.7,0.7,-0.02,11000.0,7700.0,0.7096666666666667,2019,9,September,3,3,0.72,0.7,0.72,0.72,0.7,0.72,14340200.0,43100.0,10324904.0,30270.0,0.7128571428571429,0.7078571428571427,0.0125356634105625,0.7,0.73,-0.0277777777777777,-0.0281708769666963,-2.7777777777777803,-0.02,45.45454545454546,0.7095458017754481,0.7099422843616165,-0.0003964825861684,7.800372318221763e-05,-0.0004744863093506,0.0115917132509314,0.73602604449122,0.6849739555087798,0.0510520889824401,0.7
2019-09-06,MTNGH,0.8,0.67,0.7,0.7,0.7,0.7,0.0,6100.0,4270.0,0.709,2019,9,September,3,4,0.7,0.7,0.72,0.73,0.72,0.7,11000.0,48000.0,7700.0,33683.0,0.7085714285714284,0.7078571428571429,0.0106904496764996,0.7,0.72,0.0,0.0,-4.109589041095894,-0.03,50.0,0.7080772168869176,0.7092058188533487,-0.001128601966431,-0.0001633174147404,-0.0009652845516906,0.0115519814690785,0.73602604449122,0.6849739555087798,0.0510520889824401,0.7
2019-09-09,MTNGH,0.8,0.67,0.7,0.7,0.7,0.7,0.0,42400.0,29695.0,0.709,2019,9,September,3,0,0.7,0.72,0.7,0.72,0.7,0.7,6100.0,14340200.0,4270.0,10324904.0,0.7057142857142856,0.7078571428571429,0.0097590007294881,0.7,0.72,0.0,0.0,-2.7777777777777803,-0.02,50.0,0.706834568135084,0.7085239063456932,-0.0016893382106091,-0.0004685215739141,-0.0012208166366949,0.0115519814690785,0.73602604449122,0.6849739555087798,0.0510520889824401,0.7
2019-09-10,MTNGH,0.8,0.67,0.7,0.7,0.7,0.7,0.0,138900.0,97230.0,0.7086666666666666,2019,9,September,3,1,0.7,0.7,0.7,0.72,0.7,0.72,42400.0,11000.0,29695.0,7700.0,0.7028571428571428,0.7078571428571427,0.007559289460188,0.7,0.72,0.0,0.0,-2.7777777777777803,-0.02,50.0,0.7057830961143019,0.7078925058756418,-0.0021094097613398,-0.0007966992113993,-0.0013127105499405,0.0116658456197077,0.7331922127531577,0.684807787246842,0.0483844255063157,0.7
2019-09-11,MTNGH,0.8,0.67,0.7,0.7,0.72,0.7,0.0,31800.0,22336.0,0.7086666666666666,2019,9,September,3,2,0.7,0.7,0.72,0.7,0.7,0.7,138900.0,6100.0,97230.0,4270.0,0.7028571428571428,0.7078571428571429,0.007559289460188,0.7,0.72,0.0,0.0,0.0,0.0,50.0,0.7048933890197939,0.7073078758107794,-0.0024144867909854,-0.0011202567273165,-0.0012942300636688,0.0116658456197077,0.7298606797749824,0.6851393202250177,0.0447213595499647,0.71
2019-09-12,MTNGH,0.8,0.67,0.7,0.7,0.71,0.71,0.01,52100.0,36978.0,0.709,2019,9,September,3,3,0.7,0.7,0.7,0.7,0.7,0.7,31800.0,42400.0,22336.0,29695.0,0.7042857142857143,0.7085714285714284,0.0078679579246978,0.7,0.72,0.0142857142857142,0.0141846349919563,1.42857142857143,0.01,54.54545454545455,0.7056790214782872,0.7075072924173883,-0.001828270939101,-0.0012618595696734,-0.0005664113694276,0.0115519814690785,0.7262617386833439,0.6867382613166559,0.0395234773666879,0.7
2019-09-13,MTNGH,0.8,0.67,0.71,0.71,0.71,0.7,-0.01,50100.0,35194.0,0.7083333333333333,2019,9,September,3,4,0.71,0.7,0.7,0.72,0.7,0.7,52100.0,138900.0,36978.0,97230.0,0.7014285714285713,0.7085714285714285,0.0037796447300991,0.7,0.71,-0.0140845070422535,-0.0141846349919564,-2.7777777777777803,-0.02,50.0,0.704805325866243,0.706951196682767,-0.0021458708165239,-0.0014386618190435,-0.0007072089974804,0.0114721050989853,0.7258944583661758,0.6861055416338241,0.0397889167323517,0.7
2019-09-16,MTNGH,0.8,0.67,0.7,0.7,0.7,0.7,0.0,3400.0,2380.0,0.7076666666666667,2019,9,September,3,0,0.7,0.7,0.7,0.7,0.71,0.7,50100.0,31800.0,35194.0,22336.0,0.7014285714285713,0.7071428571428571,0.0037796447300991,0.7,0.71,0.0,0.0,0.0,0.0,40.0,0.7040660449637441,0.7064362932247842,-0.00237024826104,-0.0016249791074428,-0.0007452691535971,0.0113512367041001,0.7258944583661758,0.6861055416338241,0.0397889167323517,0.71
2019-09-17,MTNGH,0.8,0.67,0.7,0.7,0.71,0.71,0.01,18052400.0,12816679.0,0.7076666666666666,2019,9,September,3,1,0.7,0.71,0.7,0.7,0.7,0.7,3400.0,52100.0,2380.0,36978.0,0.7028571428571428,0.7057142857142857,0.004879500364748,0.7,0.71,0.0142857142857142,0.0141846349919563,1.42857142857143,0.01,40.0,0.7049789611231682,0.7067002715044298,-0.0017213103812616,-0.0016442453622066,-7.706501905505145e-05,0.0113512367041001,0.726261738683344,0.686738261316656,0.0395234773666879,0.71
2019-09-18,MTNGH,0.8,0.67,0.71,0.71,0.71,0.71,0.0,9053000.0,6427140.0,0.708,2019,9,September,3,2,0.71,0.7,0.7,0.7,0.7,0.71,18052400.0,50100.0,12816679.0,35194.0,0.7042857142857143,0.705,0.0053452248382534,0.7,0.71,0.0,0.0,1.42857142857143,0.01,44.44444444444444,0.7057514286426807,0.706944695837435,-0.0011932671947543,-0.0015540497287161,0.0003607825339618,0.0112648369594949,0.7265744193971659,0.687425580602834,0.0391488387943319,0.7
2019-09-19,MTNGH,0.8,0.67,0.71,0.71,0.7,0.7,-0.01,68400.0,47898.0,0.708,2019,9,September,3,3,0.71,0.7,0.71,0.7,0.71,0.7,9053000.0,3400.0,6427140.0,2380.0,0.7042857142857143,0.7035714285714284,0.0053452248382534,0.7,0.71,-0.0140845070422535,-0.0141846349919564,0.0,0.0,40.0,0.7048665934668836,0.706430273923551,-0.0015636804566673,-0.0015559758743063,-7.704582360937339e-06,0.0112648369594949,0.7265744193971659,0.687425580602834,0.0391488387943319,0.7
2019-09-20,MTNGH,0.8,0.67,0.7,0.7,0.71,0.7,0.0,640100.0,448762.0,0.708,2019,9,September,3,4,0.7,0.71,0.7,0.7,0.71,0.7,68400.0,18052400.0,47898.0,12816679.0,0.7042857142857143,0.7035714285714285,0.0053452248382534,0.7,0.71,0.0,0.0,0.0,0.0,50.0,0.7041178867796707,0.7059539573366213,-0.0018360705569505,-0.0016119948108352,-0.0002240757461153,0.0112648369594949,0.7265744193971659,0.687425580602834,0.0391488387943319,0.7
2019-09-24,MTNGH,0.8,0.67,0.7,0.7,0.7,0.7,0.0,6600.0,4620.0,0.7080000000000001,2019,9,September,3,1,0.7,0.71,0.7,0.71,0.7,0.71,640100.0,9053000.0,448762.0,6427140.0,0.7028571428571427,0.7035714285714285,0.0048795003647481,0.7,0.71,0.0,0.0,-1.4084507042253531,-0.01,50.0,0.7034843657366445,0.7055129234598344,-0.0020285577231898,-0.0016953073933061,-0.0003332503298837,0.0112648369594949,0.7265744193971659,0.687425580602834,0.0391488387943319,0.7
2019-09-25,MTNGH,0.8,0.67,0.7,0.7,0.7,0.7,0.0,0.0,0.0,0.7070000000000001,2019,9,September,3,2,0.7,0.7,0.71,0.7,0.7,0.71,6600.0,68400.0,4620.0,47898.0,0.7028571428571428,0.7021428571428572,0.0048795003647481,0.7,0.71,0.0,0.0,0.0,0.0,33.33333333333333,0.7029483094694684,0.7051045587591059,-0.0021562492896375,-0.0017874957725724,-0.0003687535170651,0.0105536396728661,0.7248064938392463,0.6871935061607536,0.0376129876784927,0.7
2019-09-26,MTNGH,0.8,0.67,0.7,0.7,0.7,0.7,0.0,9211100.0,6447770.0,0.706,2019,9,September,3,3,0.7,0.7,0.71,0.7,0.7,0.7,0.0,640100.0,0.0,448762.0,0.7028571428571428,0.7021428571428572,0.0048795003647481,0.7,0.71,0.0,0.0,0.0,0.0,50.0,0.7024947233972425,0.7047264432954684,-0.0022317198982259,-0.0018763405977031,-0.0003553793005227,0.0096846839622232,0.7196830930903014,0.6893169069096986,0.0303661861806028,0.7
2019-09-27,MTNGH,0.8,0.67,0.7,0.7,0.7,0.7,0.0,18243700.0,12770590.0,0.705,2019,9,September,3,4,0.7,0.7,0.7,0.71,0.7,0.7,9211100.0,6600.0,6447770.0,4620.0,0.7014285714285714,0.7021428571428571,0.0037796447300992,0.7,0.71,0.0,0.0,-1.4084507042253531,-0.01,50.0,0.7021109197976667,0.704376336384693,-0.0022654165870262,-0.0019541557955677,-0.0003112607914585,0.0086103386132225,0.7169164078649717,0.6900835921350281,0.0268328157299435,0.69
2019-09-30,MTNGH,0.8,0.67,0.7,0.7,0.69,0.69,-0.01,21300.0,14697.0,0.7043333333333333,2019,9,September,3,0,0.7,0.7,0.7,0.71,0.7,0.7,18243700.0,0.0,12770590.0,0.0,0.6985714285714285,0.7014285714285714,0.0037796447300991,0.69,0.7,-0.0142857142857143,-0.0143887374520996,-2.8169014084507067,-0.02,40.0,0.7002477013672564,0.7033114225784194,-0.0030637212111629,-0.0021760688786867,-0.0008876523324761,0.0089763418296958,0.714311740224992,0.6896882597750079,0.024623480449984,0.69
2019-10-01,MTNGH,0.8,0.67,0.69,0.69,0.69,0.69,0.0,3500.0,2415.0,0.704,2019,10,October,4,1,0.69,0.7,0.7,0.7,0.7,0.7,21300.0,9211100.0,14697.0,6447770.0,0.6971428571428572,0.7007142857142857,0.0048795003647479,0.69,0.7,0.0,0.0,-1.42857142857143,-0.01,40.0,0.69867113192614,0.7023253912763142,-0.0036542593501741,-0.0024717069729842,-0.0011825523771898,0.009321831993981,0.7149164078649713,0.6880835921350287,0.0268328157299426,0.69
2019-10-02,MTNGH,0.8,0.67,0.69,0.69,0.69,0.69,0.0,28600.0,19774.0,0.7036666666666667,2019,10,October,4,2,0.69,0.7,0.7,0.7,0.69,0.7,3500.0,18243700.0,2415.0,12770590.0,0.6957142857142856,0.7,0.0053452248382532,0.69,0.7,0.0,0.0,-1.42857142857143,-0.01,40.0,0.6973371116298108,0.7014123993299206,-0.0040752877001097,-0.0027924231184093,-0.0012828645817004,0.0096430547933212,0.7153636969291663,0.6866363030708336,0.0287273938583327,0.7
2019-10-03,MTNGH,0.8,0.67,0.69,0.69,0.7,0.7,0.01,14343100.0,10039967.0,0.7036666666666667,2019,10,October,4,3,0.69,0.69,0.7,0.7,0.69,0.7,28600.0,21300.0,19774.0,14697.0,0.6957142857142857,0.6992857142857142,0.0053452248382532,0.69,0.7,0.0144927536231884,0.0143887374520996,0.0,0.0,40.0,0.6977467867636862,0.7013077771573338,-0.0035609903936476,-0.002946136573457,-0.0006148538201906,0.0096430547933212,0.711239029738947,0.6887609702610529,0.0224780594778941,0.7
2019-10-04,MTNGH,0.8,0.67,0.7,0.7,0.7,0.7,0.0,1758000.0,1230600.0,0.7036666666666666,2019,10,October,4,4,0.7,0.69,0.7,0.7,0.69,0.69,14343100.0,3500.0,10039967.0,2415.0,0.6957142857142857,0.6992857142857142,0.0053452248382532,0.69,0.7,0.0,0.0,0.0,0.0,50.0,0.6980934349538883,0.7012109047753091,-0.0031174698214208,-0.0029804032230497,-0.000137066598371,0.0096430547933212,0.711239029738947,0.6887609702610529,0.0224780594778941,0.71
2019-10-07,MTNGH,0.8,0.67,0.7,0.7,0.7,0.71,0.01,2400.0,1700.0,0.704,2019,10,October,4,0,0.7,0.69,0.69,0.7,0.7,0.69,1758000.0,28600.0,1230600.0,19774.0,0.6971428571428572,0.7,0.0075592894601879,0.69,0.71,0.0142857142857142,0.0141846349919563,1.42857142857143,0.01,60.0,0.6999252141917517,0.701861948866027,-0.0019367346742753,-0.0027716695132948,0.0008349348390195,0.0096846839622233,0.7125961063765551,0.6884038936234447,0.0241922127531104,0.7
2019-10-08,MTNGH,0.8,0.67,0.71,0.71,0.7,0.7,-0.01,21500.0,15050.0,0.704,2019,10,October,4,1,0.71,0.7,0.69,0.7,0.7,0.69,2400.0,14343100.0,1700.0,10039967.0,0.697142857142857,0.6992857142857142,0.0075592894601879,0.69,0.71,-0.0140845070422535,-0.0141846349919564,0.0,0.0,40.0,0.6999367197007129,0.7017240267278028,-0.0017873070270898,-0.0025747970160538,0.000787489988964,0.0096846839622233,0.7125961063765552,0.6884038936234448,0.0241922127531104,0.7
2019-10-09,MTNGH,0.8,0.67,0.7,0.7,0.7,0.7,0.0,5700.0,3990.0,0.7033333333333334,2019,10,October,4,2,0.7,0.7,0.69,0.69,0.71,0.7,21500.0,1758000.0,15050.0,1230600.0,0.6985714285714285,0.6985714285714285,0.0069006555934273,0.69,0.71,0.0,0.0,1.449275362318842,0.01,40.0,0.6999464551313725,0.7015963210442618,-0.0016498659128892,-0.0023898107954209,0.0007399448825316,0.0092226607475412,0.7125961063765552,0.6884038936234448,0.0241922127531104,0.7
2019-10-10,MTNGH,0.8,0.67,0.7,0.7,0.69,0.7,0.0,13400.0,9363.0,0.7023333333333334,2019,10,October,4,3,0.7,0.71,0.7,0.69,0.7,0.7,5700.0,2400.0,3990.0,1700.0,0.7,0.6985714285714285,0.0057735026919008,0.69,0.71,0.0,0.0,1.449275362318842,0.01,50.0,0.699954692803469,0.7014780750409831,-0.0015233822375141,-0.0022165250838396,0.0006931428463254,0.0077385436272683,0.7125961063765551,0.6884038936234447,0.0241922127531104,0.7
2019-10-11,MTNGH,0.8,0.67,0.7,0.7,0.7,0.7,0.0,1000.0,700.0,0.7016666666666667,2019,10,October,4,4,0.7,0.7,0.7,0.69,0.7,0.71,13400.0,21500.0,9363.0,15050.0,0.7014285714285714,0.6985714285714285,0.0037796447300992,0.7,0.71,0.0,0.0,1.449275362318842,0.01,50.0,0.6999616631413967,0.7013685880009103,-0.0014069248595135,-0.0020546050389743,0.0006476801794608,0.0069893186157532,0.711239029738947,0.6887609702610529,0.0224780594778941,0.7
2019-10-14,MTNGH,0.8,0.67,0.7,0.7,0.7,0.7,0.0,5300.0,3710.0,0.701,2019,10,October,4,0,0.7,0.7,0.71,0.7,0.7,0.7,1000.0,5700.0,700.0,3990.0,0.7014285714285713,0.6985714285714285,0.0037796447300992,0.7,0.71,0.0,0.0,0.0,0.0,50.0,0.6999675611196434,0.7012672111119539,-0.0012996499923104,-0.0019036140296416,0.0006039640373311,0.0060742531824093,0.711239029738947,0.6887609702610529,0.0224780594778941,0.7
2019-10-15,MTNGH,0.8,0.67,0.7,0.7,0.7,0.7,0.0,2500.0,1750.0,0.701,2019,10,October,4,1,0.7,0.7,0.7,0.7,0.7,0.7,5300.0,13400.0,3710.0,9363.0,0.7014285714285713,0.6985714285714285,0.0037796447300992,0.7,0.71,0.0,0.0,0.0,0.0,50.0,0.6999725517166213,0.7011733436221795,-0.0012007919055582,-0.0017630496048249,0.0005622576992667,0.0060742531824093,0.711239029738947,0.6887609702610529,0.0224780594778941,0.7
2019-10-16,MTNGH,0.8,0.67,0.7,0.7,0.7,0.7,0.0,800.0,560.0,0.701,2019,10,October,4,2,0.7,0.7,0.7,0.71,0.7,0.7,2500.0,1000.0,1750.0,700.0,0.7,0.6985714285714285,0.0,0.7,0.7,0.0,0.0,-1.4084507042253531,-0.01,50.0,0.6999767745294487,0.7010864292797958,-0.001109654750347,-0.0016323706339293,0.0005227158835822,0.0060742531824093,0.709708355710644,0.6892916442893559,0.020416711421288,0.7
2019-10-17,MTNGH,0.8,0.67,0.7,0.7,0.7,0.7,0.0,0.0,0.0,0.7003333333333334,2019,10,October,4,3,0.7,0.7,0.7,0.7,0.7,0.7,800.0,5300.0,560.0,3710.0,0.7,0.6985714285714285,0.0,0.7,0.7,0.0,0.0,0.0,0.0,50.0,0.6999803476787643,0.701005953036848,-0.0010256053580837,-0.0015110175787602,0.0004854122206765,0.0049013251785226,0.7079442719099569,0.690055728090043,0.0178885438199138,0.7
2019-10-18,MTNGH,0.8,0.67,0.7,0.7,0.69,0.7,0.0,75700.0,52846.0,0.7003333333333333,2019,10,October,4,4,0.7,0.7,0.7,0.7,0.7,0.7,0.0,2500.0,0.0,1750.0,0.7,0.6992857142857142,0.0,0.7,0.7,0.0,0.0,0.0,0.0,66.66666666666666,0.6999833711128005,0.7009314379970815,-0.0009480668842809,-0.0013984274398643,0.0004503605555834,0.0049013251785226,0.707944271909957,0.6900557280900431,0.0178885438199138,0.7
2019-10-21,MTNGH,0.8,0.67,0.7,0.7,0.7,0.7,0.0,5900.0,4130.0,0.7003333333333333,2019,10,October,4,0,0.7,0.7,0.7,0.7,0.7,0.7,75700.0,800.0,52846.0,560.0,0.7,0.7,0.0,0.7,0.7,0.0,0.0,0.0,0.0,66.66666666666666,0.699985929403139,0.7008624425898902,-0.0008765131867511,-0.0012940445892417,0.0004175314024905,0.0049013251785226,0.7079442719099569,0.690055728090043,0.0178885438199138,0.7
2019-10-22,MTNGH,0.8,0.67,0.7,0.7,0.7,0.7,0.0,46800.0,32760.0,0.7003333333333333,2019,10,October,4,1,0.7,0.7,0.7,0.7,0.7,0.7,5900.0,0.0,4130.0,0.0,0.7,0.7007142857142856,0.0,0.7,0.7,0.0,0.0,0.0,0.0,66.66666666666666,0.6999880941103485,0.700798557953602,-0.0008104638432535,-0.0011973284400441,0.0003868645967905,0.0049013251785226,0.7079442719099569,0.690055728090043,0.0178885438199138,0.7
2019-10-23,MTNGH,0.8,0.67,0.7,0.7,0.7,0.7,0.0,37500.0,26275.0,0.7003333333333333,2019,10,October,4,2,0.7,0.7,0.7,0.7,0.7,0.7,46800.0,75700.0,32760.0,52846.0,0.7,0.7007142857142857,0.0,0.7,0.7,0.0,0.0,0.0,0.0,50.0,0.6999899257856794,0.7007394055125944,-0.0007494797269149,-0.0011077586974182,0.0003582789705033,0.0049013251785226,0.7079442719099569,0.690055728090043,0.0178885438199138,0.7
2019-10-24,MTNGH,0.8,0.67,0.7,0.7,0.7,0.7,0.0,516800.0,361760.0,0.7003333333333334,2019,10,October,4,3,0.7,0.7,0.7,0.7,0.7,0.7,37500.0,5900.0,26275.0,4130.0,0.7,0.7007142857142856,0.0,0.7,0.7,0.0,0.0,0.0,0.0,50.0,0.6999914756648056,0.7006846347338836,-0.000693159069078,-0.0010248387717502,0.0003316797026721,0.0049013251785226,0.7079442719099569,0.690055728090043,0.0178885438199138,0.7
2019-10-25,MTNGH,0.8,0.67,0.7,0.7,0.7,0.7,0.0,1276700.0,893558.0,0.7,2019,10,October,4,4,0.7,0.7,0.7,0.7,0.7,0.7,516800.0,46800.0,361760.0,32760.0,0.7,0.7,0.0,0.7,0.7,0.0,0.0,0.0,0.0,0.0,0.6999927871009892,0.7006339210498922,-0.0006411339489029,-0.0009480978071807,0.0003069638582778,0.0045485882614594,0.707944271909957,0.6900557280900431,0.0178885438199138,0.71
2019-11-22,MTNGH,0.8,0.67,0.7,0.7,0.71,0.71,0.01,1000.0,710.0,0.7003333333333333,2019,11,November,4,4,0.7,0.7,0.7,0.7,0.7,0.7,436500.0,0.0,305550.0,0.0,0.7014285714285713,0.7007142857142856,0.0037796447300992,0.7,0.71,0.0142857142857142,0.0141846349919563,1.42857142857143,0.01,100.0,0.701538206211599,0.7008767473656307,0.0006614588459683,-4.127972939337724e-05,0.0007027385753617,0.0018257418583157,0.7049721359549161,0.6960278640450837,0.0089442719098324,0.71
2019-11-25,MTNGH,0.8,0.67,0.7,0.7,0.71,0.71,0.01,1000.0,710.0,0.7006666666666667,2019,11,November,4,0,0.71,0.7,0.7,0.7,0.7,0.7,1000.0,4800.0,710.0,3370.0,0.7028571428571427,0.7014285714285714,0.0048795003647481,0.7,0.71,0.0,0.0,1.42857142857143,0.01,100.0,0.7028400206405838,0.7015525438570654,0.0012874767835183,0.0002244715731889,0.0010630052103293,0.0025370813169995,0.7071558701124506,0.6948441298875493,0.0123117402249013,0.7
2019-11-26,MTNGH,0.8,0.67,0.7,0.7,0.7,0.7,0.0,8300.0,5810.0,0.7006666666666667,2019,11,November,4,1,0.71,0.7,0.7,0.7,0.7,0.7,1000.0,436500.0,710.0,305550.0,0.7028571428571428,0.7014285714285713,0.0048795003647481,0.7,0.71,-0.0140845070422535,-0.0141846349919564,0.0,0.0,50.0,0.7024030943881863,0.7014375406083939,0.0009655537797923,0.0003726880145096,0.0005928657652827,0.0025370813169995,0.7071558701124506,0.6948441298875493,0.0123117402249013,0.7
2019-11-27,MTNGH,0.8,0.67,0.7,0.7,0.7,0.7,0.0,1163200.0,814240.0,0.7006666666666667,2019,11,November,4,2,0.7,0.71,0.7,0.7,0.7,0.7,8300.0,1000.0,5810.0,710.0,0.7028571428571428,0.7014285714285713,0.0048795003647481,0.7,0.71,0.0,0.0,0.0,0.0,50.0,0.7020333875592346,0.7013310561188832,0.0007023314403513,0.0004386166996779,0.0002637147406733,0.0025370813169995,0.7071558701124505,0.6948441298875492,0.0123117402249013,0.7
2019-11-28,MTNGH,0.8,0.67,0.7,0.7,0.7,0.7,0.0,2030000.0,1421000.0,0.7006666666666665,2019,11,November,4,3,0.7,0.71,0.7,0.7,0.7,0.7,1163200.0,1000.0,814240.0,710.0,0.7028571428571428,0.7014285714285714,0.0048795003647481,0.7,0.71,0.0,0.0,0.0,0.0,50.0,0.7017205587039677,0.7012324593693363,0.0004880993346313,0.0004485132266686,3.958610796268039e-05,0.0025370813169995,0.7071558701124506,0.6948441298875493,0.0123117402249013,0.7
2019-11-29,MTNGH,0.8,0.67,0.7,0.7,0.7,0.7,0.0,900.0,630.0,0.7006666666666667,2019,11,November,4,4,0.7,0.7,0.71,0.7,0.7,0.7,2030000.0,8300.0,1421000.0,5810.0,0.7028571428571427,0.7014285714285713,0.0048795003647481,0.7,0.71,0.0,0.0,0.0,0.0,50.0,0.7014558573648957,0.7011411660827188,0.0003146912821768,0.0004217488377703,-0.0001070575555934,0.0025370813169995,0.7071558701124506,0.6948441298875493,0.0123117402249013,0.7
2019-12-02,MTNGH,0.8,0.67,0.7,0.7,0.7,0.7,0.0,4000.0,2800.0,0.7006666666666667,2019,12,December,4,0,0.7,0.7,0.71,0.7,0.7,0.7,900.0,1163200.0,630.0,814240.0,0.7028571428571428,0.7014285714285714,0.0048795003647481,0.7,0.71,0.0,0.0,0.0,0.0,50.0,0.701231879308758,0.7010566352617766,0.0001752440469813,0.0003724478796125,-0.0001972038326311,0.0025370813169995,0.7071558701124506,0.6948441298875493,0.0123117402249013,0.7
2019-12-03,MTNGH,0.8,0.67,0.7,0.7,0.7,0.7,0.0,16400.0,11480.0,0.7006666666666667,2019,12,December,4,1,0.7,0.7,0.7,0.71,0.7,0.7,4000.0,2030000.0,2800.0,1421000.0,0.7014285714285714,0.7014285714285714,0.0037796447300992,0.7,0.71,0.0,0.0,-1.4084507042253531,-0.01,50.0,0.701042359415103,0.7009783659831265,6.399343197649454e-05,0.0003107569900853,-0.0002467635581088,0.0025370813169995,0.7071558701124506,0.6948441298875493,0.0123117402249013,0.7
2019-12-04,MTNGH,0.8,0.67,0.7,0.7,0.73,0.7,0.0,466800.0,326463.0,0.7006666666666667,2019,12,December,4,2,0.7,0.7,0.7,0.71,0.7,0.7,16400.0,900.0,11480.0,630.0,0.7,0.7014285714285713,0.0,0.7,0.7,0.0,0.0,-1.4084507042253531,-0.01,50.0,0.7008819964281641,0.7009058944288208,-2.38980006567191e-05,0.0002438259919369,-0.0002677239925936,0.0025370813169995,0.7071558701124505,0.6948441298875492,0.0123117402249013,0.7
2019-12-05,MTNGH,0.8,0.67,0.7,0.7,0.73,0.7,0.0,0.0,0.0,0.7006666666666665,2019,12,December,4,3,0.7,0.7,0.7,0.7,0.7,0.7,466800.0,4000.0,326463.0,2800.0,0.7,0.7014285714285714,0.0,0.7,0.7,0.0,0.0,0.0,0.0,50.0,0.7007463046699849,0.700838791137797,-9.24864678121251e-05,0.000176563499987,-0.0002690499677992,0.0025370813169995,0.7071558701124506,0.6948441298875493,0.0123117402249013,0.7
2019-12-09,MTNGH,0.8,0.67,0.7,0.7,0.7,0.7,0.0,6600.0,4620.0,0.7006666666666667,2019,12,December,4,0,0.7,0.7,0.7,0.7,0.7,0.7,0.0,16400.0,0.0,11480.0,0.7,0.7014285714285713,0.0,0.7,0.7,0.0,0.0,0.0,0.0,50.0,0.7006314885669103,0.7007766584609231,-0.0001451698940128,0.0001122168211871,-0.0002573867151999,0.0025370813169995,0.7071558701124506,0.6948441298875493,0.0123117402249013,0.71
2019-12-10,MTNGH,0.8,0.67,0.7,0.7,0.71,0.71,0.01,6000.0,4243.0,0.701,2019,12,December,4,1,0.7,0.7,0.7,0.7,0.7,0.7,6600.0,466800.0,4620.0,326463.0,0.7014285714285713,0.7021428571428572,0.0037796447300992,0.7,0.71,0.0142857142857142,0.0141846349919563,1.42857142857143,0.01,66.66666666666666,0.7020727980181548,0.7014598689452992,0.0006129290728555,0.0002123592715208,0.0004005698013347,0.0030512857662727,0.7088269509706001,0.6941730490293999,0.0146539019412001,0.73
2019-12-11,MTNGH,0.8,0.67,0.71,0.71,0.73,0.73,0.02,2300.0,1679.0,0.702,2019,12,December,4,2,0.71,0.7,0.7,0.7,0.7,0.7,6000.0,0.0,4243.0,0.0,0.7057142857142857,0.7042857142857143,0.0113389341902792,0.7,0.73,0.028169014084507,0.0277795641070756,4.28571428571429,0.03,80.0,0.7063692906307464,0.7035739527271289,0.0027953379036175,0.0007289549979401,0.0020663829056773,0.0061025715325768,0.7176539019412761,0.6883460980587238,0.0293078038825522,0.71
2019-12-12,MTNGH,0.8,0.67,0.73,0.73,0.71,0.71,-0.02,46500.0,33063.0,0.7023333333333334,2019,12,December,4,3,0.73,0.7,0.7,0.7,0.71,0.7,2300.0,6600.0,1679.0,4620.0,0.7071428571428572,0.705,0.0111269728052862,0.7,0.73,-0.0273972602739726,-0.0277795641070757,1.42857142857143,0.01,57.142857142857146,0.7069278613029393,0.704049956228823,0.0028779050741162,0.0011587450131753,0.0017191600609408,0.0062606231557827,0.7184031964073877,0.6885968035926123,0.0298063928147753,0.7
2019-12-13,MTNGH,0.8,0.67,0.71,0.71,0.7,0.7,-0.01,2700.0,1890.0,0.7023333333333333,2019,12,December,4,4,0.71,0.71,0.7,0.7,0.73,0.7,46500.0,6000.0,33063.0,4243.0,0.7071428571428571,0.7042857142857143,0.0111269728052862,0.7,0.73,-0.0140845070422535,-0.0141846349919564,0.0,0.0,42.85714285714285,0.7058620364871024,0.7037499594711324,0.00211207701597,0.0013494114137343,0.0007626656022357,0.0062606231557827,0.7184031964073876,0.6885968035926122,0.0298063928147753,0.7
2019-12-16,MTNGH,0.8,0.67,0.7,0.7,0.7,0.7,0.0,101000.0,70700.0,0.7023333333333333,2019,12,December,4,0,0.7,0.73,0.7,0.7,0.71,0.71,2700.0,2300.0,1890.0,1679.0,0.7071428571428571,0.7035714285714285,0.0111269728052862,0.7,0.73,0.0,0.0,0.0,0.0,42.85714285714285,0.7049601847198559,0.7034721846954929,0.001488000024363,0.00137712913586,0.0001108708885029,0.0062606231557827,0.7184031964073877,0.6885968035926123,0.0298063928147753,0.7
2019-12-17,MTNGH,0.8,0.67,0.7,0.7,0.7,0.7,0.0,18100.0,12670.0,0.7023333333333333,2019,12,December,4,1,0.7,0.71,0.71,0.7,0.7,0.73,101000.0,46500.0,70700.0,33063.0,0.7071428571428572,0.7035714285714285,0.0111269728052862,0.7,0.73,0.0,0.0,0.0,0.0,50.0,0.7041970793783396,0.7032149858291601,0.0009820935491795,0.0012981220185239,-0.0003160284693443,0.0062606231557827,0.7184031964073876,0.6885968035926122,0.0298063928147753,0.7
2019-12-18,MTNGH,0.8,0.67,0.7,0.7,0.7,0.7,0.0,29100.0,20370.0,0.7023333333333334,2019,12,December,4,2,0.7,0.7,0.73,0.7,0.7,0.71,18100.0,2700.0,12670.0,1890.0,0.7071428571428572,0.7035714285714285,0.0111269728052862,0.7,0.73,0.0,0.0,0.0,0.0,50.0,0.7035513748585951,0.7029768387307037,0.0005745361278913,0.0011534048403974,-0.000578868712506,0.0062606231557827,0.7184031964073876,0.6885968035926122,0.0298063928147753,0.7
2019-12-19,MTNGH,0.8,0.67,0.7,0.7,0.69,0.7,0.0,2800.0,1953.0,0.7023333333333334,2019,12,December,4,3,0.7,0.7,0.71,0.71,0.7,0.7,29100.0,101000.0,20370.0,70700.0,0.7057142857142856,0.7035714285714285,0.0113389341902792,0.7,0.73,0.0,0.0,-1.4084507042253531,-0.01,50.0,0.7030050094957343,0.702756332158059,0.0002486773376753,0.000972459339853,-0.0007237820021777,0.0062606231557827,0.7184031964073877,0.6885968035926123,0.0298063928147753,0.69
2019-12-20,MTNGH,0.8,0.67,0.7,0.7,0.69,0.69,-0.01,69400.0,48050.0,0.702,2019,12,December,4,4,0.7,0.7,0.7,0.73,0.7,0.7,2800.0,18100.0,1953.0,12670.0,0.7,0.7028571428571428,0.0057735026919008,0.69,0.71,-0.0142857142857143,-0.0143887374520996,-5.479452054794526,-0.04,42.85714285714285,0.7010042388040829,0.7018114186648694,-0.0008071798607864,0.0006165314997251,-0.0014237113605115,0.0066436383882895,0.7190262941836979,0.686973705816302,0.0320525883673958,0.7
2019-12-23,MTNGH,0.8,0.67,0.69,0.69,0.7,0.7,0.01,400.0,280.0,0.702,2019,12,December,4,0,0.69,0.7,0.7,0.71,0.7,0.7,69400.0,29100.0,48050.0,20370.0,0.6985714285714285,0.7028571428571427,0.0037796447300991,0.69,0.7,0.0144927536231884,0.0143887374520996,-1.4084507042253531,-0.01,50.0,0.7008497405265317,0.7016772395045087,-0.0008274989779769,0.0003277254041846,-0.0011552243821616,0.0066436383882895,0.7182279503131177,0.6867720496868821,0.0314559006262356,0.7
2019-12-24,MTNGH,0.8,0.67,0.7,0.7,0.7,0.7,0.0,0.0,0.0,0.702,2019,12,December,4,1,0.7,0.7,0.7,0.7,0.69,0.7,400.0,2800.0,280.0,1953.0,0.6985714285714285,0.7028571428571428,0.0037796447300991,0.69,0.7,0.0,0.0,0.0,0.0,50.0,0.7007190112147577,0.7015529995412116,-0.0008339883264539,9.53826580569592e-05,-0.0009293709845109,0.0066436383882895,0.7173554379189744,0.6866445620810255,0.0307108758379488,0.7
2019-12-27,MTNGH,0.8,0.67,0.7,0.7,0.7,0.7,0.0,0.0,0.0,0.702,2019,12,December,4,4,0.7,0.69,0.7,0.7,0.7,0.7,0.0,69400.0,0.0,48050.0,0.6985714285714285,0.7028571428571428,0.0037796447300991,0.69,0.7,0.0,0.0,0.0,0.0,50.0,0.7006083941047949,0.7014379625381589,-0.000829568433364,-8.960756022723548e-05,-0.0007399608731367,0.0066436383882895,0.7173554379189744,0.6866445620810255,0.0307108758379488,0.7
2019-12-30,MTNGH,0.8,0.67,0.7,0.7,0.7,0.7,0.0,6600.0,4620.0,0.702,2019,12,December,4,0,0.7,0.7,0.7,0.7,0.7,0.69,0.0,400.0,0.0,280.0,0.6985714285714285,0.7028571428571427,0.0037796447300991,0.69,0.7,0.0,0.0,0.0,0.0,50.0,0.7005147950117496,0.7013314467945916,-0.0008166517828419,-0.0002350164047501,-0.0005816353780917,0.0066436383882895,0.7173554379189744,0.6866445620810255,0.0307108758379488,0.7
2019-12-31,MTNGH,0.8,0.67,0.7,0.7,0.7,0.7,0.0,16275200.0,11392640.0,0.702,2019,12,December,4,1,0.7,0.7,0.69,0.7,0.7,0.7,6600.0,0.0,4620.0,0.0,0.6985714285714285,0.7028571428571428,0.0037796447300991,0.69,0.7,0.0,0.0,0.0,0.0,50.0,0.7004355957791728,0.7012328211061033,-0.0007972253269304,-0.0003474581891862,-0.0004497671377442,0.0066436383882895,0.7173554379189744,0.6866445620810255,0.0307108758379488,0.7
2020-01-02,MTNGH,0.7,0.7,0.7,0.7,0.7,0.7,0.0,3700.0,2590.0,0.702,2020,1,January,1,3,0.7,0.7,0.7,0.7,0.7,0.7,16275200.0,0.0,11392640.0,0.0,0.6985714285714285,0.7021428571428571,0.0037796447300991,0.69,0.7,0.0,0.0,0.0,0.0,42.85714285714285,0.7003685810439155,0.7011415010241697,-0.0007729199802541,-0.0004325505473998,-0.0003403694328543,0.0066436383882895,0.7173554379189744,0.6866445620810255,0.0307108758379488,0.7
2020-01-03,MTNGH,0.7,0.7,0.7,0.7,0.7,0.7,0.0,217600.0,152147.0,0.702,2020,1,January,1,4,0.7,0.7,0.7,0.69,0.7,0.7,3700.0,6600.0,2590.0,4620.0,0.7,0.7000000000000001,0.0,0.7,0.7,0.0,0.0,1.449275362318842,0.01,20.0,0.7003118762679286,0.7010569453927498,-0.0007450691248211,-0.0004950542628841,-0.000250014861937,0.0066436383882895,0.7173554379189744,0.6866445620810255,0.0307108758379488,0.7
2020-01-06,MTNGH,0.7,0.7,0.7,0.7,0.7,0.7,0.0,16500.0,11614.0,0.702,2020,1,January,1,0,0.7,0.7,0.7,0.7,0.7,0.7,217600.0,16275200.0,152147.0,11392640.0,0.7,0.6992857142857142,0.0,0.7,0.7,0.0,0.0,0.0,0.0,33.33333333333333,0.7002638953036318,0.7009786531414349,-0.0007147578378031,-0.0005389949778679,-0.0001757628599352,0.0066436383882895,0.7173554379189744,0.6866445620810255,0.0307108758379488,0.7
2020-01-08,MTNGH,0.7,0.7,0.7,0.7,0.7,0.7,0.0,103200.0,72230.0,0.702,2020,1,January,1,2,0.7,0.7,0.7,0.7,0.7,0.7,16500.0,3700.0,11614.0,2590.0,0.7,0.6992857142857142,0.0,0.7,0.7,0.0,0.0,0.0,0.0,50.0,0.7002232960261499,0.7009061603161434,-0.0006828642899935,-0.000567768840293,-0.0001150954497004,0.0066436383882895,0.7173554379189744,0.6866445620810255,0.0307108758379488,0.7
2020-01-09,MTNGH,0.7,0.7,0.7,0.7,0.7,0.7,0.0,217200.0,152040.0,0.702,2020,1,January,1,3,0.7,0.7,0.7,0.7,0.7,0.7,103200.0,217600.0,72230.0,152147.0,0.7,0.6992857142857142,0.0,0.7,0.7,0.0,0.0,0.0,0.0,50.0,0.7001889427913575,0.7008390373297624,-0.0006500945384049,-0.0005842339799154,-6.586055848950372e-05,0.0066436383882895,0.7173554379189744,0.6866445620810255,0.0307108758379488,0.7
2020-01-10,MTNGH,0.7,0.7,0.7,0.7,0.7,0.7,0.0,700000.0,490000.0,0.7016666666666667,2020,1,January,1,4,0.7,0.7,0.7,0.7,0.7,0.7,217200.0,16500.0,152040.0,11614.0,0.7,0.6992857142857142,0.0,0.7,0.7,0.0,0.0,0.0,0.0,50.0,0.70015987466961,0.7007768864164466,-0.0006170117468365,-0.0005907895332996,-2.622221353694009e-05,0.0064771925236461,0.7173554379189744,0.6866445620810255,0.0307108758379488,0.7
2020-01-13,MTNGH,0.7,0.7,0.7,0.7,0.7,0.7,0.0,2250100.0,1575070.0,0.7013333333333333,2020,1,January,1,0,0.7,0.7,0.7,0.7,0.7,0.7,700000.0,103200.0,490000.0,72230.0,0.7,0.6992857142857142,0.0,0.7,0.7,0.0,0.0,0.0,0.0,50.0,0.7001352785665931,0.7007193392744876,-0.0005840607078945,-0.0005894437682186,5.3830603241079855e-06,0.0062881022482884,0.716403196407387,0.6865968035926128,0.0298063928147742,0.7
2020-01-14,MTNGH,0.7,0.7,0.7,0.7,0.7,0.7,0.0,4031500.0,2822050.0,0.7013333333333333,2020,1,January,1,1,0.7,0.7,0.7,0.7,0.7,0.7,2250100.0,217200.0,1575070.0,152040.0,0.7,0.6992857142857142,0.0,0.7,0.7,0.0,0.0,0.0,0.0,50.0,0.700114466479425,0.7006660548837848,-0.0005515884043597,-0.0005818726954468,3.0284291087093228e-05,0.0062881022482884,0.7064888568451728,0.6935111431548271,0.0129777136903457,0.69
2020-01-15,MTNGH,0.7,0.69,0.7,0.7,0.69,0.69,-0.01,85000.0,58750.0,0.7010000000000001,2020,1,January,1,2,0.7,0.7,0.7,0.7,0.7,0.7,4031500.0,700000.0,2822050.0,490000.0,0.6985714285714285,0.6992857142857142,0.0037796447300991,0.69,0.7,-0.0142857142857143,-0.0143887374520996,-1.42857142857143,-0.01,50.0,0.6985583947133596,0.6998759767442452,-0.0013175820308856,-0.0007290145625346,-0.000588567468351,0.0066176357899289,0.7051558701124495,0.6928441298875504,0.0123117402248991,0.7
2020-01-16,MTNGH,0.7,0.69,0.69,0.69,0.7,0.7,0.01,100.0,70.0,0.7010000000000001,2020,1,January,1,3,0.69,0.7,0.7,0.7,0.7,0.7,85000.0,2250100.0,58750.0,1575070.0,0.6985714285714285,0.6992857142857142,0.0037796447300991,0.69,0.7,0.0144927536231884,0.0143887374520996,0.0,0.0,50.0,0.6987801801420734,0.6998851636520789,-0.0011049835100054,-0.0008042083520287,-0.0003007751579766,0.0066176357899289,0.7051558701124495,0.6928441298875504,0.0123117402248991,0.69
2020-01-17,MTNGH,0.7,0.69,0.7,0.7,0.69,0.69,-0.01,1712900.0,1181968.0,0.7006666666666665,2020,1,January,1,4,0.7,0.7,0.7,0.7,0.69,0.7,100.0,4031500.0,70.0,2822050.0,0.697142857142857,0.6985714285714285,0.0048795003647479,0.69,0.7,-0.0142857142857143,-0.0143887374520996,-1.42857142857143,-0.01,33.33333333333333,0.6974293831971391,0.6991529293074804,-0.0017235461103413,-0.0009880759036912,-0.00073547020665,0.006914918072826,0.7058269509705986,0.6911730490294012,0.0146539019411973,0.7
2020-01-20,MTNGH,0.7,0.69,0.69,0.69,0.7,0.7,0.01,9500.0,6650.0,0.7006666666666667,2020,1,January,1,0,0.69,0.69,0.7,0.7,0.7,0.7,1712900.0,85000.0,1181968.0,58750.0,0.6971428571428572,0.6985714285714285,0.0048795003647479,0.69,0.7,0.0144927536231884,0.0143887374520996,0.0,0.0,50.0,0.6978248627052714,0.6992156752847041,-0.0013908125794326,-0.0010686232388395,-0.000322189340593,0.006914918072826,0.7058269509705986,0.6911730490294012,0.0146539019411973,0.68
2020-01-21,MTNGH,0.7,0.68,0.7,0.7,0.68,0.68,-0.02,100300.0,68210.0,0.7,2020,1,January,1,1,0.7,0.7,0.7,0.7,0.69,0.69,9500.0,100.0,6650.0,70.0,0.6942857142857142,0.6971428571428572,0.0078679579246976,0.68,0.7,-0.0285714285714284,-0.0289875368732521,-2.857142857142844,-0.0199999999999999,33.333333333333385,0.6950825761352297,0.6977922919302816,-0.0027097157950518,-0.001396841750082,-0.0013128740449698,0.0078783859715752,0.7085023920843687,0.6864976079156313,0.0220047841687374,0.68
2020-01-22,MTNGH,0.7,0.68,0.68,0.68,0.69,0.68,0.0,40517700.0,27552307.0,0.6993333333333334,2020,1,January,1,2,0.68,0.69,0.69,0.7,0.7,0.7,100300.0,1712900.0,68210.0,1181968.0,0.6914285714285714,0.6957142857142856,0.008997354108427,0.68,0.7,0.0,0.0,-2.857142857142844,-0.0199999999999999,33.333333333333385,0.6927621798067329,0.6964743443798904,-0.0037121645731574,-0.0018599063146971,-0.0018522582584603,0.0086834497090987,0.7099164078649697,0.6830835921350301,0.0268328157299395,0.7
2020-01-23,MTNGH,0.7,0.68,0.68,0.68,0.7,0.7,0.02,15800.0,11049.0,0.6993333333333334,2020,1,January,1,3,0.68,0.7,0.7,0.7,0.68,0.69,40517700.0,9500.0,27552307.0,6650.0,0.6914285714285714,0.6957142857142857,0.008997354108427,0.68,0.7,0.0294117647058822,0.0289875368732521,0.0,0.0,50.0,0.6938756906056971,0.696735504055454,-0.0028598134497569,-0.002059887741709,-0.0007999257080478,0.0086834497090987,0.7101389337066063,0.6838610662933936,0.0262778674132126,0.68
2020-01-24,MTNGH,0.7,0.68,0.7,0.7,0.69,0.68,-0.02,3600.0,2454.0,0.6986666666666665,2020,1,January,1,4,0.7,0.68,0.69,0.69,0.68,0.7,15800.0,100300.0,11049.0,68210.0,0.6900000000000001,0.6942857142857142,0.0100000000000024,0.68,0.7,-0.0285714285714284,-0.0289875368732521,-1.449275362318826,-0.0099999999999998,40.00000000000003,0.6917409689740515,0.6954958370883834,-0.0037548681143318,-0.0023988838162336,-0.0013559842980982,0.0093710240611096,0.7110787406984751,0.6809212593015248,0.0301574813969502,0.67
2020-01-27,MTNGH,0.7,0.67,0.68,0.68,0.67,0.67,-0.01,231900.0,155500.0,0.6973333333333334,2020,1,January,1,0,0.68,0.68,0.7,0.7,0.7,0.68,3600.0,40517700.0,2454.0,27552307.0,0.6857142857142857,0.6921428571428571,0.0113389341902789,0.67,0.7,-0.0147058823529412,-0.0148150857851407,-4.285714285714274,-0.0299999999999999,36.36363636363637,0.6883962045165051,0.6936072565633179,-0.0052110520468128,-0.0029613174623494,-0.0022497345844633,0.0104826073794232,0.7133902648277455,0.6756097351722543,0.0377805296554911,0.69
2020-01-28,MTNGH,0.7,0.67,0.67,0.67,0.69,0.69,0.02,3500.0,2415.0,0.696,2020,1,January,1,1,0.67,0.7,0.68,0.69,0.68,0.68,231900.0,15800.0,155500.0,11049.0,0.6857142857142858,0.6914285714285714,0.0113389341902789,0.67,0.7,0.0298507462686565,0.0294138852062931,0.0,0.0,46.15384615384615,0.6886429422831966,0.6933400523734425,-0.0046971100902459,-0.0033084759879287,-0.0013886341023172,0.0085500554545415,0.7128064938392438,0.6751935061607561,0.0376129876784876,0.68
2020-01-29,MTNGH,0.7,0.67,0.69,0.69,0.69,0.68,-0.01,3014300.0,2050003.0,0.695,2020,1,January,1,2,0.69,0.68,0.68,0.7,0.67,0.7,3500.0,3600.0,2415.0,2454.0,0.6828571428571429,0.6900000000000001,0.0095118973121158,0.67,0.7,-0.0144927536231882,-0.0145987994211525,-2.857142857142844,-0.0199999999999999,42.85714285714287,0.6873132588550125,0.6923519003457802,-0.0050386414907677,-0.0036545090884965,-0.0013841324022711,0.0086103386132228,0.7125744193971629,0.673425580602837,0.0391488387943259,0.68
2020-01-30,MTNGH,0.7,0.67,0.68,0.68,0.69,0.68,0.0,30000.0,20400.0,0.6943333333333332,2020,1,January,1,3,0.68,0.67,0.7,0.68,0.69,0.68,3014300.0,231900.0,2050003.0,155500.0,0.6828571428571427,0.6885714285714286,0.0095118973121158,0.67,0.7,0.0,0.0,0.0,0.0,42.85714285714287,0.6861881421080875,0.6914369447646114,-0.0052488026565238,-0.003973367802102,-0.0012754348544218,0.0089763418296961,0.7121049875979809,0.671895012402019,0.0402099751959619,0.68
2020-01-31,MTNGH,0.7,0.67,0.68,0.68,0.69,0.68,0.0,24500.0,16662.0,0.6936666666666667,2020,1,January,1,4,0.68,0.69,0.68,0.68,0.68,0.67,30000.0,3500.0,20400.0,2415.0,0.6828571428571429,0.6871428571428572,0.0095118973121158,0.67,0.7,0.0,0.0,0.0,0.0,42.85714285714287,0.6852361202453049,0.6905897636709365,-0.0053536434256316,-0.0042494229268079,-0.0011042204988236,0.0092785749995817,0.7114167114213413,0.6705832885786588,0.0408334228426825,0.68
2020-02-03,MTNGH,0.7,0.67,0.68,0.68,0.68,0.68,0.0,900.0,612.0,0.6930000000000001,2020,2,February,1,0,0.68,0.68,0.67,0.7,0.68,0.69,24500.0,3014300.0,16662.0,2050003.0,0.6799999999999999,0.6857142857142857,0.0057735026919003,0.67,0.69,0.0,0.0,-2.857142857142844,-0.0199999999999999,42.85714285714287,0.6844305632844888,0.6898053367323487,-0.0053747734478598,-0.0044744930310183,-0.0009002804168415,0.0095231116328797,0.7105195670416825,0.6694804329583174,0.0410391340833651,0.68
2020-02-04,MTNGH,0.7,0.67,0.68,0.68,0.68,0.68,0.0,28100.0,19108.0,0.6923333333333334,2020,2,February,1,1,0.68,0.68,0.69,0.68,0.68,0.68,900.0,30000.0,612.0,20400.0,0.6799999999999999,0.6849999999999999,0.0057735026919003,0.67,0.69,0.0,0.0,0.0,0.0,46.15384615384618,0.6837489381637982,0.6890790154929155,-0.0053300773291172,-0.0046456098906381,-0.0006844674384791,0.0097143098618393,0.7094167114213408,0.6685832885786591,0.0408334228426816,0.67
2020-02-05,MTNGH,0.7,0.67,0.68,0.68,0.67,0.67,-0.01,1822800.0,1221327.0,0.6913333333333332,2020,2,February,1,2,0.68,0.68,0.68,0.67,0.68,0.68,28100.0,24500.0,19108.0,16662.0,0.68,0.6828571428571429,0.0057735026919003,0.67,0.69,-0.0147058823529412,-0.0148150857851407,0.0,0.0,38.46153846153846,0.6816337169078293,0.6876657550860328,-0.0060320381782035,-0.0049228955481511,-0.0011091426300523,0.0104166091952378,0.7088984751055125,0.6661015248944875,0.042796950211025,0.68
2020-02-06,MTNGH,0.7,0.67,0.67,0.67,0.68,0.68,0.01,5900.0,4012.0,0.6910000000000001,2020,2,February,1,3,0.67,0.68,0.68,0.69,0.68,0.68,1822800.0,900.0,1221327.0,612.0,0.6785714285714286,0.6821428571428572,0.0037796447300985,0.67,0.68,0.0149253731343284,0.0148150857851406,-1.449275362318826,-0.0099999999999998,46.15384615384618,0.6813823758450863,0.6870979213759563,-0.0057155455308699,-0.0050814255446949,-0.000634119986175,0.0106187862154547,0.7072997975698441,0.6657002024301559,0.0415995951396881,0.66
2020-02-07,MTNGH,0.7,0.66,0.68,0.68,0.66,0.66,-0.02,66200.0,43783.0,0.6896666666666665,2020,2,February,1,4,0.68,0.68,0.68,0.68,0.67,0.68,5900.0,28100.0,4012.0,19108.0,0.6757142857142858,0.6792857142857143,0.0078679579246973,0.66,0.68,-0.0294117647058823,-0.0298529631496811,-2.9411764705882377,-0.02,35.714285714285694,0.6780927795612269,0.6850906679407003,-0.0069978883794733,-0.0054647181116506,-0.0015331702678227,0.011885468767195,0.7074186203313777,0.6615813796686223,0.0458372406627554,0.68
2020-02-10,MTNGH,0.7,0.66,0.66,0.66,0.67,0.68,0.02,546900.0,371526.0,0.689,2020,2,February,1,0,0.66,0.67,0.68,0.68,0.68,0.68,66200.0,1822800.0,43783.0,1221327.0,0.6757142857142858,0.6792857142857144,0.0078679579246973,0.66,0.68,0.0303030303030302,0.0298529631496811,0.0,0.0,50.0,0.678386198090269,0.6847135814265743,-0.0063273833363053,-0.0056372511565815,-0.0006901321797237,0.0118467222296331,0.7052884566251114,0.6617115433748888,0.0435769132502226,0.67
2020-02-11,MTNGH,0.7,0.66,0.68,0.68,0.67,0.67,-0.01,158600.0,106565.0,0.6880000000000001,2020,2,February,1,1,0.68,0.68,0.68,0.68,0.66,0.67,546900.0,5900.0,371526.0,4012.0,0.6742857142857143,0.6785714285714287,0.0078679579246973,0.66,0.68,-0.0147058823529412,-0.0148150857851407,-1.4705882352941189,-0.01,46.66666666666666,0.6770960137686891,0.6836236865060873,-0.0065276727373981,-0.0058153354727448,-0.0007123372646532,0.0121485063648347,0.7031261872914344,0.6608738127085657,0.0422523745828686,0.67
2020-02-12,MTNGH,0.7,0.66,0.67,0.67,0.68,0.67,0.0,33800.0,22747.0,0.6869999999999999,2020,2,February,1,2,0.67,0.66,0.67,0.68,0.68,0.68,158600.0,66200.0,106565.0,43783.0,0.6728571428571429,0.6764285714285715,0.0075592894601875,0.66,0.68,0.0,0.0,-1.4705882352941189,-0.01,38.46153846153848,0.676004319342737,0.6826145245426734,-0.0066102051999363,-0.0059743094181831,-0.0006358957817531,0.0123595558451561,0.7024230569345302,0.6595769430654699,0.0428461138690603,0.68
2020-02-13,MTNGH,0.7,0.66,0.67,0.67,0.68,0.68,0.01,3100.0,2096.0,0.6863333333333334,2020,2,February,1,3,0.67,0.68,0.68,0.68,0.67,0.66,33800.0,546900.0,22747.0,371526.0,0.6728571428571429,0.6764285714285715,0.0075592894601875,0.66,0.68,0.0149253731343284,0.0148150857851406,0.0,0.0,50.0,0.6766190394438544,0.6824208560580309,-0.0058018166141765,-0.0059398108573818,0.0001379942432053,0.0121721370161573,0.6994665705356674,0.6605334294643327,0.0389331410713347,0.67
2020-02-14,MTNGH,0.7,0.66,0.68,0.68,0.67,0.67,-0.01,3333900.0,2233793.0,0.6853333333333332,2020,2,February,1,4,0.68,0.67,0.66,0.67,0.67,0.68,3100.0,158600.0,2096.0,106565.0,0.6728571428571428,0.6764285714285715,0.0075592894601875,0.66,0.68,-0.0147058823529412,-0.0148150857851407,0.0,0.0,50.0,0.6756007256832613,0.6815007926463249,-0.0059000669630635,-0.0059318620785182,3.179511545464784e-05,0.0122427553055325,0.6983581208309153,0.6596418791690848,0.0387162416618305,0.68
2020-02-17,MTNGH,0.7,0.66,0.67,0.67,0.68,0.68,0.01,6600.0,4488.0,0.6846666666666666,2020,2,February,1,0,0.67,0.67,0.68,0.68,0.68,0.67,3333900.0,33800.0,2233793.0,22747.0,0.6728571428571428,0.6757142857142858,0.0075592894601875,0.66,0.68,0.0149253731343284,0.0148150857851406,0.0,0.0,45.454545454545496,0.6762775371166058,0.6813896228206713,-0.0051120857040655,-0.0057679068036276,0.0006558210995621,0.0119577801345821,0.6946701750693011,0.661329824930699,0.033340350138602,0.67
2020-02-18,MTNGH,0.7,0.66,0.68,0.68,0.67,0.67,-0.01,68600.0,45972.0,0.6836666666666668,2020,2,February,1,1,0.68,0.68,0.67,0.66,0.67,0.67,6600.0,3100.0,4488.0,2096.0,0.6742857142857144,0.675,0.0053452248382527,0.67,0.68,-0.0147058823529412,-0.0148150857851407,1.5151515151515165,0.01,45.45454545454546,0.6753117621755895,0.6805459470561771,-0.0052341848805875,-0.0056611624190196,0.000426977538432,0.0118854687671952,0.6945139261844396,0.6604860738155603,0.0340278523688792,0.67
2020-02-19,MTNGH,0.7,0.66,0.67,0.67,0.67,0.67,0.0,28700.0,19257.0,0.6826666666666666,2020,2,February,1,2,0.67,0.67,0.67,0.68,0.68,0.68,68600.0,3333900.0,45972.0,2233793.0,0.6728571428571429,0.6742857142857143,0.0048795003647472,0.67,0.68,0.0,0.0,-1.4705882352941189,-0.01,45.45454545454546,0.6744945679947296,0.6797647657927566,-0.0052701977980269,-0.0055829694948211,0.0003127716967941,0.0117248140440562,0.6942900945173843,0.6597099054826158,0.0345801890347685,0.67
2020-02-20,MTNGH,0.7,0.66,0.67,0.67,0.67,0.67,0.0,18000.0,12060.0,0.6816666666666668,2020,2,February,1,3,0.67,0.68,0.68,0.67,0.67,0.67,28700.0,6600.0,19257.0,4488.0,0.6728571428571429,0.6735714285714286,0.0048795003647472,0.67,0.68,0.0,0.0,0.0,0.0,45.45454545454546,0.6738030959955404,0.6790414498081079,-0.0052383538125674,-0.0055140463583703,0.0002756925458029,0.011472105098986,0.6892266548230294,0.6617733451769706,0.0274533096460587,0.67
2020-02-21,MTNGH,0.7,0.66,0.67,0.67,0.67,0.67,0.0,18100700.0,12127470.0,0.6806666666666666,2020,2,February,1,4,0.67,0.67,0.67,0.67,0.67,0.68,18000.0,68600.0,12060.0,45972.0,0.6728571428571429,0.6728571428571428,0.0048795003647472,0.67,0.68,0.0,0.0,0.0,0.0,45.45454545454546,0.6732180043039189,0.6783717127852851,-0.0051537084813662,-0.0054419787829695,0.0002882703016033,0.0111210683353454,0.6887649440321978,0.6612350559678023,0.0275298880643954,0.67
2020-02-24,MTNGH,0.7,0.66,0.67,0.67,0.67,0.67,0.0,20800.0,13937.0,0.6796666666666666,2020,2,February,1,0,0.67,0.67,0.68,0.68,0.67,0.67,18100700.0,28700.0,12127470.0,19257.0,0.6714285714285715,0.6721428571428572,0.0037796447300981,0.67,0.68,0.0,0.0,-1.4705882352941189,-0.01,45.45454545454546,0.6727229267187006,0.677751585912301,-0.0050286591936004,-0.0053593148650957,0.0003306556714953,0.0106619961038927,0.6887649440321978,0.6612350559678023,0.0275298880643954,0.67
2020-02-25,MTNGH,0.7,0.66,0.67,0.67,0.67,0.67,0.0,10000.0,6700.0,0.6786666666666666,2020,2,February,1,1,0.67,0.67,0.67,0.67,0.67,0.67,20800.0,18000.0,13937.0,12060.0,0.6714285714285715,0.6721428571428573,0.0037796447300981,0.67,0.68,0.0,0.0,0.0,0.0,50.0,0.6723040149158236,0.6771773943632416,-0.004873379447418,-0.0052621277815601,0.0003887483341421,0.0100801386598688,0.6859648608322808,0.6620351391677195,0.0239297216645613,0.67
2020-02-26,MTNGH,0.7,0.66,0.67,0.67,0.67,0.67,0.0,151700.0,101639.0,0.678,2020,2,February,1,2,0.67,0.67,0.67,0.68,0.67,0.67,10000.0,18100700.0,6700.0,12127470.0,0.67,0.6714285714285715,0.0,0.67,0.67,0.0,0.0,-1.4705882352941189,-0.01,44.44444444444444,0.6719495510826199,0.67664573552152,-0.0046961844389,-0.0051489391130281,0.000452754674128,0.009965457582443,0.6852428589722052,0.6617571410277948,0.0234857179444103,0.67
2020-02-27,MTNGH,0.7,0.66,0.67,0.67,0.68,0.67,0.0,380200.0,255686.0,0.6769999999999999,2020,2,February,1,3,0.67,0.67,0.67,0.67,0.67,0.67,151700.0,20800.0,101639.0,13937.0,0.67,0.6721428571428573,0.0,0.67,0.67,0.0,0.0,0.0,0.0,57.142857142857146,0.6716496201468322,0.6761534588162221,-0.0045038386693899,-0.0050199190243005,0.0005160803549105,0.0091538572988746,0.6844248114115055,0.6615751885884946,0.0228496228230108,0.7
2020-02-28,MTNGH,0.7,0.66,0.67,0.67,0.7,0.7,0.03,600000.0,419982.0,0.6773333333333335,2020,2,February,1,4,0.67,0.67,0.67,0.67,0.67,0.67,380200.0,10000.0,255686.0,6700.0,0.6742857142857143,0.6735714285714286,0.0113389341902787,0.67,0.7,0.0447761194029849,0.0438026226583928,4.477611940298495,0.0299999999999999,62.49999999999995,0.6760112170473196,0.6779198692742797,-0.0019086522269601,-0.0043976656648324,0.0024890134378723,0.0098026503570653,0.690415653633332,0.6575843463666681,0.0328313072666639,0.68
2020-03-02,MTNGH,0.7,0.66,0.7,0.7,0.68,0.68,-0.02,103800.0,70874.0,0.6766666666666666,2020,3,March,1,0,0.7,0.67,0.67,0.67,0.67,0.67,600000.0,151700.0,419982.0,101639.0,0.6757142857142858,0.6742857142857143,0.0113389341902788,0.67,0.7,-0.0285714285714284,-0.0289875368732521,1.492537313432837,0.01,55.55555555555557,0.6766248759631166,0.6780739530317406,-0.0014490770686239,-0.0038079479455907,0.0023588708769667,0.0088408664473633,0.690415653633332,0.6575843463666681,0.0328313072666639,0.7
2020-03-03,MTNGH,0.7,0.66,0.68,0.68,0.7,0.7,0.02,8251600.0,5776120.0,0.6773333333333333,2020,3,March,1,1,0.68,0.67,0.67,0.67,0.7,0.67,103800.0,380200.0,70874.0,255686.0,0.6799999999999999,0.6764285714285715,0.0141421356237325,0.67,0.7,0.0294117647058822,0.0289875368732521,4.477611940298495,0.0299999999999999,63.636363636363626,0.6802210488918679,0.679698104659019,0.0005229442328488,-0.0029417695099028,0.0034647137427516,0.0098026503570653,0.6949999999999752,0.6550000000000249,0.0399999999999503,0.67
2020-03-04,MTNGH,0.7,0.66,0.7,0.7,0.67,0.67,-0.03,41200.0,27604.0,0.6769999999999999,2020,3,March,1,2,0.7,0.7,0.67,0.67,0.68,0.67,8251600.0,600000.0,5776120.0,419982.0,0.6799999999999999,0.6757142857142858,0.0141421356237325,0.67,0.7,-0.0428571428571427,-0.0438026226583927,0.0,0.0,46.15384615384615,0.6786485798315804,0.6789797265361287,-0.0003311467045482,-0.0024196449488319,0.0020884982442836,0.0098785731204682,0.6949999999999752,0.6550000000000249,0.0399999999999503,0.68
2020-03-05,MTNGH,0.7,0.66,0.67,0.67,0.68,0.68,0.01,1500.0,1020.0,0.6763333333333333,2020,3,March,1,3,0.67,0.68,0.67,0.67,0.7,0.7,41200.0,103800.0,27604.0,70874.0,0.6814285714285715,0.6764285714285715,0.0134518541826927,0.67,0.7,0.0149253731343284,0.0148150857851406,1.492537313432837,0.01,53.84615384615386,0.6788564906267219,0.6790553023482674,-0.0001988117215454,-0.0019754783033746,0.0017766665818291,0.0088991798666358,0.6949999999999752,0.6550000000000249,0.0399999999999503,0.68
2020-03-09,MTNGH,0.7,0.66,0.68,0.68,0.7,0.68,0.0,13700.0,9318.0,0.6763333333333335,2020,3,March,1,0,0.68,0.7,0.7,0.67,0.67,0.68,1500.0,8251600.0,1020.0,5776120.0,0.6828571428571429,0.6764285714285715,0.012535663410562,0.67,0.7,0.0,0.0,1.492537313432837,0.01,50.0,0.6790324151456878,0.6791252799520995,-9.286480641168549e-05,-0.001598955603982,0.0015060907975703,0.0088991798666358,0.694806493839239,0.6571935061607611,0.0376129876784778,0.68
2020-03-10,MTNGH,0.7,0.66,0.68,0.68,0.7,0.68,0.0,300.0,204.0,0.6766666666666666,2020,3,March,1,1,0.68,0.67,0.68,0.67,0.68,0.7,13700.0,41200.0,9318.0,27604.0,0.6842857142857144,0.6771428571428572,0.0113389341902789,0.67,0.7,0.0,0.0,1.492537313432837,0.01,54.54545454545457,0.6791812743540435,0.6791900740297218,-8.79967567823936e-06,-0.0012809244183212,0.001272124742643,0.0088408664473633,0.6948064938392389,0.657193506160761,0.0376129876784778,0.7
2020-03-11,MTNGH,0.7,0.66,0.68,0.68,0.7,0.7,0.02,1800000.0,1260000.0,0.677,2020,3,March,1,2,0.68,0.68,0.7,0.7,0.68,0.67,300.0,1500.0,204.0,1020.0,0.6842857142857143,0.6792857142857144,0.0113389341902789,0.67,0.7,0.0294117647058822,0.0289875368732521,0.0,0.0,61.53846153846155,0.6823841552226522,0.6807315500275201,0.0016526051951321,-0.0006942184956306,0.0023468236907627,0.0095231116328802,0.6988984751055101,0.6561015248944899,0.0427969502110201,0.7
2020-03-12,MTNGH,0.7,0.66,0.7,0.7,0.7,0.7,0.0,3200.0,2240.0,0.6776666666666668,2020,3,March,1,3,0.7,0.68,0.67,0.68,0.68,0.68,1800000.0,13700.0,1260000.0,9318.0,0.687142857142857,0.6814285714285715,0.0125356634105621,0.67,0.7,0.0,0.0,2.9411764705882213,0.0199999999999999,61.53846153846155,0.6850942851883979,0.6821588426180741,0.0029354425703237,3.171371756026712e-05,0.0029037288527634,0.0104000442085653,0.7023057481050468,0.6556942518949533,0.0466114962100934,0.68
2020-03-13,MTNGH,0.7,0.66,0.7,0.7,0.68,0.68,-0.02,191900.0,130792.0,0.6776666666666668,2020,3,March,1,4,0.7,0.68,0.68,0.7,0.7,0.68,3200.0,300.0,2240.0,204.0,0.6842857142857143,0.6821428571428572,0.0113389341902789,0.67,0.7,-0.0285714285714284,-0.0289875368732521,-2.857142857142844,-0.0199999999999999,53.33333333333334,0.6843105490055674,0.6819989283500687,0.0023116206554987,0.0004876951051479,0.0018239255503507,0.0104000442085653,0.7023057481050468,0.6556942518949533,0.0466114962100934,0.68
2020-03-16,MTNGH,0.7,0.66,0.68,0.68,0.68,0.68,0.0,10700.0,7296.0,0.6776666666666668,2020,3,March,1,0,0.68,0.7,0.68,0.67,0.7,0.68,191900.0,1800000.0,130792.0,1260000.0,0.6857142857142858,0.6828571428571427,0.0097590007294878,0.68,0.7,0.0,0.0,1.492537313432837,0.01,53.33333333333334,0.6836473876200956,0.681850859583397,0.0017965280366986,0.000749461691458,0.0010470663452405,0.0104000442085653,0.7024186203313765,0.6565813796686235,0.0458372406627529,0.69
2020-03-17,MTNGH,0.7,0.66,0.68,0.68,0.69,0.69,0.01,1500.0,1030.0,0.678,2020,3,March,1,1,0.68,0.7,0.68,0.68,0.68,0.7,10700.0,3200.0,7296.0,2240.0,0.687142857142857,0.6842857142857143,0.009511897312116,0.68,0.7,0.0147058823529411,0.0145987994211526,1.4705882352941024,0.0099999999999998,56.25,0.6846247126016193,0.6824544996142564,0.0021702129873628,0.001033611950639,0.0011366010367238,0.010635010497209,0.7033959060746039,0.6566040939253962,0.0467918121492076,0.68
2020-03-18,MTNGH,0.7,0.66,0.69,0.69,0.68,0.68,-0.01,340300.0,231427.0,0.678,2020,3,March,1,2,0.69,0.68,0.7,0.68,0.68,0.7,1500.0,191900.0,1030.0,130792.0,0.6871428571428572,0.6849999999999999,0.009511897312116,0.68,0.7,-0.0144927536231882,-0.0145987994211525,0.0,0.0,52.94117647058825,0.6839132183552163,0.6822726848280153,0.001640533527201,0.0011549962659514,0.0004855372612496,0.010635010497209,0.7034186203313768,0.6575813796686234,0.0458372406627534,0.68
2020-03-19,MTNGH,0.7,0.66,0.68,0.68,0.68,0.68,0.0,11200.0,7616.0,0.6783333333333333,2020,3,March,1,3,0.68,0.68,0.7,0.68,0.69,0.68,340300.0,10700.0,231427.0,7296.0,0.6871428571428572,0.6857142857142857,0.009511897312116,0.68,0.7,0.0,0.0,0.0,0.0,52.94117647058825,0.6833111847621062,0.6821043378037179,0.0012068469583882,0.0011653664044388,4.148055394943557e-05,0.0105318346089258,0.7033842049574697,0.6586157950425304,0.0447684099149392,0.68
2020-03-20,MTNGH,0.7,0.66,0.68,0.68,0.68,0.68,0.0,493600.0,335648.0,0.6783333333333333,2020,3,March,1,4,0.68,0.69,0.68,0.7,0.68,0.68,11200.0,1500.0,7616.0,1030.0,0.6842857142857143,0.6842857142857143,0.0078679579246975,0.68,0.7,0.0,0.0,-2.857142857142844,-0.0199999999999999,42.85714285714285,0.6828017717217821,0.6819484609293684,0.0008533107924136,0.0011029552820337,-0.00024964448962,0.0105318346089258,0.7032884566251106,0.6597115433748894,0.0435769132502212,0.68
2020-03-23,MTNGH,0.7,0.66,0.68,0.68,0.68,0.68,0.0,16400.0,11152.0,0.679,2020,3,March,1,0,0.68,0.68,0.68,0.7,0.68,0.69,493600.0,340300.0,335648.0,231427.0,0.6814285714285715,0.6842857142857143,0.0037796447300987,0.68,0.69,0.0,0.0,-2.857142857142844,-0.0199999999999999,50.0,0.6823707299184311,0.681804130490156,0.000566599428275,0.000995684111282,-0.0004290846830069,0.0099481413963243,0.7031261872914343,0.6608738127085658,0.0422523745828684,0.68
2020-03-24,MTNGH,0.7,0.66,0.68,0.68,0.68,0.68,0.0,0.0,0.0,0.679,2020,3,March,1,1,0.68,0.68,0.69,0.68,0.68,0.68,16400.0,11200.0,11152.0,7616.0,0.6814285714285715,0.6828571428571429,0.0037796447300987,0.68,0.69,0.0,0.0,0.0,0.0,39.99999999999999,0.6820060022386725,0.6816704911945889,0.0003355110440835,0.0008636494978423,-0.0005281384537587,0.0099481413963243,0.7028909164503042,0.6621090835496958,0.0407818329006084,0.68
2020-03-25,MTNGH,0.7,0.66,0.68,0.68,0.68,0.68,0.0,0.0,0.0,0.6793333333333333,2020,3,March,1,2,0.68,0.68,0.68,0.68,0.68,0.68,0.0,493600.0,0.0,335648.0,0.6814285714285714,0.6835714285714286,0.0037796447300987,0.68,0.69,0.0,0.0,0.0,0.0,57.14285714285719,0.681697386509646,0.6815467511061009,0.000150635403545,0.0007210466789828,-0.0005704112754378,0.0098026503570652,0.7025744193971603,0.6634255806028398,0.0391488387943204,0.68
2020-03-26,MTNGH,0.7,0.66,0.68,0.68,0.68,0.68,0.0,18100.0,12308.0,0.6796666666666666,2020,3,March,1,3,0.68,0.68,0.68,0.69,0.68,0.68,0.0,16400.0,0.0,11152.0,0.68,0.6835714285714286,0.0,0.68,0.68,0.0,0.0,-1.449275362318826,-0.0099999999999998,50.0,0.6814362501235466,0.6814321769500934,4.073173453189583e-06,0.0005776519778769,-0.0005735788044237,0.0096430547933219,0.7021660400897101,0.6648339599102899,0.0373320801794201,0.68
2020-03-27,MTNGH,0.7,0.66,0.68,0.68,0.68,0.68,0.0,0.0,0.0,0.6796666666666668,2020,3,March,1,4,0.68,0.68,0.68,0.68,0.68,0.68,18100.0,0.0,12308.0,0.0,0.68,0.6835714285714286,0.0,0.68,0.68,0.0,0.0,0.0,0.0,50.0,0.6812152885660779,0.681326089768605,-0.000110801202527,0.0004399613417961,-0.0005507625443232,0.0096430547933219,0.7016515990031359,0.666348400996864,0.0353031980062719,0.68
2020-03-30,MTNGH,0.7,0.66,0.68,0.68,0.68,0.68,0.0,20000.0,13600.0,0.68,2020,3,March,1,0,0.68,0.68,0.68,0.68,0.68,0.68,0.0,0.0,0.0,0.0,0.68,0.6835714285714286,0.0,0.68,0.68,0.0,0.0,0.0,0.0,50.0,0.6810283210943737,0.6812278608968565,-0.0001995398024827,0.0003120611129403,-0.0005116009154231,0.0094686415294737,0.699026294183692,0.6669737058163081,0.0320525883673838,0.68
2020-03-31,MTNGH,0.7,0.66,0.68,0.68,0.68,0.68,0.0,44200.0,30056.0,0.68,2020,3,March,1,1,0.68,0.68,0.68,0.68,0.68,0.68,20000.0,18100.0,13600.0,12308.0,0.68,0.6821428571428572,0.0,0.68,0.68,0.0,0.0,0.0,0.0,24.99999999999993,0.6808701178490855,0.6811369082378301,-0.0002667903887446,0.0001962908126033,-0.000463081201348,0.0094686415294737,0.699026294183692,0.6669737058163081,0.0320525883673838,0.68
2020-04-01,MTNGH,0.7,0.66,0.68,0.68,0.68,0.68,0.0,0.0,0.0,0.6803333333333333,2020,4,April,2,2,0.68,0.68,0.68,0.68,0.68,0.68,44200.0,0.0,30056.0,0.0,0.68,0.6807142857142858,0.0,0.68,0.68,0.0,0.0,0.0,0.0,24.99999999999993,0.6807362535646109,0.6810526928128057,-0.0003164392481947,9.37448004437312e-05,-0.0004101840486385,0.0092785749995821,0.6959170474787358,0.6680829525212643,0.0278340949574715,0.66
2020-04-02,MTNGH,0.7,0.66,0.68,0.68,0.65,0.66,-0.02,81000.0,53313.0,0.68,2020,4,April,2,3,0.68,0.68,0.68,0.68,0.68,0.68,0.0,20000.0,0.0,13600.0,0.6771428571428572,0.6792857142857144,0.0075592894601877,0.66,0.68,-0.0294117647058823,-0.0298529631496811,-2.9411764705882377,-0.02,24.999999999999854,0.677546060708517,0.6794932340859312,-0.0019471733774142,-0.0003144388351278,-0.0016327345422863,0.0098260736888043,0.6977545540177162,0.6652454459822837,0.0325091080354325,0.68
2020-04-03,MTNGH,0.7,0.66,0.66,0.66,0.68,0.68,0.02,300.0,204.0,0.6803333333333333,2020,4,April,2,4,0.66,0.68,0.68,0.68,0.68,0.68,81000.0,44200.0,53313.0,30056.0,0.6771428571428573,0.6792857142857144,0.0075592894601877,0.66,0.68,0.0303030303030302,0.0298529631496811,0.0,0.0,50.0,0.6779235898302837,0.6795307723017882,-0.0016071824715044,-0.0005729875624031,-0.0010341949091012,0.0096430547933219,0.6977545540177162,0.6652454459822837,0.0325091080354325,0.66
2020-04-06,MTNGH,0.7,0.66,0.68,0.68,0.66,0.66,-0.02,70000.0,46200.0,0.68,2020,4,April,2,0,0.68,0.68,0.68,0.68,0.66,0.68,300.0,0.0,204.0,0.0,0.6742857142857144,0.6771428571428572,0.0097590007294877,0.66,0.68,-0.0294117647058823,-0.0298529631496811,-2.9411764705882377,-0.02,28.57142857142861,0.6751661144717785,0.6780840484275816,-0.002917933955803,-0.0010419768410831,-0.0018759571147199,0.0101709525543063,0.6993902648277417,0.6616097351722585,0.0377805296554831,0.66
2020-04-07,MTNGH,0.7,0.66,0.66,0.66,0.66,0.66,0.0,24600.0,16236.0,0.6796666666666666,2020,4,April,2,1,0.66,0.66,0.68,0.68,0.68,0.68,70000.0,81000.0,46200.0,53313.0,0.6714285714285715,0.6757142857142858,0.0106904496764991,0.66,0.68,0.0,0.0,-2.9411764705882377,-0.02,33.33333333333333,0.6728328660915049,0.6767444892847978,-0.0039116231932928,-0.0016159061115251,-0.0022957170817677,0.0106619961038927,0.7005012530954225,0.6584987469045777,0.0420025061908448,0.65
2020-04-08,MTNGH,0.7,0.65,0.66,0.66,0.65,0.65,-0.01,9200.0,6002.0,0.679,2020,4,April,2,2,0.66,0.68,0.68,0.68,0.66,0.66,24600.0,300.0,16236.0,204.0,0.6671428571428571,0.6735714285714286,0.0125356634105619,0.65,0.68,-0.0151515151515151,-0.0152674721307884,-4.411764705882357,-0.03,28.57142857142857,0.6693201174620426,0.6747634160044425,-0.0054432985423998,-0.0023813845977,-0.0030619139446998,0.0118467222296334,0.6995715237458516,0.6544284762541482,0.0451430474917033,0.68
2020-04-09,MTNGH,0.7,0.65,0.65,0.65,0.68,0.68,0.03,200.0,136.0,0.6793333333333333,2020,4,April,2,3,0.65,0.66,0.66,0.68,0.66,0.68,9200.0,70000.0,6002.0,46200.0,0.6671428571428571,0.6735714285714287,0.0125356634105619,0.65,0.68,0.0461538461538462,0.0451204352804696,0.0,0.0,50.0,0.670963176314036,0.6751513111152245,-0.0041881348011885,-0.0027427346383977,-0.0014454001627907,0.0117248140440562,0.6958944583661688,0.6561055416338313,0.0397889167323375,0.68
2020-04-14,MTNGH,0.7,0.65,0.68,0.68,0.68,0.68,0.0,0.0,0.0,0.6796666666666666,2020,4,April,2,1,0.68,0.66,0.68,0.68,0.65,0.66,200.0,24600.0,136.0,16236.0,0.6671428571428571,0.6735714285714287,0.0125356634105619,0.65,0.68,0.0,0.0,0.0,0.0,50.0,0.6723534568811075,0.6755104732548376,-0.0031570163737301,-0.0028255909854642,-0.0003314253882658,0.0115917132509321,0.6958944583661688,0.6561055416338313,0.0397889167323375,0.68
2020-04-15,MTNGH,0.7,0.65,0.68,0.68,0.68,0.68,0.0,0.0,0.0,0.679,2020,4,April,2,2,0.68,0.65,0.66,0.66,0.68,0.66,0.0,9200.0,0.0,6002.0,0.67,0.6735714285714286,0.0129099444873598,0.65,0.68,0.0,0.0,3.030303030303033,0.02,50.0,0.6735298481301679,0.6758430307915163,-0.0023131826613483,-0.002723109320641,0.0004099266592926,0.0109387006730085,0.6958944583661688,0.6561055416338313,0.0397889167323375,0.68
2020-04-16,MTNGH,0.7,0.65,0.68,0.68,0.68,0.68,0.0,0.0,0.0,0.679,2020,4,April,2,3,0.68,0.68,0.66,0.68,0.68,0.65,0.0,200.0,0.0,136.0,0.67,0.6735714285714286,0.0129099444873598,0.65,0.68,0.0,0.0,0.0,0.0,50.0,0.6745252561101421,0.6761509544365892,-0.0016256983264471,-0.0025036271218022,0.0008779287953551,0.0109387006730085,0.6943902648277404,0.6566097351722596,0.0377805296554807,0.68
2020-04-17,MTNGH,0.7,0.65,0.68,0.68,0.68,0.68,0.0,0.0,0.0,0.6783333333333333,2020,4,April,2,4,0.68,0.68,0.65,0.66,0.68,0.68,0.0,0.0,0.0,0.0,0.6728571428571428,0.6735714285714286,0.012535663410562,0.65,0.68,0.0,0.0,3.030303030303033,0.02,50.0,0.6753675244008895,0.6764360689227679,-0.0010685445218783,-0.0022166106018174,0.0011480660799391,0.0101991660691269,0.6943902648277404,0.6566097351722596,0.0377805296554807,0.68
2020-04-20,MTNGH,0.7,0.65,0.68,0.68,0.67,0.68,0.0,47200.0,32074.0,0.6786666666666668,2020,4,April,2,0,0.68,0.68,0.68,0.66,0.68,0.68,0.0,0.0,0.0,0.0,0.6757142857142858,0.6735714285714287,0.0113389341902788,0.65,0.68,0.0,0.0,3.030303030303033,0.02,50.0,0.6760802129545989,0.6767000638173777,-0.0006198508627788,-0.0018972586540097,0.0012774077912309,0.0100801386598688,0.6943902648277405,0.6566097351722597,0.0377805296554807,0.68
2020-04-21,MTNGH,0.7,0.65,0.68,0.68,0.67,0.68,0.0,31300.0,21261.0,0.6786666666666668,2020,4,April,2,1,0.68,0.68,0.68,0.65,0.68,0.68,47200.0,0.0,32074.0,0.0,0.68,0.6735714285714287,0.0,0.68,0.68,0.0,0.0,4.615384615384619,0.03,50.0,0.6766832571154299,0.676944503534609,-0.0002612464191791,-0.0015700562070436,0.0013088097878644,0.0100801386598688,0.6943902648277405,0.6566097351722597,0.0377805296554807,0.66
2020-04-22,MTNGH,0.7,0.65,0.68,0.68,0.66,0.66,-0.02,4700.0,3106.0,0.678,2020,4,April,2,2,0.68,0.68,0.68,0.68,0.68,0.68,31300.0,0.0,21261.0,0.0,0.6771428571428572,0.6721428571428572,0.0075592894601875,0.66,0.68,-0.0294117647058823,-0.0298529631496811,-2.9411764705882377,-0.02,41.66666666666667,0.6741166021745946,0.6756893551246379,-0.0015727529500433,-0.0015705955556435,-2.157394399766345e-06,0.010635010497209,0.694473666874664,0.6545263331253361,0.0399473337493279,0.69
2020-04-23,MTNGH,0.7,0.65,0.66,0.66,0.69,0.69,0.03,193000.0,132900.0,0.6783333333333333,2020,4,April,2,3,0.66,0.68,0.68,0.68,0.68,0.68,4700.0,47200.0,3106.0,32074.0,0.6785714285714286,0.6728571428571428,0.0089973541084269,0.66,0.69,0.0454545454545454,0.0444517625708337,1.4705882352941024,0.0099999999999998,53.3333333333333,0.6765602018400415,0.6767494028931832,-0.0001892010531416,-0.0012943166551431,0.0011051156020015,0.0108543121363772,0.6960262993214902,0.6539737006785099,0.0420525986429802,0.69
2020-04-24,MTNGH,0.7,0.65,0.69,0.69,0.69,0.69,0.0,46900.0,32361.0,0.678,2020,4,April,2,4,0.69,0.68,0.68,0.68,0.66,0.68,193000.0,31300.0,132900.0,21261.0,0.6799999999999999,0.6749999999999999,0.0100000000000023,0.66,0.69,0.0,0.0,1.4705882352941024,0.0099999999999998,61.53846153846151,0.6786278630954198,0.6777309286047992,0.0008969344906205,-0.0008560664259904,0.001753000916611,0.0103056730275906,0.6974808529119287,0.6535191470880712,0.0439617058238575,0.68
2020-04-27,MTNGH,0.7,0.65,0.69,0.69,0.68,0.68,-0.01,52800.0,35910.0,0.6773333333333333,2020,4,April,2,0,0.69,0.66,0.68,0.68,0.69,0.68,46900.0,4700.0,32361.0,3106.0,0.6799999999999999,0.6749999999999999,0.0100000000000023,0.66,0.69,-0.0144927536231882,-0.0145987994211525,0.0,0.0,50.0,0.6788389610807398,0.6778990079674068,0.000939953113333,-0.0004968625181257,0.0014368156314587,0.0094443317550124,0.6974808529119287,0.6535191470880712,0.0439617058238575,0.62
2020-04-28,MTNGH,0.7,0.62,0.68,0.68,0.62,0.62,-0.06,1122100.0,696316.0,0.6753333333333333,2020,4,April,2,1,0.68,0.69,0.68,0.68,0.69,0.66,52800.0,193000.0,35910.0,132900.0,0.6714285714285715,0.6721428571428572,0.024784787961283,0.62,0.69,-0.088235294117647,-0.0923733201310151,-8.823529411764714,-0.06,37.49999999999999,0.6697868132221645,0.6736101925624137,-0.0038233793402492,-0.0011621658825504,-0.0026612134576987,0.0140769641450178,0.7055071762531954,0.6394928237468048,0.0660143525063905,0.7
2020-04-29,MTNGH,0.7,0.62,0.62,0.62,0.67,0.7,0.08,2207000.0,1541695.0,0.676,2020,4,April,2,2,0.62,0.69,0.66,0.68,0.68,0.69,1122100.0,46900.0,696316.0,32361.0,0.6742857142857143,0.6749999999999999,0.0269920623252739,0.62,0.7,0.129032258064516,0.1213608570042673,2.9411764705882213,0.0199999999999999,58.33333333333332,0.67443499580337,0.6755649931133461,-0.001129997309976,-0.0011557321680355,2.573485805947625e-05,0.0147624874083822,0.7086088532844117,0.6383911467155883,0.0702177065688234,0.64
2020-04-30,MTNGH,0.7,0.62,0.7,0.7,0.64,0.64,-0.06,23794335.0,16168061.15,0.6743333333333333,2020,4,April,2,3,0.7,0.68,0.69,0.68,0.62,0.69,2207000.0,52800.0,1541695.0,35910.0,0.6685714285714285,0.6742857142857144,0.0296808419852339,0.62,0.7,-0.0857142857142856,-0.089612158689687,-5.8823529411764754,-0.04,48.27586206896552,0.6691373041413131,0.6729305491790242,-0.003793245037711,-0.0016832347419706,-0.0021100102957403,0.015905612397736,0.7094889180516608,0.6335110819483392,0.0759778361033216,0.68
2020-05-04,MTNGH,0.7,0.62,0.64,0.64,0.68,0.68,0.04,1600.0,1088.0,0.6743333333333333,2020,5,May,2,0,0.64,0.62,0.69,0.66,0.7,0.68,23794335.0,1122100.0,16168061.15,696316.0,0.6714285714285715,0.6742857142857143,0.0296808419852339,0.62,0.7,0.0625,0.0606246218164348,3.030303030303033,0.02,50.0,0.6708084881195727,0.6734542122028002,-0.0026457240832274,-0.001875732610222,-0.0007699914730054,0.015905612397736,0.7094889180516608,0.6335110819483392,0.0759778361033216,0.64
2020-05-05,MTNGH,0.7,0.62,0.68,0.68,0.64,0.64,-0.04,14231600.0,9108272.0,0.673,2020,5,May,2,1,0.68,0.7,0.68,0.69,0.64,0.62,1600.0,2207000.0,1088.0,1541695.0,0.6642857142857143,0.6714285714285715,0.0304724700110029,0.62,0.7,-0.0588235294117647,-0.0606246218164348,-7.246376811594193,-0.0499999999999999,44.11764705882352,0.6660687207165615,0.6709761224100003,-0.0049074016934387,-0.0024820664268653,-0.0024253352665733,0.0170496233146748,0.7107492235949832,0.6302507764050168,0.0804984471899663,0.66
2020-05-06,MTNGH,0.7,0.62,0.64,0.64,0.64,0.66,0.02,1700.0,1116.0,0.6723333333333333,2020,5,May,2,2,0.64,0.64,0.62,0.69,0.68,0.7,14231600.0,23794335.0,9108272.0,16168061.15,0.66,0.67,0.0282842712474627,0.62,0.7,0.03125,0.0307716586667536,-4.34782608695651,-0.0299999999999999,47.22222222222222,0.6651350713755521,0.6701630763055558,-0.0050280049300037,-0.002991254127493,-0.0020367508025107,0.0171571505819539,0.7097492235949829,0.629250776405017,0.0804984471899659,0.61
2020-05-07,MTNGH,0.7,0.61,0.66,0.66,0.61,0.61,-0.05,9894700.0,6036402.0,0.67,2020,5,May,2,3,0.66,0.68,0.7,0.68,0.64,0.64,1700.0,1600.0,1116.0,1088.0,0.65,0.665,0.0321455025366439,0.61,0.7,-0.0757575757575758,-0.0787808778531143,-10.294117647058831,-0.07,41.46341463414633,0.6566527527023901,0.6657065521347739,-0.0090537994323838,-0.0042037631884712,-0.0048500362439126,0.0205107204937394,0.715166378315158,0.6188336216848421,0.0963327566303158,0.61
2020-05-08,MTNGH,0.7,0.61,0.61,0.61,0.61,0.61,0.0,200.0,122.0,0.6676666666666667,2020,5,May,2,4,0.61,0.64,0.64,0.62,0.66,0.68,9894700.0,14231600.0,6036402.0,9108272.0,0.6485714285714286,0.66,0.0338765264987291,0.61,0.7,0.0,0.0,-1.6129032258064528,-0.01,41.46341463414633,0.6494754061327915,0.6615801408655314,-0.0121047347327398,-0.0057839574973249,-0.0063207772354149,0.0231462119241286,0.7189735570809499,0.6100264429190501,0.1089471141618998,0.61
2020-05-11,MTNGH,0.7,0.61,0.61,0.61,0.61,0.61,0.0,0.0,0.0,0.6653333333333333,2020,5,May,2,0,0.61,0.66,0.68,0.7,0.61,0.64,200.0,1700.0,122.0,1116.0,0.6357142857142858,0.655,0.0276026223736951,0.61,0.68,0.0,0.0,-12.857142857142852,-0.0899999999999999,41.46341463414633,0.6434022667277466,0.6577593896903069,-0.0143571229625603,-0.007498590590372,-0.0068585323721882,0.0252891326439826,0.72192708933952,0.6030729106604802,0.1188541786790398,0.64
2020-05-12,MTNGH,0.7,0.61,0.61,0.61,0.65,0.64,0.03,17100.0,10981.0,0.664,2020,5,May,2,1,0.61,0.61,0.64,0.64,0.61,0.66,0.0,9894700.0,0.0,6036402.0,0.6357142857142858,0.652142857142857,0.0276026223736951,0.61,0.68,0.0491803278688525,0.0480092191863606,0.0,0.0,45.454545454545446,0.6428788410773241,0.6564438793428768,-0.0135650382655527,-0.0087118801254081,-0.0048531581401446,0.0255423920787255,0.7201392664715286,0.6008607335284714,0.1192785329430572,0.62
2020-05-13,MTNGH,0.7,0.61,0.64,0.64,0.62,0.62,-0.02,85400.0,52977.0,0.662,2020,5,May,2,2,0.64,0.61,0.66,0.68,0.61,0.61,17100.0,200.0,10981.0,122.0,0.6271428571428572,0.6492857142857142,0.0197604704011885,0.61,0.66,-0.03125,-0.0317486983145803,-8.823529411764714,-0.06,45.454545454545446,0.6393590193731203,0.653744332724886,-0.0143853133517656,-0.0098465667706796,-0.0045387465810859,0.0265745535531948,0.7190159371733422,0.5959840628266577,0.1230318743466845,0.58
2020-05-14,MTNGH,0.7,0.58,0.62,0.62,0.58,0.58,-0.04,6023900.0,3494971.0,0.6586666666666666,2020,5,May,2,3,0.62,0.61,0.61,0.64,0.64,0.61,85400.0,0.0,52977.0,0.0,0.6185714285714285,0.6414285714285715,0.0254483604112152,0.58,0.66,-0.0645161290322581,-0.0666913744986722,-9.375000000000009,-0.06,37.77777777777778,0.6302268625464864,0.6482817895600796,-0.0180549270135932,-0.0114882388192623,-0.0065666881943308,0.0302556159886139,0.7220474090477993,0.5829525909522009,0.1390948180955984,0.58
2020-05-15,MTNGH,0.7,0.58,0.58,0.58,0.58,0.58,0.0,5305000.0,3077360.0,0.6553333333333333,2020,5,May,2,4,0.58,0.64,0.61,0.66,0.62,0.61,6023900.0,17100.0,3494971.0,10981.0,0.6071428571428571,0.6335714285714287,0.0213808993529953,0.58,0.64,0.0,0.0,-12.121212121212132,-0.08,37.77777777777778,0.62249965292395,0.643223879222296,-0.0207242262983459,-0.013335436315079,-0.0073887899832668,0.0331904985711603,0.7228587909166525,0.5721412090833476,0.1507175818333048,0.6
2020-05-18,MTNGH,0.7,0.58,0.58,0.58,0.6,0.6,0.02,12100.0,7260.0,0.6526666666666666,2020,5,May,2,0,0.58,0.62,0.61,0.61,0.58,0.64,5305000.0,85400.0,3077360.0,52977.0,0.6057142857142858,0.6278571428571429,0.0214919697074238,0.58,0.64,0.0344827586206897,0.0339015516756814,-1.6393442622950831,-0.01,41.30434782608696,0.619038167858727,0.6400221103910148,-0.0209839425322877,-0.0148651375585208,-0.0061188049737669,0.0343343934665015,0.7200781334736911,0.566921866526309,0.153156266947382,0.6
2020-05-19,MTNGH,0.7,0.58,0.6,0.6,0.6,0.6,0.0,0.0,0.0,0.6506666666666666,2020,5,May,2,1,0.6,0.58,0.64,0.61,0.58,0.62,12100.0,6023900.0,7260.0,3494971.0,0.6042857142857142,0.6264285714285714,0.0214919697074238,0.58,0.64,0.0,0.0,-1.6393442622950831,-0.01,47.5,0.6161092189573844,0.6370575096213099,-0.0209482906639255,-0.0160817681796017,-0.0048665224843237,0.0356160883187126,0.7164073263226843,0.5625926736773156,0.1538146526453687,0.59
2020-05-20,MTNGH,0.7,0.58,0.6,0.6,0.6,0.59,-0.01,52700.0,31274.0,0.6476666666666666,2020,5,May,2,2,0.6,0.58,0.62,0.61,0.6,0.58,0.0,5305000.0,0.0,3077360.0,0.6014285714285714,0.6185714285714285,0.0219306265517527,0.58,0.64,-0.0166666666666667,-0.0168071183163812,-3.2786885245901667,-0.02,33.33333333333336,0.6120924160408636,0.6335717681678795,-0.0214793521270159,-0.0171612849690845,-0.0043180671579313,0.0368298354817001,0.712459666924139,0.557540333075861,0.1549193338482779,0.61
2020-05-21,MTNGH,0.7,0.58,0.59,0.59,0.62,0.61,0.02,63800.0,38854.0,0.646,2020,5,May,2,3,0.59,0.6,0.58,0.64,0.6,0.58,52700.0,12100.0,31274.0,7260.0,0.5971428571428571,0.6164285714285713,0.0149602648308639,0.58,0.62,0.0338983050847458,0.0333364202675919,-4.687500000000004,-0.03,44.82758620689656,0.6117705058807307,0.6318257112665552,-0.0200552053858245,-0.0177400690524325,-0.0023151363333919,0.0373796920708323,0.7097896125654982,0.5552103874345017,0.1545792251309965,0.61
2020-05-22,MTNGH,0.7,0.58,0.61,0.61,0.62,0.61,0.0,0.0,0.0,0.6443333333333333,2020,5,May,2,4,0.61,0.6,0.58,0.62,0.59,0.6,63800.0,0.0,38854.0,0.0,0.5957142857142858,0.6114285714285714,0.0127241802056094,0.58,0.61,0.0,0.0,-1.6129032258064528,-0.01,36.0,0.6114981203606182,0.630208991913477,-0.0187108715528587,-0.0179342295525178,-0.0007766420003409,0.0378457243367677,0.7014166791979835,0.5555833208020167,0.1458333583959667,0.6
2020-05-26,MTNGH,0.7,0.58,0.61,0.61,0.6,0.6,-0.01,38700.0,23321.0,0.6426666666666667,2020,5,May,2,1,0.61,0.59,0.6,0.58,0.61,0.6,0.0,52700.0,0.0,31274.0,0.5985714285714285,0.6085714285714285,0.0106904496764998,0.58,0.61,-0.0163934426229508,-0.0165293019512105,3.448275862068969,0.02,40.90909090909091,0.609729178766677,0.627971288808775,-0.0182421100420979,-0.0179958056504338,-0.0002463043916641,0.0386793479006935,0.6918698444780309,0.5561301555219691,0.1357396889560618,0.58
2020-05-27,MTNGH,0.7,0.58,0.6,0.61,0.6,0.58,-0.02,10005200.0,5803018.0,0.6393333333333333,2020,5,May,2,2,0.6,0.61,0.6,0.58,0.61,0.59,38700.0,63800.0,23321.0,38854.0,0.5985714285714285,0.6028571428571429,0.0106904496764998,0.58,0.61,-0.0333333333333333,-0.0339015516756813,0.0,0.0,31.818181818181827,0.605155458956419,0.6244178600081249,-0.0192624010517059,-0.0182491247306882,-0.0010132763210176,0.0396478753905982,0.6841799129535315,0.5538200870464685,0.130359825907063,0.56
2020-05-28,MTNGH,0.7,0.56,0.58,0.61,0.55,0.56,-0.02,6091100.0,3431972.0,0.6353333333333334,2020,5,May,2,3,0.58,0.61,0.59,0.6,0.61,0.61,10005200.0,0.0,5803018.0,0.0,0.5928571428571429,0.5992857142857143,0.0179947082168504,0.56,0.61,-0.0344827586206895,-0.0350913198112699,-6.666666666666654,-0.0399999999999999,36.84210526315792,0.5982084652708161,0.6196461666741897,-0.0214377014033736,-0.0188868400652253,-0.0025508613381482,0.0414174154052432,0.6863075948581316,0.5456924051418683,0.1406151897162633,0.55
2020-05-29,MTNGH,0.7,0.55,0.56,0.56,0.55,0.55,-0.01,18824900.0,10353845.0,0.631,2020,5,May,2,4,0.56,0.6,0.61,0.6,0.61,0.61,6091100.0,38700.0,3431972.0,23321.0,0.5857142857142856,0.595,0.0237045304088653,0.55,0.61,-0.0178571428571429,-0.0180185055026783,-8.333333333333323,-0.0499999999999999,35.000000000000014,0.5907917783060751,0.6144871913649905,-0.0236954130589154,-0.0198485546639633,-0.003846858394952,0.0433390800787103,0.6728264699547579,0.5441735300452422,0.1286529399095157,0.55
2020-06-01,MTNGH,0.7,0.55,0.55,0.55,0.55,0.55,0.0,14100.0,7755.0,0.6266666666666666,2020,6,June,2,0,0.55,0.58,0.61,0.59,0.56,0.61,18824900.0,10005200.0,10353845.0,5803018.0,0.5800000000000001,0.5907142857142856,0.0270801280154543,0.55,0.61,0.0,0.0,-6.77966101694914,-0.0399999999999999,35.000000000000014,0.5845161201051404,0.6097103623749912,-0.0251942422698507,-0.0209176921851408,-0.0042765500847099,0.0447470540993998,0.671558941127833,0.536441058872167,0.135117882255666,0.55
2020-06-02,MTNGH,0.7,0.55,0.55,0.55,0.55,0.55,0.0,0.0,0.0,0.6223333333333333,2020,6,June,2,1,0.55,0.56,0.6,0.61,0.55,0.61,14100.0,6091100.0,7755.0,3431972.0,0.5714285714285714,0.5842857142857143,0.0254483604112152,0.55,0.61,0.0,0.0,-9.83606557377048,-0.0599999999999999,23.5294117647059,0.5792059477812727,0.6052873725694363,-0.0260814247881636,-0.0219504387057454,-0.0041309860824182,0.045688852736392,0.6590159371733368,0.535984062826663,0.1230318743466738,0.56
2020-06-03,MTNGH,0.7,0.55,0.55,0.55,0.56,0.56,0.01,7295200.0,4085936.0,0.6183333333333334,2020,6,June,2,2,0.55,0.55,0.58,0.61,0.55,0.56,0.0,18824900.0,0.0,10353845.0,0.5642857142857143,0.58,0.0190237946242285,0.55,0.6,0.0181818181818183,0.0180185055026784,-8.1967213114754,-0.0499999999999999,31.25000000000003,0.5762511865841538,0.6019327523791077,-0.0256815657949539,-0.0226966641235871,-0.0029849016713668,0.0457190319785685,0.6537713163863662,0.5332286836136336,0.1205426327727325,0.57
2020-06-04,MTNGH,0.7,0.55,0.56,0.56,0.57,0.57,0.01,5364200.0,3056073.0,0.6146666666666667,2020,6,June,2,3,0.56,0.55,0.56,0.6,0.55,0.55,7295200.0,14100.0,4085936.0,7755.0,0.5599999999999999,0.5792857142857143,0.0115470053837953,0.55,0.58,0.0178571428571425,0.0176995770994006,-5.000000000000004,-0.03,46.15384615384615,0.5752894655712071,0.5995673633139886,-0.0242778977427815,-0.023012910847426,-0.0012649868953555,0.0450083006392897,0.6412745787065322,0.5367254212934678,0.1045491574130643,0.58
2020-06-05,MTNGH,0.7,0.55,0.57,0.57,0.58,0.58,0.01,4020800.0,2331790.0,0.612,2020,6,June,2,4,0.57,0.55,0.55,0.58,0.56,0.55,5364200.0,0.0,3056073.0,0.0,0.5599999999999999,0.5792857142857143,0.0115470053837953,0.55,0.58,0.0175438596491228,0.0173917427118692,0.0,0.0,50.0,0.5760141631756368,0.598117928994434,-0.0221037658187971,-0.0228310818417002,0.0007273160229031,0.044597819646719,0.6389525842018715,0.5360474157981285,0.1029051684037429,0.58
2020-06-08,MTNGH,0.7,0.55,0.58,0.58,0.57,0.58,0.0,22000.0,12744.0,0.6083333333333333,2020,6,June,2,0,0.58,0.56,0.55,0.56,0.57,0.55,4020800.0,7295200.0,2331790.0,4085936.0,0.562857142857143,0.5778571428571428,0.0138013111868493,0.55,0.58,0.0,0.0,3.5714285714285547,0.0199999999999999,41.66666666666665,0.5766273688409234,0.5967758601800315,-0.0201484913391081,-0.0222945637411818,0.0021460724020736,0.0424331793841043,0.6364297322492879,0.5355702677507123,0.1008594644985756,0.59
2020-06-09,MTNGH,0.7,0.55,0.58,0.58,0.59,0.59,0.01,1138600.0,671612.0,0.605,2020,6,June,2,1,0.58,0.57,0.55,0.55,0.58,0.56,22000.0,5364200.0,12744.0,3056073.0,0.5685714285714286,0.5771428571428572,0.0157359158493908,0.55,0.59,0.0172413793103447,0.0170944333593,7.272727272727258,0.0399999999999999,46.15384615384615,0.5786846967115505,0.5962739446111402,-0.0175892478995897,-0.0213535005728633,0.0037642526732736,0.0396319272200118,0.6342041932316439,0.535795806768356,0.0984083864632878,0.59
2020-06-10,MTNGH,0.7,0.55,0.59,0.59,0.59,0.59,0.0,231300.0,136467.0,0.6020000000000001,2020,6,June,2,2,0.59,0.58,0.56,0.55,0.58,0.57,1138600.0,4020800.0,671612.0,2331790.0,0.5742857142857142,0.5771428571428572,0.0151185789203711,0.55,0.59,0.0,0.0,7.272727272727258,0.0399999999999999,50.0,0.5804255126020812,0.595809207973278,-0.0153836953711967,-0.02015953953253,0.0047758441613333,0.0370833171897149,0.6244899737405827,0.5405100262594174,0.0839799474811653,0.58
2020-06-11,MTNGH,0.7,0.55,0.59,0.59,0.58,0.58,-0.01,27800.0,16133.0,0.6006666666666667,2020,6,June,2,3,0.59,0.58,0.57,0.55,0.59,0.58,231300.0,22000.0,136467.0,12744.0,0.5785714285714285,0.5750000000000001,0.0106904496764998,0.56,0.59,-0.0169491525423729,-0.0170944333593001,5.454545454545439,0.0299999999999999,36.36363636363634,0.580360049124838,0.594638155530813,-0.014278106405975,-0.018983252907219,0.004705146501244,0.0371328772748968,0.6185995924829437,0.5424004075170563,0.0761991849658874,0.58
2020-06-12,MTNGH,0.7,0.55,0.58,0.58,0.58,0.58,0.0,1831200.0,1062096.0,0.5966666666666666,2020,6,June,2,4,0.58,0.59,0.58,0.56,0.59,0.58,27800.0,1138600.0,16133.0,671612.0,0.5814285714285713,0.5728571428571428,0.0069006555934279,0.57,0.59,0.0,0.0,3.5714285714285547,0.0199999999999999,36.36363636363634,0.580304656951786,0.5935538477137158,-0.0132491907619297,-0.0178364404781612,0.0045872497162314,0.0321990932977204,0.6185995924829437,0.5424004075170563,0.0761991849658874,0.58
2020-06-15,MTNGH,0.7,0.55,0.58,0.58,0.58,0.58,0.0,3200.0,1856.0,0.5946666666666667,2020,6,June,2,0,0.58,0.59,0.58,0.57,0.58,0.59,1831200.0,231300.0,1062096.0,136467.0,0.5828571428571429,0.5714285714285714,0.0048795003647487,0.58,0.59,0.0,0.0,1.7543859649122824,0.01,39.99999999999998,0.5802577866515113,0.5925498589941813,-0.01229207234267,-0.0167275668510629,0.0044354945083929,0.0312645368487639,0.6185995924829437,0.5424004075170563,0.0761991849658874,0.58
2020-06-16,MTNGH,0.7,0.55,0.58,0.58,0.58,0.58,0.0,3600.0,2088.0,0.5913333333333333,2020,6,June,2,1,0.58,0.58,0.59,0.58,0.58,0.59,3200.0,27800.0,1856.0,16133.0,0.5828571428571429,0.5714285714285714,0.0048795003647487,0.58,0.59,0.0,0.0,0.0,0.0,50.0,0.5802181271666633,0.5916202398094271,-0.0114021126427638,-0.0156624760094031,0.0042603633666393,0.0268756181431165,0.6164779450625718,0.5425220549374282,0.0739558901251435,0.6
2020-06-17,MTNGH,0.7,0.55,0.58,0.58,0.6,0.6,0.02,40800.0,24480.0,0.59,2020,6,June,2,2,0.58,0.58,0.59,0.58,0.58,0.58,3600.0,1831200.0,2088.0,1062096.0,0.5857142857142856,0.5742857142857142,0.0078679579246981,0.58,0.6,0.0344827586206897,0.0339015516756814,3.448275862068969,0.02,74.99999999999997,0.5832614922179459,0.5922409627865065,-0.0089794705685606,-0.0143258749212346,0.005346404352674,0.0253254676234167,0.6164779450625718,0.5425220549374282,0.0739558901251435,0.59
2020-06-18,MTNGH,0.7,0.55,0.6,0.6,0.6,0.59,-0.01,26500.0,15760.0,0.5876666666666667,2020,6,June,2,3,0.6,0.58,0.58,0.59,0.58,0.58,40800.0,3200.0,24480.0,1856.0,0.5857142857142856,0.5771428571428572,0.0078679579246981,0.58,0.6,-0.0166666666666667,-0.0168071183163812,0.0,0.0,74.99999999999997,0.5842981857228773,0.5920749655430616,-0.0077767798201843,-0.0130160559010245,0.0052392760808402,0.0216051292334784,0.6164779450625718,0.5425220549374282,0.0739558901251435,0.59
2020-06-19,MTNGH,0.7,0.55,0.59,0.59,0.59,0.59,0.0,13600.0,8024.0,0.587,2020,6,June,2,4,0.59,0.58,0.58,0.59,0.6,0.58,26500.0,3600.0,15760.0,2088.0,0.5857142857142856,0.58,0.0078679579246981,0.58,0.6,0.0,0.0,0.0,0.0,74.99999999999997,0.5851753879193577,0.5919212643917237,-0.0067458764723659,-0.0117620200152928,0.0050161435429269,0.0211969418744188,0.6130040043442412,0.5439959956557588,0.0690080086884823,0.59
2020-06-22,MTNGH,0.7,0.55,0.59,0.59,0.59,0.59,0.0,38600.0,22774.0,0.5863333333333334,2020,6,June,2,0,0.59,0.6,0.58,0.58,0.59,0.58,13600.0,40800.0,8024.0,24480.0,0.5871428571428571,0.5828571428571429,0.0075592894601883,0.58,0.6,0.0,0.0,1.7241379310344844,0.01,74.99999999999997,0.5859176359317643,0.5917789485108552,-0.0058613125790909,-0.0105818785280524,0.0047205659489615,0.0207586015962007,0.6092058852248704,0.5457941147751294,0.063411770449741,0.59
2020-06-23,MTNGH,0.7,0.55,0.59,0.59,0.59,0.59,0.0,10300.0,6077.0,0.5856666666666667,2020,6,June,2,1,0.59,0.59,0.58,0.58,0.59,0.6,38600.0,26500.0,22774.0,15760.0,0.5885714285714284,0.585,0.0069006555934275,0.58,0.6,0.0,0.0,1.7241379310344844,0.01,71.42857142857139,0.586545691942262,0.5916471745470882,-0.0051014826048261,-0.0094857993434071,0.004384316738581,0.0202881540659125,0.6075045294306828,0.5464954705693171,0.0610090588613656,0.59
2020-06-24,MTNGH,0.7,0.55,0.59,0.59,0.59,0.59,0.0,400.0,236.0,0.584,2020,6,June,2,2,0.59,0.59,0.6,0.58,0.59,0.59,10300.0,13600.0,6077.0,8024.0,0.59,0.5864285714285714,0.005773502691901,0.58,0.6,0.0,0.0,1.7241379310344844,0.01,66.66666666666666,0.5870771239511448,0.5915251616176742,-0.0044480376665294,-0.0084782470080316,0.0040302093415021,0.0175381357873765,0.6085347852374519,0.546465214762548,0.0620695704749039,0.56
2020-06-25,MTNGH,0.7,0.55,0.59,0.59,0.55,0.56,-0.03,21832100.0,12223260.0,0.5820000000000001,2020,6,June,2,3,0.59,0.59,0.59,0.58,0.59,0.59,400.0,38600.0,236.0,22774.0,0.5871428571428572,0.585,0.0125356634105623,0.56,0.6,-0.0508474576271185,-0.05218575317057,-3.4482758620689493,-0.0199999999999999,37.50000000000006,0.5829114125740456,0.5891899644608094,-0.0062785518867638,-0.008038307983778,0.0017597560970142,0.0166919348685248,0.6085347852374519,0.546465214762548,0.0620695704749039,0.56
2020-06-26,MTNGH,0.7,0.55,0.56,0.56,0.56,0.56,0.0,13187200.0,7384832.0,0.5813333333333334,2020,6,June,2,4,0.56,0.59,0.59,0.6,0.59,0.59,21832100.0,10300.0,12223260.0,6077.0,0.5814285714285715,0.5835714285714285,0.0146385010942299,0.56,0.59,0.0,0.0,-6.666666666666654,-0.0399999999999999,37.50000000000006,0.5793865798703463,0.5870277448711197,-0.0076411650007734,-0.0079588793871771,0.0003177143864036,0.0171671967332487,0.6074511191816299,0.5485488808183703,0.0589022383632595,0.56
2020-06-29,MTNGH,0.7,0.55,0.56,0.56,0.56,0.56,0.0,1800.0,1008.0,0.5806666666666666,2020,6,June,2,0,0.56,0.59,0.59,0.59,0.56,0.59,13187200.0,400.0,7384832.0,236.0,0.5771428571428572,0.5814285714285715,0.0160356745147473,0.56,0.59,0.0,0.0,-5.08474576271185,-0.0299999999999999,28.57142857142861,0.5764040291210623,0.5850256896954812,-0.0086216605744189,-0.0080914356246255,-0.0005302249497934,0.0176035524105553,0.6062393886776271,0.550760611322373,0.055478777355254,0.59
2020-06-30,MTNGH,0.7,0.55,0.56,0.56,0.58,0.59,0.03,12700.0,7436.0,0.5803333333333334,2020,6,June,2,1,0.56,0.56,0.59,0.59,0.56,0.59,1800.0,21832100.0,1008.0,12223260.0,0.5771428571428572,0.5814285714285715,0.0160356745147473,0.56,0.59,0.0535714285714283,0.05218575317057,0.0,0.0,50.0,0.5784957169485911,0.5853941571254455,-0.0068984401768543,-0.0078528365350712,0.0009543963582169,0.0173171896528036,0.6051875208194036,0.5558124791805964,0.0493750416388072,0.59
2020-07-01,MTNGH,0.7,0.55,0.59,0.59,0.58,0.59,0.0,800.0,472.0,0.58,2020,7,July,3,2,0.59,0.56,0.59,0.59,0.56,0.56,12700.0,13187200.0,7436.0,7384832.0,0.5771428571428572,0.5821428571428572,0.0160356745147473,0.56,0.59,0.0,0.0,0.0,0.0,55.55555555555557,0.5802656066488079,0.5857353306717088,-0.0054697240229009,-0.0073762140326372,0.0019064900097363,0.0170192588679324,0.6050331568784536,0.5589668431215465,0.046066313756907,0.58
2020-07-02,MTNGH,0.7,0.55,0.59,0.59,0.58,0.58,-0.01,35900.0,20833.0,0.5796666666666667,2020,7,July,3,3,0.59,0.56,0.56,0.59,0.59,0.56,800.0,1800.0,472.0,1008.0,0.5757142857142857,0.5821428571428572,0.0151185789203711,0.56,0.59,-0.0169491525423729,-0.0170944333593001,-1.6949152542372898,-0.01,50.0,0.5802247440874528,0.5853104913626933,-0.0050857472752404,-0.0069181206811578,0.0018323734059173,0.016914252984477,0.6048606797749528,0.5601393202250472,0.0447213595499056,0.58
2020-07-03,MTNGH,0.7,0.55,0.58,0.58,0.58,0.58,0.0,9200.0,5336.0,0.5786666666666667,2020,7,July,3,4,0.58,0.59,0.56,0.59,0.59,0.56,35900.0,12700.0,20833.0,7436.0,0.5742857142857144,0.5821428571428572,0.0139727626201176,0.56,0.59,0.0,0.0,-1.6949152542372898,-0.01,50.0,0.5801901680739985,0.5849171216321235,-0.004726953558125,-0.0064798872565512,0.0017529336984262,0.0159164485150814,0.6048606797749528,0.5601393202250472,0.0447213595499056,0.58
2020-07-06,MTNGH,0.7,0.55,0.58,0.58,0.58,0.58,0.0,16500.0,9550.0,0.5776666666666668,2020,7,July,3,0,0.58,0.59,0.56,0.56,0.58,0.59,9200.0,800.0,5336.0,472.0,0.5771428571428572,0.5821428571428571,0.0125356634105625,0.56,0.59,0.0,0.0,3.5714285714285547,0.0199999999999999,50.0,0.5801609114472295,0.5845528904001144,-0.0043919789528849,-0.006062305595818,0.0016703266429331,0.0147819398972645,0.6048606797749527,0.5601393202250471,0.0447213595499056,0.58
2020-07-07,MTNGH,0.7,0.55,0.58,0.58,0.58,0.58,0.0,9100.0,5278.0,0.577,2020,7,July,3,1,0.58,0.58,0.59,0.56,0.58,0.59,16500.0,35900.0,9550.0,20833.0,0.58,0.5807142857142856,0.0100000000000029,0.56,0.59,0.0,0.0,3.5714285714285547,0.0199999999999999,37.49999999999997,0.5801361558399634,0.5842156392593651,-0.0040794834194017,-0.0056657411605347,0.0015862577411329,0.0141786629397318,0.6041002500580775,0.5598997499419224,0.0442005001161551,0.57
2020-07-08,MTNGH,0.7,0.55,0.58,0.58,0.57,0.57,-0.01,34400.0,19651.0,0.5766666666666667,2020,7,July,3,2,0.58,0.58,0.59,0.56,0.58,0.58,9100.0,9200.0,5278.0,5336.0,0.5814285714285715,0.5792857142857143,0.0069006555934278,0.57,0.59,-0.0172413793103448,-0.0173917427118692,1.7857142857142672,0.0099999999999998,37.49999999999997,0.5785767472491998,0.5831626289438565,-0.0045858816946566,-0.0054497692673591,0.0008638875727024,0.0142231800443717,0.6033842049574452,0.5586157950425548,0.0447684099148903,0.57
2020-07-09,MTNGH,0.7,0.55,0.57,0.57,0.57,0.57,0.0,14800.0,8436.0,0.577,2020,7,July,3,3,0.57,0.58,0.58,0.59,0.58,0.58,34400.0,16500.0,19651.0,9550.0,0.5785714285714285,0.5778571428571428,0.0069006555934279,0.57,0.59,0.0,0.0,-3.38983050847458,-0.02,37.49999999999997,0.5772572476723998,0.5821876193924598,-0.0049303717200599,-0.0053458897578993,0.0004155180378393,0.0139333388329713,0.6034186203313527,0.5575813796686473,0.0458372406627054,0.57
2020-07-10,MTNGH,0.7,0.55,0.57,0.57,0.57,0.57,0.0,6054700.0,3451179.0,0.5776666666666667,2020,7,July,3,4,0.57,0.58,0.58,0.59,0.57,0.58,14800.0,9100.0,8436.0,5278.0,0.5757142857142856,0.5764285714285714,0.0053452248382542,0.57,0.58,0.0,0.0,-3.38983050847458,-0.02,37.49999999999997,0.5761407480304922,0.581284832770796,-0.0051440847403038,-0.0053055287543802,0.0001614440140764,0.0130472175216547,0.6033959060745803,0.5566040939254197,0.0467918121491606,0.57
2020-07-13,MTNGH,0.7,0.55,0.57,0.57,0.57,0.57,0.0,27600.0,15732.0,0.5783333333333334,2020,7,July,3,0,0.57,0.57,0.58,0.58,0.57,0.58,6054700.0,34400.0,3451179.0,19651.0,0.5742857142857142,0.5750000000000001,0.0053452248382542,0.57,0.58,0.0,0.0,-1.7241379310344844,-0.01,37.49999999999997,0.5751960175642626,0.5804489192322184,-0.0052529016679557,-0.0052950033370953,4.2101669139548575e-05,0.0120582875587903,0.6033194966582122,0.5556805033417879,0.0476389933164242,0.57
2020-07-14,MTNGH,0.57,0.57,0.57,0.57,0.57,0.57,0.57,35100.0,20007.0,0.5790000000000001,2020,7,July,3,1,0.57,0.57,0.58,0.58,0.57,0.57,27600.0,14800.0,15732.0,8436.0,0.5728571428571428,0.5735714285714285,0.004879500364749,0.57,0.58,0.0,0.0,-1.7241379310344844,-0.01,37.49999999999997,0.5743966302466837,0.5796749252150171,-0.0052782949683333,-0.0052916616633429,1.3366695009606189e-05,0.0109387006730094,0.6031922127531294,0.5548077872468705,0.0483844255062588,0.57
2020-07-15,MTNGH,0.57,0.57,0.57,0.57,0.57,0.57,0.57,170700.0,97299.0,0.5793333333333333,2020,7,July,3,2,0.57,0.57,0.57,0.58,0.57,0.57,35100.0,6054700.0,20007.0,3451179.0,0.5714285714285714,0.5742857142857142,0.0037796447301005,0.57,0.58,0.0,0.0,-1.7241379310344844,-0.01,59.99999999999992,0.5737202255933478,0.5789582640879787,-0.0052380384946308,-0.0052809370296005,4.289853496962717e-05,0.0104826073794246,0.5998606797749514,0.5551393202250484,0.0447213595499029,0.57
2020-07-16,MTNGH,0.57,0.57,0.57,0.57,0.57,0.57,0.0,236900.0,135033.0,0.5793333333333333,2020,7,July,3,3,0.57,0.57,0.57,0.58,0.57,0.57,170700.0,27600.0,97299.0,15732.0,0.57,0.575,0.0,0.57,0.57,0.0,0.0,-1.7241379310344844,-0.01,59.99999999999992,0.5731478831943713,0.5782946889703506,-0.0051468057759793,-0.0052541107788762,0.0001073050028969,0.0104826073794246,0.5982884566250842,0.5547115433749158,0.0435769132501684,0.56
2020-07-17,MTNGH,0.57,0.56,0.57,0.57,0.56,0.56,-0.01,29552394.0,16798995.58,0.5786666666666667,2020,7,July,3,4,0.57,0.57,0.57,0.57,0.57,0.57,236900.0,35100.0,135033.0,20007.0,0.5685714285714285,0.575,0.0037796447301006,0.56,0.57,-0.0175438596491226,-0.0176995770994007,-1.7543859649122628,-0.0099999999999998,50.0,0.5711251319336987,0.5769395268243988,-0.0058143948907,-0.005366167601241,-0.0004482272894589,0.011058881072451,0.5970047841687592,0.5529952158312407,0.0440095683375185,0.57
2020-07-20,MTNGH,0.7,0.55,0.56,0.56,0.57,0.57,0.01,35000.0,19950.0,0.5783333333333334,2020,7,July,3,0,0.56,0.57,0.57,0.57,0.57,0.57,29552394.0,170700.0,16798995.58,97299.0,0.5685714285714286,0.5735714285714285,0.0037796447301006,0.56,0.57,0.0178571428571425,0.0176995770994006,0.0,0.0,24.999999999999854,0.5709520347131297,0.5764254878003692,-0.0054734530872394,-0.0053876246984407,-8.582838879873586e-05,0.011167481527993,0.5949259345511733,0.5530740654488269,0.0418518691023463,0.57
2020-07-21,MTNGH,0.7,0.55,0.57,0.57,0.57,0.57,0.0,32900.0,18753.0,0.5776666666666667,2020,7,July,3,1,0.57,0.57,0.57,0.57,0.56,0.57,35000.0,236900.0,19950.0,135033.0,0.5685714285714286,0.5721428571428572,0.0037796447301006,0.56,0.57,0.0,0.0,0.0,0.0,24.999999999999854,0.5708055678341867,0.5759495257410825,-0.0051439579068958,-0.0053388913401317,0.0001949334332359,0.0110432795395394,0.5925744193971292,0.553425580602871,0.0391488387942582,0.56
2020-07-22,MTNGH,0.7,0.55,0.57,0.57,0.56,0.56,-0.01,210000.0,117600.0,0.5766666666666665,2020,7,July,3,2,0.57,0.56,0.57,0.57,0.57,0.57,32900.0,29552394.0,18753.0,16798995.58,0.5671428571428571,0.5707142857142857,0.0048795003647491,0.56,0.57,-0.0175438596491226,-0.0176995770994007,-1.7543859649122628,-0.0099999999999998,24.99999999999993,0.5691431727827734,0.5747680793898912,-0.0056249066071177,-0.0053960943935289,-0.0002288122135888,0.0112444111277158,0.5901660400896769,0.5528339599103231,0.0373320801793537,0.56
2020-07-23,MTNGH,0.7,0.55,0.56,0.56,0.56,0.56,0.0,10972700.0,6144712.0,0.5760000000000001,2020,7,July,3,3,0.56,0.57,0.57,0.57,0.57,0.56,210000.0,35000.0,117600.0,19950.0,0.5657142857142857,0.5692857142857143,0.0053452248382543,0.56,0.57,0.0,0.0,-1.7543859649122628,-0.0099999999999998,24.99999999999993,0.5677365308161929,0.5736741475832325,-0.0059376167670396,-0.005504398868231,-0.0004332178988085,0.0116263671795194,0.5901660400896769,0.5528339599103231,0.0373320801793537,0.56
2020-07-24,MTNGH,0.7,0.55,0.56,0.56,0.56,0.56,0.0,20911400.0,11710380.0,0.5753333333333334,2020,7,July,3,4,0.56,0.57,0.56,0.57,0.56,0.57,10972700.0,32900.0,6144712.0,18753.0,0.5642857142857143,0.5678571428571428,0.0053452248382543,0.56,0.57,0.0,0.0,-1.7543859649122628,-0.0099999999999998,24.99999999999993,0.5665462953060094,0.5726612477622524,-0.0061149524562429,-0.0056265095858334,-0.0004884428704094,0.0119577801345831,0.5901660400896769,0.5528339599103231,0.0373320801793537,0.56
2020-07-27,MTNGH,0.7,0.55,0.56,0.56,0.56,0.56,0.0,41300.0,23130.0,0.5746666666666667,2020,7,July,3,0,0.56,0.56,0.57,0.57,0.56,0.57,20911400.0,210000.0,11710380.0,117600.0,0.5628571428571428,0.5664285714285714,0.0048795003647491,0.56,0.57,0.0,0.0,-1.7543859649122628,-0.0099999999999998,24.99999999999993,0.5655391729512388,0.571723377557641,-0.0061842046064022,-0.0057380485899472,-0.000446156016455,0.0122427553055334,0.5901660400896769,0.5528339599103231,0.0373320801793537,0.56
2020-07-28,MTNGH,0.7,0.55,0.56,0.56,0.56,0.56,0.0,0.0,0.0,0.5740000000000001,2020,7,July,3,1,0.56,0.56,0.57,0.56,0.56,0.56,41300.0,10972700.0,23130.0,6144712.0,0.5628571428571428,0.5657142857142857,0.0048795003647491,0.56,0.57,0.0,0.0,0.0,0.0,33.33333333333333,0.5646869924972021,0.5708549792200379,-0.0061679867228358,-0.0058240362165249,-0.0003439505063108,0.0124844731152508,0.5871679015055156,0.5528320984944843,0.0343358030110312,0.57
2020-07-29,MTNGH,0.7,0.55,0.56,0.56,0.57,0.57,0.01,24700.0,14079.0,0.5730000000000001,2020,7,July,3,2,0.56,0.56,0.56,0.57,0.56,0.56,0.0,20911400.0,0.0,11710380.0,0.5628571428571428,0.5657142857142857,0.0048795003647491,0.56,0.57,0.0178571428571425,0.0176995770994006,0.0,0.0,50.0,0.5655043782668633,0.5707916474259611,-0.0052872691590978,-0.0057166828050395,0.0004294136459416,0.0114921262400456,0.5833636969291159,0.554636303070884,0.0287273938582319,0.57
2020-07-30,MTNGH,0.7,0.55,0.57,0.57,0.57,0.57,0.0,3300.0,1881.0,0.5723333333333332,2020,7,July,3,3,0.57,0.56,0.56,0.57,0.56,0.56,24700.0,41300.0,14079.0,23130.0,0.562857142857143,0.5657142857142857,0.0048795003647491,0.56,0.57,0.0,0.0,0.0,0.0,50.0,0.5661960123796536,0.57073300687589,-0.0045369944962364,-0.0054807451432789,0.0009437506470424,0.0110432795395393,0.5819164078649169,0.5550835921350831,0.0268328157298338,0.58
2020-08-03,MTNGH,0.7,0.55,0.57,0.57,0.59,0.58,0.01,4054600.0,2352168.0,0.572,2020,8,August,3,0,0.57,0.56,0.56,0.56,0.57,0.56,3300.0,0.0,1881.0,0.0,0.5657142857142857,0.5664285714285715,0.0078679579246984,0.56,0.58,0.0175438596491228,0.0173917427118692,3.5714285714285547,0.0199999999999999,60.000000000000085,0.5683197027827838,0.5714194508110093,-0.0030997480282255,-0.0050045457202682,0.0019047976920426,0.0106350104972099,0.5819164078649169,0.5550835921350831,0.0268328157298338,0.58
2020-08-05,MTNGH,0.7,0.55,0.58,0.58,0.59,0.58,0.0,3584700.0,2079126.0,0.5716666666666667,2020,8,August,3,2,0.58,0.57,0.56,0.56,0.57,0.56,4054600.0,24700.0,2352168.0,14079.0,0.5685714285714286,0.5671428571428571,0.0089973541084278,0.56,0.58,0.0,0.0,3.5714285714285547,0.0199999999999999,60.000000000000085,0.5701166715854324,0.5720550470472309,-0.0019383754617984,-0.0043913116685742,0.0024529362067758,0.0101991660691279,0.5819164078649169,0.5550835921350831,0.0268328157298338,0.58
2020-08-06,MTNGH,0.7,0.55,0.58,0.58,0.58,0.58,0.0,7100.0,4118.0,0.5713333333333334,2020,8,August,3,3,0.58,0.57,0.56,0.56,0.58,0.57,3584700.0,3300.0,2079126.0,1881.0,0.5714285714285714,0.5678571428571428,0.0089973541084278,0.56,0.58,0.0,0.0,3.5714285714285547,0.0199999999999999,60.000000000000085,0.571637183649212,0.5726435620807694,-0.0010063784315573,-0.0037143250211708,0.0027079465896135,0.0097320421124275,0.5819164078649169,0.5550835921350831,0.0268328157298338,0.58
2020-08-07,MTNGH,0.7,0.55,0.58,0.58,0.58,0.58,0.0,2620300.0,1519774.0,0.571,2020,8,August,3,4,0.58,0.58,0.57,0.56,0.58,0.57,7100.0,4054600.0,4118.0,2352168.0,0.5742857142857142,0.5685714285714286,0.0078679579246983,0.56,0.58,0.0,0.0,3.5714285714285547,0.0199999999999999,60.000000000000085,0.5729237707801025,0.5731884834081198,-0.0002647126280173,-0.0030244025425401,0.0027596899145228,0.0092288901712506,0.583363696929116,0.5546363030708841,0.0287273938582319,0.58
2020-08-10,MTNGH,0.7,0.55,0.58,0.58,0.58,0.58,0.0,0.0,0.0,0.5716666666666667,2020,8,August,3,0,0.58,0.58,0.57,0.56,0.58,0.58,2620300.0,3584700.0,1519774.0,2079126.0,0.5771428571428572,0.57,0.0048795003647488,0.57,0.58,0.0,0.0,3.5714285714285547,0.0199999999999999,75.00000000000007,0.5740124214293174,0.5736930401927035,0.0003193812366139,-0.0023556457867093,0.0026750270233232,0.0091287092917474,0.5846830930902531,0.5543169069097469,0.0303661861805062,0.58
2020-08-11,MTNGH,0.7,0.55,0.58,0.58,0.58,0.58,0.0,22200.0,12876.0,0.5723333333333332,2020,8,August,3,1,0.58,0.58,0.58,0.57,0.58,0.58,0.0,7100.0,0.0,4118.0,0.5785714285714285,0.5707142857142857,0.0037796447301002,0.57,0.58,0.0,0.0,1.7543859649122824,0.01,66.6666666666668,0.5749335873632686,0.5741602224006515,0.0007733649626171,-0.001729843636844,0.0025032085994612,0.0089763418296977,0.585894388284712,0.5541056117152879,0.031788776569424,0.58
2020-08-12,MTNGH,0.7,0.55,0.58,0.58,0.58,0.58,0.0,1513100.0,877598.0,0.5730000000000001,2020,8,August,3,2,0.58,0.58,0.58,0.57,0.58,0.58,22200.0,2620300.0,12876.0,1519774.0,0.58,0.5714285714285714,0.0,0.58,0.58,0.0,0.0,1.7543859649122824,0.01,66.6666666666668,0.5757130354612272,0.5745927985191217,0.0011202369421055,-0.0011598275210541,0.0022800644631596,0.008769067893684,0.5870115589495721,0.5539884410504277,0.0330231178991444,0.58
2020-08-13,MTNGH,0.7,0.55,0.58,0.58,0.58,0.58,0.0,9700.0,5626.0,0.5726666666666667,2020,8,August,3,3,0.58,0.58,0.58,0.58,0.58,0.58,1513100.0,0.0,877598.0,0.0,0.58,0.5728571428571428,0.0,0.58,0.58,0.0,0.0,0.0,0.0,100.0,0.5763725684671923,0.5749933319621497,0.0013792365050425,-0.0006520147158348,0.0020312512208773,0.0082768198679408,0.5880448325244723,0.5539551674755276,0.0340896650489446,0.58
2020-08-14,MTNGH,0.7,0.55,0.58,0.58,0.58,0.58,0.0,95000.0,55100.0,0.5723333333333334,2020,8,August,3,4,0.58,0.58,0.58,0.58,0.58,0.58,9700.0,22200.0,5626.0,12876.0,0.58,0.5742857142857142,0.0,0.58,0.58,0.0,0.0,0.0,0.0,100.0,0.576930634856855,0.5753641962612498,0.0015664385956052,-0.0002083240535467,0.001774762649152,0.0077385436272704,0.5890018795982468,0.5539981204017532,0.0350037591964935,0.58
2020-08-17,MTNGH,0.7,0.55,0.58,0.58,0.58,0.58,0.0,1600.0,928.0,0.5723333333333332,2020,8,August,3,0,0.58,0.58,0.58,0.58,0.58,0.58,95000.0,1513100.0,55100.0,877598.0,0.58,0.5757142857142856,0.0,0.58,0.58,0.0,0.0,0.0,0.0,100.0,0.5774028448788773,0.5757075891307869,0.0016952557480903,0.0001723919067806,0.0015228638413097,0.0077385436272704,0.5898885438199382,0.5541114561800617,0.0357770876398764,0.58
2020-08-18,MTNGH,0.7,0.55,0.58,0.58,0.58,0.58,0.0,192900.0,111482.0,0.5723333333333334,2020,8,August,3,1,0.58,0.58,0.58,0.58,0.58,0.58,1600.0,9700.0,928.0,5626.0,0.58,0.5771428571428572,0.0,0.58,0.58,0.0,0.0,0.0,0.0,100.0,0.5778024072052038,0.5760255454914693,0.0017768617137344,0.0004932858681714,0.001283575845563,0.0077385436272704,0.5902900945173504,0.5557099054826495,0.0345801890347008,0.58
2020-08-19,MTNGH,0.7,0.55,0.58,0.58,0.58,0.58,0.0,968400.0,561672.0,0.5723333333333332,2020,8,August,3,2,0.58,0.58,0.58,0.58,0.58,0.58,192900.0,95000.0,111482.0,55100.0,0.58,0.5785714285714285,0.0,0.58,0.58,0.0,0.0,0.0,0.0,100.0,0.5781404984044032,0.5763199495291383,0.0018205488752648,0.00075873846959,0.0010618104056747,0.0077385436272704,0.5910018795982473,0.5559981204017524,0.0350037591964949,0.58
2020-08-20,MTNGH,0.7,0.55,0.58,0.58,0.58,0.58,0.0,2864800.0,1661584.0,0.5723333333333334,2020,8,August,3,3,0.58,0.58,0.58,0.58,0.58,0.58,968400.0,1600.0,561672.0,928.0,0.58,0.5792857142857143,0.0,0.58,0.58,0.0,0.0,0.0,0.0,100.0,0.5784265755729565,0.5765925458603133,0.0018340297126432,0.0009737967182007,0.0008602329944425,0.0077385436272704,0.5916515990031015,0.5563484009968984,0.035303198006203,0.59
2020-08-21,MTNGH,0.7,0.55,0.58,0.58,0.59,0.59,0.01,13312700.0,7854366.0,0.5730000000000001,2020,8,August,3,4,0.58,0.58,0.58,0.58,0.58,0.58,2864800.0,192900.0,1661584.0,111482.0,0.5814285714285713,0.5807142857142856,0.0037796447301001,0.58,0.59,0.0172413793103447,0.0170944333593,1.7241379310344844,0.01,100.0,0.5802071024078863,0.5775856906114012,0.0026214117964851,0.0013033197338576,0.0013180920626275,0.0083666002653349,0.593240824166401,0.557759175833599,0.0354816483328019,0.59
2020-08-24,MTNGH,0.7,0.55,0.59,0.59,0.59,0.59,0.0,0.0,0.0,0.5736666666666667,2020,8,August,3,0,0.59,0.58,0.58,0.58,0.58,0.58,13312700.0,968400.0,7854366.0,561672.0,0.5828571428571427,0.5814285714285713,0.0048795003647487,0.58,0.59,0.0,0.0,1.7241379310344844,0.01,100.0,0.5817137020374423,0.5785052690846307,0.0032084329528115,0.0016843423776483,0.0015240905751631,0.0088991798666368,0.594290094517352,0.5597099054826479,0.0345801890347041,0.58
2020-08-25,MTNGH,0.7,0.55,0.59,0.59,0.58,0.58,-0.01,8200.0,4756.0,0.574,2020,8,August,3,1,0.59,0.58,0.58,0.58,0.59,0.58,0.0,2864800.0,0.0,1661584.0,0.5828571428571429,0.5814285714285713,0.0048795003647487,0.58,0.59,-0.0169491525423729,-0.0170944333593001,0.0,0.0,50.0,0.5814500555701435,0.5786159898931766,0.0028340656769668,0.001914287037512,0.0009197786394547,0.0089442719099937,0.5933554379189309,0.562644562081069,0.0307108758378618,0.59
2020-08-26,MTNGH,0.7,0.55,0.58,0.58,0.59,0.59,0.01,111800.0,65784.0,0.5746666666666667,2020,8,August,3,2,0.58,0.59,0.58,0.58,0.59,0.58,8200.0,13312700.0,4756.0,7854366.0,0.5842857142857143,0.5821428571428572,0.0053452248382539,0.58,0.59,0.0172413793103447,0.0170944333593,1.7241379310344844,0.01,66.66666666666666,0.5827654316362753,0.5794592499010894,0.0033061817351858,0.0021926659770468,0.0011135157581389,0.0093710240611112,0.5932266548229905,0.5657733451770095,0.027453309645981,0.59
2020-08-27,MTNGH,0.7,0.55,0.59,0.59,0.59,0.59,0.0,39800.0,23482.0,0.5753333333333333,2020,8,August,3,3,0.59,0.59,0.58,0.58,0.58,0.59,111800.0,0.0,65784.0,0.0,0.5857142857142856,0.5828571428571429,0.0053452248382539,0.58,0.59,0.0,0.0,1.7241379310344844,0.01,66.66666666666666,0.5838784421537714,0.5802400462047125,0.0036383959490589,0.0024818119714492,0.0011565839776096,0.0097320421124275,0.5920501250289699,0.56994987497103,0.0221002500579399,0.59
2020-08-28,MTNGH,0.7,0.55,0.59,0.59,0.59,0.59,0.0,0.0,0.0,0.576,2020,8,August,3,4,0.59,0.58,0.59,0.58,0.59,0.59,39800.0,8200.0,23482.0,4756.0,0.5871428571428571,0.5835714285714285,0.0048795003647485,0.58,0.59,0.0,0.0,1.7241379310344844,0.01,66.66666666666666,0.5848202202839604,0.5809630057451042,0.0038572145388562,0.0027568924849306,0.0011003220539255,0.0100344235097147,0.5924629672755157,0.5715370327244842,0.0209259345510315,0.59
2020-08-31,MTNGH,0.7,0.55,0.59,0.59,0.59,0.59,0.0,22200.0,13098.0,0.5766666666666665,2020,8,August,3,0,0.59,0.59,0.59,0.58,0.59,0.58,0.0,111800.0,0.0,65784.0,0.5885714285714286,0.5842857142857143,0.0037796447300998,0.58,0.59,0.0,0.0,1.7241379310344844,0.01,66.66666666666666,0.5856171094710434,0.5816324127269483,0.003984696744095,0.0030024533367635,0.0009822434073315,0.0102833421822228,0.5924032469195262,0.5735967530804738,0.0188064938390524,0.59
2020-09-01,MTNGH,0.7,0.55,0.59,0.59,0.59,0.59,0.0,9700.0,5723.0,0.5776666666666667,2020,9,September,3,1,0.59,0.59,0.58,0.59,0.59,0.59,22200.0,39800.0,13098.0,23482.0,0.5885714285714286,0.585,0.0037796447300998,0.58,0.59,0.0,0.0,0.0,0.0,66.66666666666666,0.5862914003216522,0.5822522340064337,0.0040391663152185,0.0032097959324545,0.0008293703827639,0.0100630198159396,0.59328720969849,0.5737127903015098,0.0195744193969802,0.58
2020-09-02,MTNGH,0.7,0.55,0.59,0.59,0.59,0.58,-0.01,62700.0,36471.0,0.578,2020,9,September,3,2,0.59,0.59,0.59,0.59,0.59,0.59,9700.0,0.0,5723.0,0.0,0.5871428571428571,0.585,0.0048795003647486,0.58,0.59,-0.0169491525423729,-0.0170944333593001,-1.6949152542372898,-0.01,50.0,0.5853234925798595,0.582085401857809,0.0032380907220505,0.0032154548903737,2.263583167677868e-05,0.0099654575824439,0.59328720969849,0.5737127903015098,0.0195744193969802,0.59
2020-09-03,MTNGH,0.7,0.55,0.58,0.58,0.59,0.59,0.01,4786700.0,2823816.0,0.5786666666666667,2020,9,September,3,3,0.58,0.59,0.59,0.58,0.59,0.59,62700.0,22200.0,36471.0,13098.0,0.5885714285714284,0.5857142857142856,0.0037796447300998,0.58,0.59,0.0172413793103447,0.0170944333593,1.7241379310344844,0.01,60.0,0.5860429552598811,0.5826716683868601,0.003371286873021,0.0032466212869031,0.0001246655861178,0.0100801386598698,0.5940524937989018,0.5739475062010979,0.0201049875978038,0.59
2020-09-04,MTNGH,0.7,0.55,0.59,0.59,0.59,0.59,0.0,24600.0,14514.0,0.5796666666666667,2020,9,September,3,4,0.59,0.59,0.59,0.59,0.58,0.59,4786700.0,9700.0,2823816.0,5723.0,0.5885714285714284,0.5864285714285714,0.0037796447300998,0.58,0.59,0.0,0.0,0.0,0.0,60.0,0.5866517313737456,0.5832145077656112,0.0034372236081343,0.0032847417511494,0.0001524818569849,0.0096430547933229,0.5947083557105838,0.574291644289416,0.0204167114211677,0.59
2020-09-07,MTNGH,0.7,0.55,0.59,0.59,0.59,0.59,0.0,8400.0,4956.0,0.5806666666666666,2020,9,September,3,0,0.59,0.58,0.59,0.59,0.59,0.59,24600.0,62700.0,14514.0,36471.0,0.5885714285714286,0.5871428571428572,0.0037796447300998,0.58,0.59,0.0,0.0,0.0,0.0,60.0,0.5871668496239386,0.5837171368200104,0.0034497128039282,0.0033177359617051,0.000131976842223,0.009071871393192,0.5952597835207554,0.5747402164792446,0.0205195670415108,0.59
2020-09-08,MTNGH,0.7,0.55,0.59,0.59,0.59,0.59,0.0,0.0,0.0,0.5816666666666667,2020,9,September,3,1,0.59,0.59,0.59,0.59,0.59,0.58,8400.0,4786700.0,4956.0,2823816.0,0.5885714285714286,0.5878571428571429,0.0037796447300998,0.58,0.59,0.0,0.0,0.0,0.0,60.0,0.5876027189125634,0.5841825340926021,0.0034201848199613,0.0033382257333564,8.195908660490244e-05,0.0083390784793621,0.5957083557105846,0.5752916442894155,0.020416711421169,0.59
2020-09-09,MTNGH,0.7,0.55,0.59,0.59,0.59,0.59,0.0,14900.0,8791.0,0.5826666666666667,2020,9,September,3,2,0.59,0.59,0.58,0.59,0.59,0.59,0.0,24600.0,0.0,14514.0,0.5885714285714286,0.5885714285714286,0.0037796447300998,0.58,0.59,0.0,0.0,0.0,0.0,60.0,0.5879715313875536,0.5846134574931501,0.0033580738944035,0.0033421953655658,1.58785288377249e-05,0.0073967995564341,0.5960524937989033,0.5759475062010968,0.0201049875978065,0.59
2020-09-10,MTNGH,0.7,0.55,0.59,0.59,0.59,0.59,0.0,0.0,0.0,0.5836666666666666,2020,9,September,3,3,0.59,0.59,0.59,0.59,0.59,0.59,14900.0,8400.0,8791.0,4956.0,0.5885714285714284,0.5885714285714286,0.0037796447300998,0.58,0.59,0.0,0.0,0.0,0.0,50.0,0.5882836034817762,0.5850124606418056,0.0032711428399706,0.0033279848604468,-5.6842020476152114e-05,0.0061494789985759,0.5962872096984921,0.5767127903015079,0.0195744193969842,0.59
2020-09-11,MTNGH,0.7,0.55,0.59,0.59,0.59,0.59,0.0,0.0,0.0,0.5843333333333333,2020,9,September,3,4,0.59,0.59,0.59,0.58,0.59,0.59,0.0,0.0,0.0,0.0,0.59,0.5885714285714286,0.0,0.59,0.59,0.0,0.0,1.7241379310344844,0.01,50.0,0.5885476644845798,0.5853819080016718,0.003165756482908,0.003295539184939,-0.0001297827020309,0.0056832077715508,0.5964032469195291,0.5775967530804709,0.0188064938390581,0.59
2020-09-14,MTNGH,0.7,0.55,0.59,0.59,0.59,0.59,0.0,18900.0,11151.0,0.5850000000000001,2020,9,September,3,0,0.59,0.59,0.59,0.59,0.59,0.59,0.0,14900.0,0.0,8791.0,0.59,0.5892857142857143,0.0,0.59,0.59,0.0,0.0,0.0,0.0,66.66666666666666,0.5887711007177214,0.5857239888904369,0.0030471118272845,0.0032458537134081,-0.0001987418861235,0.0050854762771465,0.5963852331662773,0.5786147668337227,0.0177704663325546,0.58
2020-09-15,MTNGH,0.7,0.55,0.59,0.59,0.58,0.58,-0.01,73900.0,42883.0,0.5849999999999999,2020,9,September,3,1,0.59,0.59,0.59,0.59,0.59,0.59,18900.0,0.0,11151.0,0.0,0.5885714285714286,0.5885714285714286,0.0037796447300998,0.58,0.59,-0.0169491525423729,-0.0170944333593001,-1.6949152542372898,-0.01,33.33333333333333,0.5874217006073028,0.5852999897133675,0.0021217108939353,0.0030210251495135,-0.0008993142555782,0.0050854762771465,0.5963852331662773,0.5786147668337227,0.0177704663325546,0.6
2020-09-16,MTNGH,0.7,0.55,0.58,0.58,0.6,0.6,0.02,2000.0,1200.0,0.5856666666666667,2020,9,September,3,2,0.58,0.59,0.59,0.59,0.59,0.59,73900.0,0.0,42883.0,0.0,0.59,0.5892857142857143,0.0057735026919011,0.58,0.6,0.0344827586206897,0.0339015516756814,1.6949152542372898,0.01,60.0,0.5893568235907947,0.5863888793642291,0.0029679442265655,0.0030104089649239,-4.24647383584372e-05,0.0056832077715508,0.5982872096984936,0.5787127903015065,0.0195744193969871,0.6
2020-09-17,MTNGH,0.7,0.55,0.6,0.6,0.6,0.6,0.0,2300.0,1380.0,0.5863333333333334,2020,9,September,3,3,0.6,0.59,0.59,0.59,0.58,0.59,2000.0,18900.0,1200.0,11151.0,0.5914285714285714,0.59,0.0069006555934275,0.58,0.6,0.0,0.0,1.6949152542372898,0.01,60.0,0.5909942353460571,0.5873971105224344,0.0035971248236227,0.0031277521366637,0.000469372686959,0.0061494789985759,0.5997083557105871,0.5792916442894127,0.0204167114211744,0.6
2020-09-18,MTNGH,0.7,0.55,0.6,0.6,0.6,0.6,0.0,300.0,180.0,0.587,2020,9,September,3,4,0.6,0.58,0.59,0.59,0.6,0.59,2300.0,73900.0,1380.0,42883.0,0.5928571428571427,0.5907142857142856,0.0075592894601881,0.58,0.6,0.0,0.0,1.6949152542372898,0.01,60.0,0.5923797376005099,0.5883306578911429,0.0040490797093669,0.0033120176512043,0.0007370620581625,0.0065125872818221,0.6012390297388955,0.5787609702611044,0.0224780594777911,0.6
2020-09-22,MTNGH,0.7,0.55,0.6,0.6,0.6,0.6,0.0,5176600.0,3105968.0,0.5876666666666667,2020,9,September,3,1,0.6,0.6,0.59,0.59,0.6,0.58,300.0,2000.0,180.0,1200.0,0.5942857142857143,0.5914285714285714,0.0078679579246978,0.58,0.6,0.0,0.0,1.6949152542372898,0.01,60.0,0.5935520856619699,0.58919505360291,0.0043570320590599,0.0035210205327754,0.0008360115262844,0.0067891055392364,0.6025961063765076,0.5784038936234924,0.0241922127530151,0.6
2020-09-23,MTNGH,0.7,0.55,0.6,0.6,0.6,0.6,0.0,117100.0,70260.0,0.5883333333333333,2020,9,September,3,2,0.6,0.6,0.58,0.59,0.6,0.6,5176600.0,2300.0,3105968.0,1380.0,0.5957142857142858,0.5928571428571427,0.0078679579246978,0.58,0.6,0.0,0.0,1.6949152542372898,0.01,75.0,0.5945440724832053,0.5899954200026944,0.0045486524805108,0.0037265469223225,0.0008221055581882,0.0069893186157555,0.6032428589721678,0.5797571410278323,0.0234857179443355,0.6
2020-09-24,MTNGH,0.7,0.55,0.6,0.6,0.6,0.6,0.0,19000.0,11400.0,0.589,2020,9,September,3,3,0.6,0.6,0.6,0.59,0.6,0.6,117100.0,300.0,70260.0,180.0,0.5971428571428571,0.5935714285714285,0.0075592894601879,0.58,0.6,0.0,0.0,1.6949152542372898,0.01,66.66666666666666,0.5953834459473275,0.5907365000024948,0.0046469459448327,0.0039106267268245,0.0007363192180081,0.0071196667880116,0.6043117402249456,0.5796882597750543,0.0246234804498912,0.6
2020-09-25,MTNGH,0.7,0.55,0.6,0.6,0.6,0.6,0.0,4400.0,2640.0,0.5896666666666667,2020,9,September,3,4,0.6,0.6,0.6,0.58,0.6,0.6,19000.0,5176600.0,11400.0,3105968.0,0.6,0.5942857142857143,0.0,0.6,0.6,0.0,0.0,3.448275862068969,0.02,66.66666666666666,0.596093685032354,0.5914226851874951,0.0046709998448589,0.0040627013504314,0.0006082984944275,0.0071839540228346,0.6052733274730969,0.5797266725269031,0.0255466549461937,0.61
2020-09-28,MTNGH,0.7,0.55,0.6,0.6,0.61,0.61,0.01,133800.0,81572.0,0.5906666666666667,2020,9,September,3,0,0.6,0.6,0.6,0.6,0.6,0.6,4400.0,117100.0,2640.0,70260.0,0.6014285714285714,0.5957142857142858,0.0037796447300987,0.6,0.61,0.0166666666666666,0.0165293019512105,1.6666666666666683,0.01,75.0,0.5982331181042996,0.592798782581014,0.0054343355232855,0.0043370281850022,0.0010973073382832,0.0078491525276428,0.6084031964073495,0.5785968035926503,0.0298063928146992,0.61
2020-09-29,MTNGH,0.7,0.55,0.61,0.61,0.61,0.61,0.0,105200.0,64172.0,0.5916666666666667,2020,9,September,3,1,0.61,0.6,0.6,0.6,0.6,0.6,133800.0,19000.0,81572.0,11400.0,0.6028571428571429,0.5971428571428571,0.0048795003647476,0.6,0.61,0.0,0.0,1.6666666666666683,0.01,75.0,0.6000434076267149,0.5940729468342723,0.0059704607924426,0.0046637147064903,0.0013067460859523,0.0083390784793621,0.6110115589495823,0.5779884410504178,0.0330231178991644,0.61
2020-09-30,MTNGH,0.7,0.55,0.61,0.61,0.61,0.61,0.0,51000.0,31110.0,0.5926666666666666,2020,9,September,3,2,0.61,0.6,0.6,0.6,0.61,0.6,105200.0,4400.0,64172.0,2640.0,0.6042857142857143,0.5985714285714286,0.0053452248382529,0.6,0.61,0.0,0.0,1.6666666666666683,0.01,75.0,0.6015751910687588,0.5952527285502521,0.0063224625185066,0.0049954642688936,0.001326998249613,0.0086834497091004,0.6132408241664089,0.5777591758335912,0.0354816483328177,0.6
2020-10-01,MTNGH,0.7,0.55,0.61,0.61,0.6,0.6,-0.01,87100.0,52260.0,0.5933333333333334,2020,10,October,4,3,0.61,0.61,0.6,0.6,0.61,0.6,51000.0,133800.0,31110.0,81572.0,0.6042857142857143,0.5992857142857143,0.0053452248382529,0.6,0.61,-0.0163934426229508,-0.0165293019512105,0.0,0.0,60.0,0.6013328539812575,0.5956043782872704,0.005728475693987,0.0051420665539123,0.0005864091400747,0.0084418225411337,0.6127545540176893,0.5802454459823108,0.0325091080353785,0.6
2020-10-02,MTNGH,0.7,0.55,0.6,0.6,0.6,0.6,0.0,32000.0,19200.0,0.5939999999999999,2020,10,October,4,4,0.6,0.61,0.6,0.6,0.61,0.61,87100.0,105200.0,52260.0,64172.0,0.6042857142857142,0.5999999999999999,0.0053452248382529,0.6,0.61,0.0,0.0,0.0,0.0,60.0,0.6011277995226024,0.5959299798956207,0.0051978196269817,0.0051532171685261,4.460245845554559e-05,0.0081367620434437,0.6130262941836643,0.5809737058163357,0.0320525883673286,0.6
2020-10-05,MTNGH,0.7,0.55,0.6,0.6,0.6,0.6,0.0,200400.0,120740.0,0.5943333333333333,2020,10,October,4,0,0.6,0.61,0.61,0.6,0.6,0.61,32000.0,51000.0,19200.0,31110.0,0.6042857142857142,0.6007142857142858,0.0053452248382529,0.6,0.61,0.0,0.0,0.0,0.0,60.0,0.6009542919037405,0.5962314628663155,0.004722829037425,0.0050671395423059,-0.0003443105048809,0.0081720015415628,0.6132279503130837,0.5817720496869161,0.0314559006261676,0.6
2020-10-06,MTNGH,0.7,0.55,0.6,0.6,0.6,0.6,0.0,11700.0,7020.0,0.5946666666666666,2020,10,October,4,1,0.6,0.6,0.61,0.6,0.6,0.61,200400.0,87100.0,120740.0,52260.0,0.6042857142857143,0.6021428571428571,0.0053452248382529,0.6,0.61,0.0,0.0,0.0,0.0,75.0,0.6008074777647034,0.5965106137651068,0.0042968639995966,0.004913084433764,-0.0006162204341674,0.0081930724872609,0.61335543791894,0.58264456208106,0.03071087583788,0.6
2020-10-07,MTNGH,0.7,0.55,0.6,0.6,0.6,0.6,0.0,9040800.0,5424480.0,0.5953333333333333,2020,10,October,4,2,0.6,0.6,0.61,0.61,0.6,0.6,11700.0,32000.0,7020.0,19200.0,0.6028571428571429,0.6021428571428571,0.0048795003647476,0.6,0.61,0.0,0.0,-1.6393442622950831,-0.01,50.0,0.6006832504162876,0.5967690868195433,0.0039141635967442,0.0047133002663601,-0.0007991366696158,0.0077607915226073,0.613403196407352,0.5835968035926479,0.029806392814704,0.6
2020-10-08,MTNGH,0.7,0.55,0.6,0.6,0.6,0.6,0.0,1027800.0,616680.0,0.5956666666666667,2020,10,October,4,3,0.6,0.6,0.6,0.61,0.6,0.6,9040800.0,200400.0,5424480.0,120740.0,0.6014285714285714,0.6021428571428571,0.0037796447300987,0.6,0.61,0.0,0.0,-1.6393442622950831,-0.01,50.0,0.6005781349676279,0.5970084137217994,0.0035697212458285,0.0044845844622538,-0.0009148632164252,0.0077385436272703,0.6133636969291303,0.5846363030708697,0.0287273938582606,0.61
2020-10-09,MTNGH,0.7,0.55,0.6,0.6,0.61,0.61,0.01,167800.0,102180.0,0.5963333333333334,2020,10,October,4,4,0.6,0.6,0.6,0.61,0.6,0.6,1027800.0,11700.0,616680.0,7020.0,0.6014285714285714,0.6028571428571429,0.0037796447300987,0.6,0.61,0.0166666666666666,0.0165293019512105,0.0,0.0,66.66666666666666,0.6020276526649159,0.5979707534461105,0.0040568992188053,0.0043990474135641,-0.0003421481947587,0.0080871687784092,0.6145095250021395,0.5854904749978604,0.029019050004279,0.61
2020-10-12,MTNGH,0.7,0.55,0.61,0.61,0.61,0.61,0.0,8200.0,5002.0,0.597,2020,10,October,4,0,0.61,0.6,0.6,0.6,0.6,0.6,167800.0,9040800.0,102180.0,5424480.0,0.6028571428571429,0.6035714285714285,0.0048795003647476,0.6,0.61,0.0,0.0,1.6666666666666683,0.01,66.66666666666666,0.6032541676395441,0.5988618087463986,0.0043923588931454,0.0043977097094803,-5.350816334905376e-06,0.0083666002653349,0.6153636969291313,0.5866363030708687,0.0287273938582626,0.61
2020-10-13,MTNGH,0.7,0.55,0.61,0.61,0.61,0.61,0.0,1097500.0,669475.0,0.5976666666666667,2020,10,October,4,1,0.61,0.6,0.6,0.6,0.61,0.6,8200.0,1027800.0,5002.0,616680.0,0.6042857142857142,0.6042857142857143,0.0053452248382529,0.6,0.61,0.0,0.0,1.6666666666666683,0.01,66.66666666666666,0.6042919880026911,0.5996868599503691,0.004605128052322,0.0044391933780487,0.0001659346742733,0.00858359836662,0.6159170474787068,0.5880829525212932,0.0278340949574136,0.61
2020-10-14,MTNGH,0.7,0.55,0.61,0.61,0.61,0.61,0.0,1000000.0,610000.0,0.5983333333333333,2020,10,October,4,2,0.61,0.61,0.6,0.6,0.61,0.6,1097500.0,167800.0,669475.0,102180.0,0.6057142857142858,0.6049999999999999,0.0053452248382528,0.6,0.61,0.0,0.0,1.6666666666666683,0.01,66.66666666666666,0.6051701436945848,0.6004507962503418,0.0047193474442429,0.0044952241912875,0.0002241232529553,0.0087428131404655,0.6132872096985043,0.5937127903014956,0.0195744193970086,0.61
2020-10-15,MTNGH,0.7,0.55,0.61,0.61,0.61,0.61,0.0,13200.0,8052.0,0.5993333333333333,2020,10,October,4,3,0.61,0.61,0.6,0.6,0.61,0.61,1000000.0,8200.0,610000.0,5002.0,0.6071428571428571,0.6057142857142858,0.0048795003647473,0.6,0.61,0.0,0.0,1.6666666666666683,0.01,66.66666666666666,0.6059131985108025,0.6011581446762424,0.00475505383456,0.004547190119942,0.000207863714618,0.0082768198679407,0.6140524937989158,0.5939475062010842,0.0201049875978316,0.61
2020-10-16,MTNGH,0.7,0.55,0.61,0.61,0.61,0.61,0.0,7134700.0,4350327.0,0.6,2020,10,October,4,4,0.61,0.61,0.61,0.6,0.61,0.61,13200.0,1097500.0,8052.0,669475.0,0.6085714285714285,0.6057142857142858,0.0037796447300981,0.6,0.61,0.0,0.0,1.6666666666666683,0.01,50.0,0.6065419372014482,0.6018130969224467,0.0047288402790015,0.0045835201517539,0.0001453201272475,0.008304547985368,0.6147083557105976,0.5942916442894025,0.020416711421195,0.61
2020-10-19,MTNGH,0.7,0.55,0.61,0.61,0.61,0.61,0.0,167200.0,101992.0,0.6006666666666667,2020,10,October,4,0,0.61,0.61,0.61,0.6,0.61,0.61,7134700.0,1000000.0,4350327.0,610000.0,0.61,0.6057142857142858,0.0,0.61,0.61,0.0,0.0,1.6666666666666683,0.01,50.0,0.6070739468627638,0.6024195341874506,0.0046544126753131,0.0045976986564658,5.6714018847374426e-05,0.0082768198679406,0.615259783520769,0.5947402164792309,0.0205195670415381,0.62
2020-10-20,MTNGH,0.7,0.55,0.61,0.61,0.62,0.62,0.01,31800.0,19700.0,0.6016666666666666,2020,10,October,4,1,0.61,0.61,0.61,0.61,0.61,0.61,167200.0,13200.0,101992.0,8052.0,0.6114285714285714,0.6064285714285714,0.0037796447300979,0.61,0.62,0.0163934426229508,0.0162605208717803,1.6393442622950831,0.01,66.66666666666666,0.6090625704223387,0.6037217909143061,0.0053407795080325,0.0047463148267791,0.0005944646812534,0.0087428131404654,0.6179648608322521,0.5940351391677479,0.0239297216645042,0.62
2020-10-21,MTNGH,0.7,0.55,0.62,0.62,0.62,0.62,0.0,4700.0,2914.0,0.6026666666666666,2020,10,October,4,2,0.62,0.61,0.61,0.61,0.61,0.61,31800.0,7134700.0,19700.0,4350327.0,0.6128571428571429,0.6078571428571429,0.004879500364747,0.61,0.62,0.0,0.0,1.6393442622950831,0.01,100.0,0.6107452518958251,0.6049275841799131,0.0058176677159119,0.0049605854046057,0.0008570823113062,0.0090718713931918,0.6201389337065722,0.5938610662934277,0.0262778674131445,0.62
2020-10-22,MTNGH,0.7,0.55,0.62,0.62,0.62,0.62,0.0,34600.0,21452.0,0.6036666666666667,2020,10,October,4,3,0.62,0.61,0.61,0.61,0.62,0.61,4700.0,167200.0,2914.0,101992.0,0.6142857142857142,0.6092857142857142,0.0053452248382523,0.61,0.62,0.0,0.0,1.6393442622950831,0.01,100.0,0.6121690592964674,0.6060440594258455,0.0061249998706218,0.0051934682978089,0.0009315315728129,0.009278574999583,0.6219170474787098,0.5940829525212902,0.0278340949574196,0.62
2020-10-23,MTNGH,0.7,0.55,0.62,0.62,0.62,0.62,0.0,1200.0,744.0,0.6046666666666667,2020,10,October,4,4,0.62,0.62,0.61,0.61,0.62,0.61,34600.0,31800.0,21452.0,19700.0,0.6157142857142857,0.6107142857142858,0.0053452248382522,0.61,0.62,0.0,0.0,1.6393442622950831,0.01,100.0,0.6133738194047031,0.6070778328017088,0.0062959866029943,0.005413971958846,0.0008820146441483,0.009371024061111,0.6233636969291351,0.5946363030708649,0.0287273938582701,0.61
2020-10-26,MTNGH,0.7,0.55,0.62,0.62,0.61,0.61,-0.01,5172300.0,3155103.0,0.6053333333333334,2020,10,October,4,0,0.62,0.62,0.61,0.61,0.62,0.62,1200.0,4700.0,744.0,2914.0,0.6157142857142857,0.6114285714285713,0.0053452248382522,0.61,0.62,-0.0161290322580645,-0.0162605208717802,0.0,0.0,66.66666666666666,0.612854770265518,0.6072942896312119,0.0055604806343061,0.005443273693938,0.000117206940368,0.0089955289021704,0.6233636969291351,0.5946363030708649,0.0287273938582701,0.61
2020-10-27,MTNGH,0.7,0.55,0.61,0.61,0.61,0.61,0.0,1800.0,1098.0,0.606,2020,10,October,4,1,0.61,0.62,0.62,0.61,0.62,0.62,5172300.0,34600.0,3155103.0,21452.0,0.6157142857142858,0.6121428571428572,0.0053452248382522,0.61,0.62,0.0,0.0,0.0,0.0,66.66666666666666,0.6124155748400537,0.6074947126214926,0.0049208622185611,0.0053387913988626,-0.0004179291803015,0.0085500554545429,0.6233636969291351,0.5946363030708649,0.0287273938582701,0.61
2020-10-28,MTNGH,0.7,0.55,0.61,0.61,0.61,0.61,0.0,500.0,305.0,0.607,2020,10,October,4,2,0.61,0.62,0.62,0.61,0.61,0.62,1800.0,1200.0,1098.0,744.0,0.6157142857142857,0.6128571428571429,0.0053452248382522,0.61,0.62,0.0,0.0,0.0,0.0,66.66666666666666,0.6120439479415839,0.607680289464345,0.0043636584772388,0.0051437648145379,-0.000780106337299,0.0070221324985707,0.6233636969291351,0.5946363030708649,0.0287273938582701,0.61
2020-10-29,MTNGH,0.7,0.55,0.61,0.61,0.61,0.61,0.0,1400.0,854.0,0.6073333333333333,2020,10,October,4,3,0.61,0.61,0.62,0.62,0.61,0.62,500.0,5172300.0,305.0,3155103.0,0.6142857142857142,0.6128571428571429,0.0053452248382523,0.61,0.62,0.0,0.0,-1.6129032258064528,-0.01,50.0,0.6117294944121094,0.6078521198743936,0.0038773745377158,0.0048904867591735,-0.0010131122214576,0.0069149180728277,0.6232266548230055,0.5957733451769943,0.0274533096460112,0.61
2020-10-30,MTNGH,0.7,0.55,0.61,0.61,0.61,0.61,0.0,23700.0,14457.0,0.6076666666666666,2020,10,October,4,4,0.61,0.61,0.62,0.62,0.61,0.61,1400.0,1800.0,854.0,1098.0,0.6128571428571429,0.6128571428571429,0.004879500364747,0.61,0.62,0.0,0.0,-1.6129032258064528,-0.01,50.0,0.611463418348708,0.6080112221059201,0.0034521962427879,0.0046028286558963,-0.0011506324131084,0.006789105539236,0.6229777136903983,0.5970222863096019,0.0259554273807964,0.61
2020-11-02,MTNGH,0.7,0.55,0.61,0.61,0.61,0.61,0.0,2720100.0,1659261.0,0.6080000000000001,2020,11,November,4,0,0.61,0.61,0.61,0.62,0.61,0.61,23700.0,500.0,14457.0,305.0,0.6114285714285713,0.6128571428571429,0.0037796447300979,0.61,0.62,0.0,0.0,-1.6129032258064528,-0.01,50.0,0.6112382770642913,0.608158538986963,0.0030797380773283,0.0042982105401827,-0.0012184724628544,0.0066436383882914,0.622596106376519,0.5984038936234809,0.024192212753038,0.61
2020-11-03,MTNGH,0.7,0.55,0.61,0.61,0.61,0.61,0.0,68500.0,41785.0,0.6083333333333333,2020,11,November,4,1,0.61,0.61,0.61,0.62,0.61,0.61,2720100.0,1400.0,1659261.0,854.0,0.61,0.6128571428571429,0.0,0.61,0.61,0.0,0.0,-1.6129032258064528,-0.01,50.0,0.6110477729005541,0.6082949435064473,0.0027528293941068,0.0039891343109675,-0.0012363049168607,0.006477192523648,0.6220501250289886,0.5999498749710114,0.0221002500579772,0.61
2020-11-04,MTNGH,0.7,0.55,0.61,0.61,0.61,0.61,0.0,12300.0,7503.0,0.6086666666666667,2020,11,November,4,2,0.61,0.61,0.61,0.61,0.61,0.61,68500.0,23700.0,41785.0,14457.0,0.61,0.6128571428571429,0.0,0.61,0.61,0.0,0.0,0.0,0.0,50.0,0.6108865770696996,0.6084212439874512,0.0024653330822483,0.0036843740652237,-0.0012190409829753,0.0062881022482903,0.6212872096985098,0.6017127903014903,0.0195744193970195,0.61
2020-11-05,MTNGH,0.7,0.55,0.61,0.61,0.61,0.61,0.0,3400.0,2074.0,0.609,2020,11,November,4,3,0.61,0.61,0.61,0.61,0.61,0.61,12300.0,2720100.0,7503.0,1659261.0,0.61,0.6128571428571429,0.0,0.61,0.61,0.0,0.0,0.0,0.0,50.0,0.6107501805974381,0.6085381888772697,0.0022119917201683,0.0033898975962126,-0.0011779058760442,0.0060742531824113,0.6202078268165837,0.6037921731834163,0.0164156536331674,0.61
2020-11-06,MTNGH,0.7,0.55,0.61,0.61,0.61,0.61,0.0,8500.0,5185.0,0.6093333333333333,2020,11,November,4,4,0.61,0.61,0.61,0.61,0.61,0.61,3400.0,68500.0,2074.0,41785.0,0.61,0.6128571428571429,0.0,0.61,0.61,0.0,0.0,0.0,0.0,50.0,0.6106347681978322,0.6086464711826572,0.001988297015175,0.0031095774800051,-0.0011212804648301,0.0058329228098478,0.6202078268165836,0.6037921731834162,0.0164156536331674,0.61
2020-11-09,MTNGH,0.7,0.55,0.61,0.61,0.61,0.61,0.0,12009100.0,7325551.0,0.6093333333333333,2020,11,November,4,0,0.61,0.61,0.61,0.61,0.61,0.61,8500.0,12300.0,5185.0,7503.0,0.61,0.6121428571428572,0.0,0.61,0.61,0.0,0.0,0.0,0.0,0.0,0.6105371115520118,0.6087467325765346,0.0017903789754772,0.0028457377790995,-0.0010553588036222,0.0058329228098478,0.6202078268165837,0.6037921731834163,0.0164156536331674,0.61
2020-11-10,MTNGH,0.7,0.55,0.61,0.61,0.62,0.61,0.0,15023400.0,9164300.0,0.6093333333333333,2020,11,November,4,1,0.61,0.61,0.61,0.61,0.61,0.61,12009100.0,3400.0,7325551.0,2074.0,0.61,0.6114285714285714,0.0,0.61,0.61,0.0,0.0,0.0,0.0,0.0,0.6104544790055484,0.608839567200495,0.0016149118050533,0.0025995725842903,-0.0009846607792369,0.0058329228098478,0.6202078268165837,0.6037921731834163,0.0164156536331674,0.61
2020-11-11,MTNGH,0.7,0.55,0.61,0.61,0.61,0.61,0.0,11300.0,6943.0,0.6093333333333334,2020,11,November,4,2,0.61,0.61,0.61,0.61,0.61,0.61,15023400.0,8500.0,9164300.0,5185.0,0.61,0.6107142857142858,0.0,0.61,0.61,0.0,0.0,0.0,0.0,0.0,0.6103845591585408,0.6089255251856436,0.0014590339728972,0.0023714648620117,-0.0009124308891144,0.0058329228098478,0.6202078268165837,0.6037921731834163,0.0164156536331674,0.61
2020-11-12,MTNGH,0.7,0.55,0.61,0.61,0.61,0.61,0.0,20114300.0,12269700.0,0.6096666666666667,2020,11,November,4,3,0.61,0.61,0.61,0.61,0.61,0.61,11300.0,12009100.0,6943.0,7325551.0,0.61,0.61,0.0,0.61,0.61,0.0,0.0,0.0,0.0,0.0,0.610325396211073,0.609005115912633,0.00132028029844,0.0021612279492973,-0.0008409476508573,0.0055605341676659,0.6202078268165836,0.6037921731834162,0.0164156536331674,0.6
2020-11-18,MTNGH,0.7,0.55,0.61,0.61,0.61,0.6,-0.01,34200.0,20642.0,0.6106666666666667,2020,11,November,4,2,0.61,0.61,0.61,0.61,0.61,0.61,11859400.0,8997400.0,7234234.0,5488414.0,0.6085714285714285,0.6092857142857142,0.0037796447300982,0.6,0.61,-0.0163934426229508,-0.0165293019512105,-1.6393442622950831,-0.01,0.0,0.6086283437528909,0.6085279897549724,0.0001003539979185,0.0013247374609222,-0.0012243834630037,0.0044977644510763,0.6183806892564214,0.6026193107435787,0.0157613785128427,0.6
2020-11-19,MTNGH,0.7,0.55,0.6,0.6,0.6,0.6,0.0,2020100.0,1212060.0,0.6106666666666666,2020,11,November,4,3,0.6,0.61,0.61,0.61,0.61,0.61,34200.0,113700.0,20642.0,69357.0,0.6071428571428571,0.6085714285714285,0.0048795003647473,0.6,0.61,0.0,0.0,-1.6393442622950831,-0.01,0.0,0.6073009062524461,0.6078962868101595,-0.0005953805577133,0.0009407138571951,-0.0015360944149084,0.0044977644510763,0.6173806892564205,0.6016193107435793,0.0157613785128412,0.61
2020-11-20,MTNGH,0.7,0.55,0.6,0.6,0.61,0.61,0.01,15900.0,9627.0,0.6106666666666667,2020,11,November,4,4,0.6,0.61,0.61,0.61,0.6,0.61,2020100.0,11859400.0,1212060.0,7234234.0,0.6071428571428571,0.6085714285714285,0.0048795003647473,0.6,0.61,0.0166666666666666,0.0165293019512105,0.0,0.0,50.0,0.6077161514443774,0.6080521174168144,-0.000335965972437,0.0006853778912686,-0.0010213438637057,0.0044977644510763,0.6151558701123778,0.6028441298876221,0.0123117402247556,0.61
2020-11-23,MTNGH,0.7,0.55,0.61,0.61,0.61,0.61,0.0,0.0,0.0,0.6106666666666667,2020,11,November,4,0,0.61,0.6,0.61,0.61,0.6,0.61,15900.0,34200.0,9627.0,20642.0,0.6071428571428571,0.6085714285714285,0.0048795003647473,0.6,0.61,0.0,0.0,0.0,0.0,50.0,0.608067512760627,0.6081964050155689,-0.0001288922549419,0.0005225238620265,-0.0006514161169685,0.0044977644510763,0.6151558701123778,0.6028441298876221,0.0123117402247556,0.61
2020-11-24,MTNGH,0.7,0.55,0.61,0.61,0.61,0.61,0.0,10105600.0,6164416.0,0.6106666666666667,2020,11,November,4,1,0.61,0.6,0.61,0.61,0.61,0.6,0.0,2020100.0,0.0,1212060.0,0.6071428571428571,0.6085714285714285,0.0048795003647473,0.6,0.61,0.0,0.0,0.0,0.0,50.0,0.6083648184897612,0.6083300046440453,3.481384571590862e-05,0.0004249818587644,-0.0003901680130485,0.0044977644510763,0.6151558701123778,0.6028441298876221,0.0123117402247556,0.61
2020-11-25,MTNGH,0.7,0.55,0.61,0.61,0.61,0.61,0.0,9500.0,5795.0,0.6106666666666667,2020,11,November,4,2,0.61,0.61,0.6,0.61,0.61,0.6,10105600.0,15900.0,6164416.0,9627.0,0.6071428571428571,0.6085714285714285,0.0048795003647473,0.6,0.61,0.0,0.0,0.0,0.0,50.0,0.6086163848759517,0.6084537080037457,0.000162676872206,0.0003725208614527,-0.0002098439892467,0.0044977644510763,0.6151558701123778,0.6028441298876221,0.0123117402247556,0.6
2020-11-26,MTNGH,0.7,0.55,0.61,0.61,0.61,0.6,-0.01,2004500.0,1202725.0,0.6103333333333334,2020,11,November,4,3,0.61,0.61,0.6,0.61,0.61,0.61,9500.0,0.0,5795.0,0.0,0.6057142857142858,0.6078571428571429,0.0053452248382529,0.6,0.61,-0.0163934426229508,-0.0165293019512105,-1.6393442622950831,-0.01,33.33333333333333,0.6072907872027283,0.6078275074108755,-0.0005367202081472,0.0001906726475327,-0.0007273928556799,0.0049013251785249,0.6158269509705382,0.6011730490294619,0.0146539019410762,0.6
2020-11-27,MTNGH,0.7,0.55,0.6,0.6,0.6,0.6,0.0,72800.0,43680.0,0.6099999999999999,2020,11,November,4,4,0.6,0.61,0.61,0.6,0.61,0.61,2004500.0,10105600.0,1202725.0,6164416.0,0.6057142857142858,0.6071428571428571,0.0053452248382529,0.6,0.61,0.0,0.0,0.0,0.0,33.33333333333333,0.6061691276330778,0.6072476920471069,-0.001078564414029,-6.317476477960606e-05,-0.0010153896492494,0.0052522573143789,0.6162078268165805,0.5997921731834193,0.0164156536331612,0.61
2020-11-30,MTNGH,0.7,0.55,0.6,0.61,0.61,0.61,0.01,17126900.0,10447130.0,0.6099999999999999,2020,11,November,4,0,0.6,0.61,0.61,0.6,0.6,0.61,72800.0,9500.0,43680.0,5795.0,0.6071428571428571,0.6071428571428571,0.0048795003647473,0.6,0.61,0.0166666666666666,0.0165293019512105,1.6666666666666683,0.01,50.0,0.6067584926126043,0.6074515667102842,-0.0006930740976799,-0.0001891546313596,-0.0005039194663202,0.0052522573143789,0.6162078268165806,0.5997921731834194,0.0164156536331612,0.61
2020-12-01,MTNGH,0.7,0.55,0.61,0.61,0.61,0.61,0.0,2509900.0,1531039.0,0.6096666666666668,2020,12,December,4,1,0.61,0.6,0.61,0.61,0.61,0.61,17126900.0,2004500.0,10447130.0,1202725.0,0.6071428571428571,0.6071428571428571,0.0048795003647473,0.6,0.61,0.0,0.0,0.0,0.0,50.0,0.607257186056819,0.6076403395465595,-0.0003831534897404,-0.0002279544030358,-0.0001551990867046,0.0049013251785249,0.6162078268165806,0.5997921731834194,0.0164156536331612,0.61
2020-12-02,MTNGH,0.7,0.55,0.61,0.61,0.61,0.61,0.0,7504200.0,4577562.0,0.6093333333333334,2020,12,December,4,2,0.61,0.6,0.61,0.61,0.61,0.6,2509900.0,72800.0,1531039.0,43680.0,0.6071428571428571,0.6071428571428571,0.0048795003647473,0.6,0.61,0.0,0.0,0.0,0.0,50.0,0.607679157432693,0.6078151292097773,-0.0001359717770843,-0.0002095578778455,7.358610076118626e-05,0.0044977644510764,0.6162078268165805,0.5997921731834193,0.0164156536331612,0.61
2020-12-03,MTNGH,0.7,0.55,0.61,0.61,0.61,0.61,0.0,0.0,0.0,0.609,2020,12,December,4,3,0.61,0.61,0.6,0.61,0.61,0.61,7504200.0,17126900.0,4577562.0,10447130.0,0.6071428571428571,0.6071428571428571,0.0048795003647473,0.6,0.61,0.0,0.0,0.0,0.0,50.0,0.6080362101353556,0.6079769714905345,5.92386448210469e-05,-0.0001557985733122,0.0002150372181332,0.0040257789993515,0.6162078268165806,0.5997921731834194,0.0164156536331612,0.61
2020-12-04,MTNGH,0.7,0.55,0.61,0.61,0.61,0.61,0.0,9610600.0,5862466.0,0.6086666666666666,2020,12,December,4,4,0.61,0.61,0.6,0.61,0.61,0.61,0.0,2509900.0,0.0,1531039.0,0.6071428571428571,0.6071428571428571,0.0048795003647473,0.6,0.61,0.0,0.0,0.0,0.0,50.0,0.6083383316529931,0.6081268254541987,0.0002115061987943,-8.233761889089858e-05,0.0002938438176852,0.0034574590364025,0.6162078268165806,0.5997921731834194,0.0164156536331612,0.62
2020-12-08,MTNGH,0.7,0.55,0.61,0.61,0.62,0.62,0.01,300500.0,186305.0,0.609,2020,12,December,4,1,0.61,0.61,0.61,0.6,0.61,0.61,9610600.0,7504200.0,5862466.0,4577562.0,0.61,0.6078571428571429,0.0057735026919001,0.6,0.62,0.0163934426229508,0.0162605208717803,3.3333333333333366,0.02,60.0,0.6101324344756096,0.6090063198649989,0.0011261146106107,0.0001593528270094,0.0009667617836013,0.0040257789993515,0.6182872096985077,0.5987127903014922,0.0195744193970155,0.62
2020-12-09,MTNGH,0.7,0.55,0.62,0.62,0.62,0.62,0.0,153400.0,95108.0,0.6093333333333333,2020,12,December,4,2,0.62,0.61,0.61,0.6,0.61,0.61,300500.0,0.0,186305.0,0.0,0.6128571428571429,0.6092857142857142,0.004879500364747,0.61,0.62,0.0,0.0,3.3333333333333366,0.02,75.0,0.6116505214793619,0.6098206665416657,0.0018298549376962,0.0004934532491467,0.0013364016885494,0.0044977644510764,0.6200501250289875,0.5979498749710125,0.022100250057975,0.61
2020-12-10,MTNGH,0.7,0.55,0.62,0.62,0.61,0.61,-0.01,15000500.0,9150305.0,0.6093333333333334,2020,12,December,4,3,0.62,0.61,0.61,0.61,0.62,0.61,153400.0,9610600.0,95108.0,5862466.0,0.6128571428571429,0.61,0.004879500364747,0.61,0.62,-0.0161290322580645,-0.0162605208717802,0.0,0.0,60.0,0.6113965950979215,0.6098339505015423,0.0015626445963792,0.0007072915185932,0.0008553530777859,0.0044977644510764,0.6200501250289875,0.5979498749710125,0.022100250057975,0.61
2020-12-11,MTNGH,0.7,0.55,0.61,0.61,0.61,0.61,0.0,2000.0,1220.0,0.6093333333333334,2020,12,December,4,4,0.61,0.62,0.61,0.61,0.62,0.61,15000500.0,300500.0,9150305.0,186305.0,0.6128571428571429,0.61,0.004879500364747,0.61,0.62,0.0,0.0,0.0,0.0,50.0,0.6111817343136259,0.6098462504643911,0.0013354838492347,0.0008329299847215,0.0005025538645131,0.0044977644510764,0.6200501250289875,0.5979498749710125,0.022100250057975,0.62
2020-12-14,MTNGH,0.7,0.55,0.61,0.61,0.62,0.62,0.01,13168500.0,8164469.0,0.6096666666666667,2020,12,December,4,0,0.61,0.62,0.61,0.61,0.61,0.62,2000.0,153400.0,1220.0,95108.0,0.6142857142857142,0.6107142857142857,0.0053452248382524,0.61,0.62,0.0163934426229508,0.0162605208717803,1.6393442622950831,0.01,60.0,0.612538390573068,0.6105983800596214,0.0019400105134466,0.0010543460904665,0.00088566442298,0.0049013251785249,0.6215961063765185,0.5974038936234813,0.0241922127530371,0.62
2020-12-15,MTNGH,0.7,0.55,0.62,0.62,0.62,0.62,0.0,10146400.0,6290768.0,0.61,2020,12,December,4,1,0.62,0.61,0.62,0.61,0.61,0.62,13168500.0,15000500.0,8164469.0,9150305.0,0.6157142857142857,0.6114285714285714,0.0053452248382523,0.61,0.62,0.0,0.0,1.6393442622950831,0.01,60.0,0.6136863304849037,0.6112947963515013,0.0023915341334024,0.0013217836990537,0.0010697504343486,0.0052522573143789,0.6229777136903984,0.5970222863096015,0.0259554273807969,0.62
2020-12-16,MTNGH,0.7,0.55,0.62,0.62,0.62,0.62,0.0,10001400.0,6200868.0,0.6103333333333333,2020,12,December,4,2,0.62,0.61,0.62,0.61,0.62,0.61,10146400.0,2000.0,6290768.0,1220.0,0.6171428571428572,0.6121428571428572,0.0048795003647467,0.61,0.62,0.0,0.0,1.6393442622950831,0.01,60.0,0.614657664256457,0.6119396262513901,0.0027180380050668,0.0016010345602563,0.0011170034448104,0.0055605341676659,0.6242266548230063,0.5967733451769938,0.0274533096460125,0.63
2020-12-17,MTNGH,0.7,0.55,0.62,0.62,0.63,0.63,0.01,7709300.0,4836778.0,0.611,2020,12,December,4,3,0.62,0.62,0.61,0.62,0.62,0.61,10001400.0,13168500.0,6200868.0,8164469.0,0.6185714285714285,0.6142857142857142,0.0069006555934263,0.61,0.63,0.0161290322580645,0.0160003413464411,1.6129032258064528,0.01,80.0,0.6170180236016174,0.6132774317142501,0.0037405918873673,0.0020289460256785,0.0017116458616887,0.0066176357899306,0.6273554379189462,0.5966445620810535,0.0307108758378926,0.63
2020-12-18,MTNGH,0.7,0.55,0.62,0.62,0.63,0.63,0.01,7857200.0,4950036.0,0.6116666666666666,2020,12,December,4,4,0.63,0.62,0.61,0.62,0.62,0.62,7709300.0,10146400.0,4836778.0,6290768.0,0.62,0.6164285714285713,0.0081649658092795,0.61,0.63,0.0,0.0,1.6129032258064528,0.01,80.0,0.6190152507398301,0.6145161404761574,0.0044991102636726,0.0025229788732773,0.0019761313903952,0.0074663998310214,0.6297545540176964,0.5972454459823034,0.0325091080353929,0.63
2020-12-21,MTNGH,0.7,0.55,0.62,0.62,0.63,0.63,0.01,8900.0,5607.0,0.6123333333333334,2020,12,December,4,0,0.63,0.62,0.62,0.61,0.62,0.62,7857200.0,10001400.0,4950036.0,6200868.0,0.6228571428571428,0.6178571428571429,0.0075592894601869,0.61,0.63,0.0,0.0,3.2786885245901667,0.02,75.0,0.6207052121644716,0.6156630930334791,0.0050421191309925,0.0030268069248204,0.002015312206172,0.0081720015415623,0.6322408241664162,0.5967591758335836,0.0354816483328326,0.63
2020-12-22,MTNGH,0.7,0.55,0.63,0.63,0.63,0.63,0.0,7311900.0,4608351.0,0.613,2020,12,December,4,1,0.63,0.63,0.62,0.61,0.62,0.62,8900.0,7709300.0,5607.0,4836778.0,0.6257142857142857,0.6192857142857143,0.0053452248382515,0.62,0.63,0.0,0.0,3.2786885245901667,0.02,75.0,0.6221351795237836,0.6167250861421103,0.0054100933816733,0.0035034642161909,0.0019066291654823,0.0087690678936836,0.6343902648277258,0.5966097351722743,0.0377805296554514,0.63
2020-12-23,MTNGH,0.7,0.55,0.63,0.63,0.63,0.63,0.0,8200.0,5166.0,0.6136666666666667,2020,12,December,4,2,0.63,0.63,0.62,0.62,0.63,0.62,7311900.0,7857200.0,4608351.0,4950036.0,0.6271428571428571,0.6207142857142857,0.0048795003647459,0.62,0.63,0.0,0.0,1.6129032258064528,0.01,75.0,0.6233451519047399,0.6177084130945465,0.0056367388101934,0.0039301191349914,0.0017066196752019,0.0092785749995828,0.636261738683323,0.5967382613166771,0.0395234773666459,0.64
2020-12-24,MTNGH,0.7,0.55,0.63,0.63,0.63,0.64,0.01,5822000.0,3726020.0,0.6146666666666666,2020,12,December,4,3,0.63,0.63,0.63,0.62,0.63,0.62,8200.0,8900.0,5166.0,5607.0,0.63,0.6228571428571429,0.0057735026918987,0.62,0.64,0.0158730158730158,0.0157483569681391,3.2258064516129057,0.02,80.0,0.6259074362270877,0.6193596417542098,0.0065477944728778,0.0044536542025687,0.0020941402703091,0.0104166091952386,0.6401002500580891,0.5958997499419109,0.0442005001161782,0.64
2020-12-29,MTNGH,0.7,0.55,0.64,0.64,0.63,0.64,0.0,755500.0,482180.0,0.6156666666666666,2020,12,December,4,1,0.64,0.63,0.63,0.62,0.63,0.63,5822000.0,7311900.0,3726020.0,4608351.0,0.6328571428571428,0.625,0.0048795003647453,0.63,0.64,0.0,0.0,3.2258064516129057,0.02,80.0,0.6280755229613819,0.6208885571798239,0.0071869657815579,0.0050003165183666,0.0021866492631913,0.0113512367041013,0.6424780594779277,0.5975219405220723,0.0449561189558553,0.64
2020-12-30,MTNGH,0.7,0.55,0.64,0.64,0.63,0.64,0.0,10408500.0,6661440.0,0.6166666666666667,2020,12,December,4,2,0.64,0.63,0.63,0.63,0.64,0.63,755500.0,8200.0,482180.0,5166.0,0.6342857142857143,0.6264285714285714,0.0053452248382508,0.63,0.64,0.0,0.0,1.5873015873015883,0.01,75.0,0.6299100578904001,0.6223042196109482,0.0076058382794519,0.0055214208705836,0.0020844174088682,0.012129568697258,0.6441002500580905,0.5998997499419098,0.0442005001161807,0.64
2020-12-31,MTNGH,0.7,0.55,0.64,0.64,0.63,0.64,0.0,1817600.0,1159587.0,0.6176666666666667,2020,12,December,4,3,0.64,0.64,0.63,0.63,0.64,0.63,10408500.0,5822000.0,6661440.0,3726020.0,0.6357142857142858,0.6278571428571429,0.0053452248382507,0.63,0.64,0.0,0.0,1.5873015873015883,0.01,75.0,0.6314623566764924,0.6236150181582854,0.007847338518207,0.0059866044001083,0.0018607341180987,0.0127801930084496,0.6462341616353391,0.6007658383646608,0.0454683232706782,0.64
2021-01-04,MTNGH,0.7,0.55,0.64,0.64,0.64,0.64,0.0,14252420.0,9121549.0,0.6186666666666667,2021,1,January,1,0,0.64,0.64,0.63,0.63,0.64,0.64,1817600.0,755500.0,1159587.0,482180.0,0.6371428571428571,0.63,0.0048795003647449,0.63,0.64,0.0,0.0,1.5873015873015883,0.01,100.0,0.6327758402647243,0.624828720516931,0.0079471197477933,0.0063787074696453,0.001568412278148,0.0133218341217607,0.6479415733870254,0.6020584266129746,0.0458831467740508,0.64
2021-01-05,MTNGH,0.64,0.64,0.64,0.64,0.64,0.64,0.0,35945.0,23004.8,0.6199999999999999,2021,1,January,1,1,0.64,0.64,0.64,0.63,0.64,0.64,14252420.0,10408500.0,9121549.0,6661440.0,0.6385714285714287,0.6321428571428571,0.003779644730095,0.63,0.64,0.0,0.0,1.5873015873015883,0.01,100.0,0.6338872494547667,0.6259525189971583,0.0079347304576083,0.0066899120672379,0.0012448183903704,0.0133906812682356,0.6492341616353401,0.60376583836466,0.04546832327068,0.64
2021-01-06,MTNGH,0.64,0.64,0.64,0.64,0.64,0.64,0.0,25452.0,16289.28,0.6213333333333334,2021,1,January,1,2,0.64,0.64,0.64,0.63,0.64,0.64,35945.0,1817600.0,23004.8,1159587.0,0.64,0.6335714285714287,0.0,0.64,0.64,0.0,0.0,1.5873015873015883,0.01,100.0,0.6348276726155718,0.626993073145517,0.0078345994700548,0.0069188495478013,0.0009157499222534,0.0133218341217606,0.6501002500580922,0.6058997499419075,0.0442005001161847,0.65
2021-01-08,MTNGH,0.65,0.64,0.64,0.64,0.65,0.65,0.01,55250000.0,35912500.0,0.6226666666666667,2021,1,January,1,4,0.64,0.64,0.64,0.64,0.64,0.64,25452.0,14252420.0,16289.28,9121549.0,0.6414285714285715,0.6357142857142858,0.0037796447300946,0.64,0.65,0.015625,0.0155041865359652,1.562500000000001,0.01,100.0,0.6371618768285607,0.6286972899495528,0.0084645868790079,0.0072279970140426,0.0012365898649653,0.0141258709425276,0.6524780594779308,0.6075219405220692,0.0449561189558616,0.65
2021-01-11,MTNGH,0.65,0.64,0.65,0.65,0.65,0.65,0.0,35900.0,23335.0,0.624,2021,1,January,1,0,0.65,0.64,0.64,0.64,0.64,0.64,55250000.0,35945.0,35912500.0,23004.8,0.6428571428571429,0.637857142857143,0.0048795003647443,0.64,0.65,0.0,0.0,1.562500000000001,0.01,100.0,0.6391369727010898,0.6302752684718081,0.0088617042292816,0.0075547384570904,0.0013069657721912,0.0147624874083823,0.6551420677695445,0.6078579322304556,0.0472841355390889,0.66
2021-01-12,MTNGH,0.66,0.64,0.65,0.65,0.66,0.66,0.01,20024090.0,13215660.0,0.6256666666666667,2021,1,January,1,1,0.65,0.64,0.64,0.64,0.65,0.64,35900.0,25452.0,23335.0,16289.28,0.6457142857142857,0.64,0.0078679579246952,0.64,0.66,0.0153846153846153,0.0152674721307883,3.1250000000000027,0.02,100.0,0.6423466692086145,0.6324771004368593,0.0098695687717551,0.0080177045200234,0.0018518642517317,0.015905612397736,0.6596775315469859,0.607322468453014,0.0523550630939719,0.66
2021-01-13,MTNGH,0.66,0.64,0.66,0.66,0.66,0.66,0.0,8820.0,5821.2,0.6273333333333333,2021,1,January,1,2,0.66,0.65,0.64,0.64,0.65,0.64,20024090.0,55250000.0,13215660.0,35912500.0,0.6485714285714286,0.6421428571428571,0.0089973541084249,0.64,0.66,0.0,0.0,3.1250000000000027,0.02,100.0,0.645062566253443,0.6345158337378327,0.0105467325156103,0.0085235101191407,0.0020232223964695,0.0168017514139032,0.6622778674132476,0.6097221325867525,0.0525557348264951,0.66
2021-01-14,MTNGH,0.66,0.64,0.66,0.66,0.66,0.66,0.0,0.0,0.0,0.6293333333333333,2021,1,January,1,3,0.66,0.65,0.64,0.64,0.66,0.65,8820.0,35900.0,5821.2,23335.0,0.6514285714285715,0.6442857142857142,0.0089973541084247,0.64,0.66,0.0,0.0,3.1250000000000027,0.02,100.0,0.6473606329836826,0.6364035497572526,0.01095708322643,0.0090102247405986,0.0019468584858314,0.0170057461553069,0.6638605578553709,0.613139442144629,0.0507211157107418,0.66
2021-01-15,MTNGH,0.66,0.64,0.66,0.66,0.66,0.66,0.0,9900.0,6583.0,0.6313333333333334,2021,1,January,1,4,0.66,0.66,0.65,0.64,0.66,0.65,0.0,20024090.0,0.0,13215660.0,0.6542857142857142,0.6464285714285714,0.0078679579246947,0.64,0.66,0.0,0.0,3.1250000000000027,0.02,100.0,0.649305150986193,0.638151434960419,0.0111537160257739,0.0094389229976337,0.0017147930281402,0.0169651434404165,0.6660260444912098,0.6149739555087903,0.0510520889824195,0.66
2021-01-18,MTNGH,0.66,0.64,0.66,0.66,0.66,0.66,0.0,72386.0,47774.76,0.6330000000000001,2021,1,January,1,0,0.66,0.66,0.65,0.64,0.66,0.66,9900.0,8820.0,6583.0,5821.2,0.6571428571428571,0.6485714285714286,0.0048795003647427,0.65,0.66,0.0,0.0,3.1250000000000027,0.02,100.0,0.6509505123729326,0.6397698471855732,0.0111806651873593,0.0097872714355788,0.0013933937517805,0.0172506871427324,0.6675263019535951,0.6174736980464051,0.05005260390719,0.66
2021-01-19,MTNGH,0.66,0.64,0.66,0.66,0.66,0.66,0.0,57855.0,38184.3,0.6346666666666666,2021,1,January,1,1,0.66,0.66,0.66,0.65,0.66,0.66,72386.0,0.0,47774.76,0.0,0.6585714285714286,0.65,0.0037796447300921,0.65,0.66,0.0,0.0,1.5384615384615397,0.01,100.0,0.6523427412386352,0.6412683770236789,0.0110743642149563,0.0100446899914543,0.0010296742235019,0.0173668994182088,0.6683194966582313,0.6206805033417688,0.0476389933164624,0.67
2021-01-20,MTNGH,0.67,0.64,0.66,0.66,0.67,0.67,0.01,2300450.0,1541185.5,0.6366666666666666,2021,1,January,1,2,0.66,0.66,0.66,0.65,0.66,0.66,57855.0,9900.0,38184.3,6583.0,0.6614285714285716,0.6521428571428572,0.0037796447300916,0.66,0.67,0.0151515151515151,0.0150378773645405,3.0769230769230798,0.02,100.0,0.6550592425865375,0.6433966453922952,0.0116625971942422,0.0103682714320119,0.0012943257622303,0.0178756882352802,0.6718605578553731,0.621139442144627,0.0507211157107461,0.68
2021-01-21,MTNGH,0.68,0.64,0.67,0.67,0.68,0.68,0.01,1333464.0,906552.31,0.6389999999999999,2021,1,January,1,3,0.67,0.66,0.66,0.66,0.66,0.66,2300450.0,72386.0,1541185.5,47774.76,0.6642857142857144,0.655,0.0078679579246939,0.66,0.68,0.0149253731343284,0.0148150857851406,3.030303030303033,0.02,100.0,0.6588962821886086,0.646108004992866,0.0127882771957426,0.010852272584758,0.0019360046109845,0.0188185528411289,0.6772097407588784,0.6207902592411216,0.0564194815177567,0.68
2021-01-22,MTNGH,0.68,0.64,0.68,0.68,0.68,0.68,0.0,1232500.0,838100.0,0.6413333333333334,2021,1,January,1,4,0.68,0.66,0.66,0.66,0.67,0.66,1333464.0,57855.0,906552.31,38184.3,0.6671428571428571,0.6578571428571429,0.0095118973121127,0.66,0.68,0.0,0.0,3.030303030303033,0.02,100.0,0.6621430080057458,0.6486185231415427,0.0135244848642031,0.011386715040647,0.002137769823556,0.0194286197236884,0.6814297422922946,0.6215702577077056,0.059859484584589,0.68
2021-01-25,MTNGH,0.68,0.64,0.68,0.68,0.68,0.68,0.0,32200.0,21896.0,0.6433333333333333,2021,1,January,1,0,0.68,0.67,0.66,0.66,0.68,0.66,1232500.0,2300450.0,838100.0,1541185.5,0.67,0.6607142857142857,0.0099999999999992,0.66,0.68,0.0,0.0,3.030303030303033,0.02,100.0,0.6648902375433234,0.6509430769829099,0.0139471605604135,0.0118988041446003,0.0020483564158131,0.0202285788501992,0.6847108758379801,0.62328912416202,0.06142175167596,0.68
2021-01-26,MTNGH,0.68,0.64,0.68,0.68,0.68,0.68,0.0,56207.0,38220.76,0.6453333333333334,2021,1,January,1,1,0.68,0.68,0.66,0.66,0.68,0.67,32200.0,1333464.0,21896.0,906552.31,0.6728571428571428,0.6635714285714286,0.0095118973121124,0.66,0.68,0.0,0.0,3.030303030303033,0.02,100.0,0.6672148163828122,0.6530954416508425,0.0141193747319696,0.0123429182620742,0.0017764564698954,0.0208000884171388,0.6871250671320264,0.6258749328679736,0.0612501342640527,0.68
2021-01-27,MTNGH,0.68,0.64,0.68,0.68,0.68,0.68,0.0,1259785.0,856653.8,0.6476666666666666,2021,1,January,1,2,0.68,0.68,0.67,0.66,0.68,0.68,56207.0,1232500.0,38220.76,838100.0,0.6757142857142858,0.6664285714285715,0.007867957924693,0.66,0.68,0.0,0.0,3.030303030303033,0.02,100.0,0.6691817677085334,0.6550883718989283,0.0140933958096051,0.0126930137715804,0.0014003820380247,0.0206252830004935,0.6898049516849819,0.6271950483150183,0.0626099033699636,0.68
2021-01-28,MTNGH,0.68,0.64,0.68,0.68,0.68,0.68,0.0,245141.0,166695.88,0.65,2021,1,January,1,3,0.68,0.68,0.68,0.66,0.68,0.68,1259785.0,32200.0,856653.8,21896.0,0.6785714285714287,0.6685714285714285,0.0037796447300888,0.67,0.68,0.0,0.0,3.030303030303033,0.02,100.0,0.6708461111379899,0.656933677684193,0.0139124334537968,0.0129368977080237,0.0009755357457731,0.0201716769685618,0.6919391643119002,0.6290608356881,0.0628783286238001,0.68
2021-01-29,MTNGH,0.68,0.64,0.68,0.68,0.68,0.68,0.0,37000.0,25160.0,0.652,2021,1,January,1,4,0.68,0.68,0.68,0.67,0.68,0.68,245141.0,56207.0,166695.88,38220.76,0.68,0.6707142857142857,0.0,0.68,0.68,0.0,0.0,1.492537313432837,0.01,100.0,0.6722544017321453,0.6586422941520306,0.0136121075801147,0.0130719396824419,0.0005401678976728,0.020068847019436,0.6935347852374708,0.6314652147625291,0.0620695704749416,0.68
2021-02-01,MTNGH,0.68,0.64,0.68,0.68,0.68,0.68,0.0,143311.0,97474.59,0.654,2021,2,February,1,0,0.68,0.68,0.68,0.68,0.68,0.68,37000.0,1259785.0,25160.0,856653.8,0.68,0.6721428571428572,0.0,0.68,0.68,0.0,0.0,0.0,0.0,100.0,0.6734460322348923,0.6602243464370654,0.0132216857978268,0.0131018889055189,0.0001197968923079,0.0197571462409446,0.694570093553478,0.6344299064465222,0.0601401871069557,0.68
2021-02-02,MTNGH,0.68,0.64,0.68,0.68,0.68,0.68,0.0,9900.0,6732.0,0.656,2021,2,February,1,1,0.68,0.68,0.68,0.68,0.68,0.68,143311.0,245141.0,97474.59,166695.88,0.68,0.6735714285714287,0.0,0.68,0.68,0.0,0.0,0.0,0.0,100.0,0.6744543349679858,0.6616892096639495,0.0127651253040362,0.0130345361852223,-0.0002694108811861,0.0192264186060134,0.6949882247142143,0.6380117752857857,0.0569764494284286,0.7
2021-02-03,MTNGH,0.7,0.64,0.68,0.68,0.7,0.7,0.02,1997689.0,1393405.41,0.6583333333333333,2021,2,February,1,2,0.68,0.68,0.68,0.68,0.68,0.68,9900.0,37000.0,6732.0,25160.0,0.6828571428571429,0.6764285714285715,0.0075592894601824,0.68,0.7,0.0294117647058822,0.0289875368732521,2.9411764705882213,0.0199999999999999,100.0,0.6783844372806034,0.6645270459851385,0.0138573912954649,0.0131991072072708,0.000658284088194,0.0201859174764903,0.6988616290957618,0.6401383709042382,0.0587232581915235,0.7
2021-02-05,MTNGH,0.7,0.64,0.7,0.7,0.7,0.7,0.0,66150.0,46305.0,0.6606666666666668,2021,2,February,1,4,0.7,0.68,0.68,0.68,0.68,0.68,1997689.0,143311.0,1393405.41,97474.59,0.6857142857142857,0.6792857142857144,0.0097590007294834,0.68,0.7,0.0,0.0,2.9411764705882213,0.0199999999999999,100.0,0.6817099084682028,0.6671546722084615,0.0145552362597413,0.0134703330177649,0.0010849032419763,0.0208332183904841,0.7014282233340106,0.6435717766659896,0.0578564466680209,0.7
2021-02-08,MTNGH,0.7,0.64,0.7,0.7,0.7,0.7,0.0,54150.0,37905.0,0.663,2021,2,February,1,0,0.7,0.68,0.68,0.68,0.7,0.68,66150.0,9900.0,46305.0,6732.0,0.6885714285714286,0.6821428571428572,0.010690449676495,0.68,0.7,0.0,0.0,2.9411764705882213,0.0199999999999999,100.0,0.6845237687038639,0.6695876594522792,0.0149361092515847,0.0137634882645289,0.0011726209870557,0.0211969418744177,0.7043795489198883,0.6456204510801118,0.0587590978397765,0.72
2021-02-09,MTNGH,0.72,0.64,0.7,0.7,0.72,0.72,0.02,1272255.0,915852.8,0.666,2021,2,February,1,1,0.7,0.7,0.68,0.68,0.7,0.68,54150.0,1997689.0,37905.0,1393405.41,0.6942857142857142,0.6864285714285715,0.0151185789203674,0.68,0.72,0.0285714285714286,0.0281708769666964,5.88235294117646,0.0399999999999999,100.0,0.689981650441731,0.6733219069002585,0.0166597435414724,0.0143427393199176,0.0023170042215548,0.022682212383728,0.7117613257323426,0.6452386742676574,0.0665226514646852,0.73
2021-02-10,MTNGH,0.73,0.64,0.72,0.72,0.73,0.73,0.01,50000.0,36500.0,0.6693333333333334,2021,2,February,1,2,0.72,0.7,0.68,0.68,0.7,0.7,1272255.0,66150.0,915852.8,46305.0,0.7014285714285714,0.6907142857142857,0.0186445447147144,0.68,0.73,0.0138888888888888,0.0137933221323357,7.352941176470577,0.0499999999999999,100.0,0.6961383196045416,0.677520284166906,0.0186180354376356,0.0151977985434612,0.0034202368941743,0.0244855106110718,0.7212562432178413,0.6427437567821588,0.0785124864356825,0.75
2021-02-11,MTNGH,0.75,0.64,0.73,0.73,0.75,0.75,0.02,7796740.0,5854055.0,0.673,2021,2,February,1,3,0.73,0.7,0.7,0.68,0.72,0.7,50000.0,54150.0,36500.0,37905.0,0.7114285714285715,0.6957142857142857,0.0234012616672472,0.68,0.75,0.0273972602739727,0.0270286723879194,10.294117647058815,0.0699999999999999,100.0,0.7044247319730738,0.6828891520063944,0.0215355799666793,0.0164653548281048,0.0050702251385744,0.0279346528094776,0.7347428069358743,0.6382571930641256,0.0964856138717487,0.79
2021-02-12,MTNGH,0.79,0.64,0.75,0.75,0.8,0.79,0.04,4200000.0,3318000.0,0.678,2021,2,February,1,4,0.75,0.72,0.7,0.68,0.73,0.7,7796740.0,1272255.0,5854055.0,915852.8,0.7271428571428571,0.7035714285714285,0.0335232683938995,0.7,0.79,0.0533333333333334,0.0519597389307111,16.176470588235293,0.1099999999999999,100.0,0.7175901578233701,0.6908232888948097,0.0267668689285603,0.0185256576481959,0.0082412112803644,0.0344813792827553,0.7582444795002816,0.6277555204997183,0.1304889590005633,0.8
2021-02-15,MTNGH,0.8,0.64,0.79,0.79,0.8,0.8,0.01,215000.0,171868.6,0.6833333333333333,2021,2,February,1,0,0.79,0.73,0.7,0.7,0.75,0.72,4200000.0,50000.0,3318000.0,36500.0,0.7414285714285713,0.7121428571428572,0.0405908739450005,0.7,0.8,0.0126582278481013,0.0125787822068601,14.2857142857143,0.1,100.0,0.7302685950813131,0.6989104526803793,0.0313581424009338,0.0210921545987435,0.0102659878021902,0.0402863315002367,0.7789403505652719,0.621059649434728,0.1578807011305438,0.8
2021-02-16,MTNGH,0.8,0.64,0.8,0.8,0.8,0.8,0.0,423984.0,339187.2,0.6886666666666666,2021,2,February,1,1,0.8,0.75,0.72,0.7,0.79,0.73,215000.0,7796740.0,171868.6,5854055.0,0.7557142857142857,0.7207142857142858,0.0411732691832692,0.7,0.8,0.0,0.0,14.2857142857143,0.1,100.0,0.7409965035303419,0.7063985672966475,0.0345979362336943,0.0237933109257337,0.0108046253079606,0.0447007932764069,0.7952818453053969,0.6187181546946032,0.1765636906107937,0.8
2021-02-17,MTNGH,0.8,0.64,0.8,0.8,0.8,0.8,0.0,410706.0,328564.8,0.6940000000000001,2021,2,February,1,2,0.8,0.79,0.73,0.7,0.8,0.75,423984.0,4200000.0,339187.2,3318000.0,0.7700000000000001,0.7292857142857143,0.0355902608401018,0.72,0.8,0.0,0.0,14.2857142857143,0.1,100.0,0.7500739645256739,0.713332006756155,0.0367419577695188,0.0263830402944907,0.0103589174750281,0.0481090714795092,0.8085682710782884,0.6194317289217115,0.1891365421565769,0.8
2021-02-18,MTNGH,0.8,0.64,0.8,0.8,0.8,0.8,0.0,52432.0,41945.6,0.6993333333333334,2021,2,February,1,3,0.8,0.8,0.75,0.72,0.8,0.79,410706.0,215000.0,328564.8,171868.6,0.7814285714285715,0.7378571428571429,0.0291138978431065,0.73,0.8,0.0,0.0,11.11111111111112,0.08,100.0,0.7577548930601856,0.7197518581075509,0.0380030349526346,0.0287070392261195,0.0092959957265151,0.0507144360413121,0.8200727715899541,0.620927228410046,0.199145543179908,0.8
2021-02-19,MTNGH,0.8,0.64,0.8,0.8,0.8,0.8,0.0,27000.0,21600.0,0.7046666666666667,2021,2,February,1,4,0.8,0.8,0.79,0.73,0.8,0.8,52432.0,423984.0,41945.6,339187.2,0.7914285714285715,0.7464285714285713,0.0186445447147099,0.75,0.8,0.0,0.0,9.58904109589042,0.07,100.0,0.7642541402816955,0.725696164914399,0.0385579753672964,0.0306772264543549,0.0078807489129415,0.0526362490366051,0.8301745921266708,0.6228254078733293,0.2073491842533414,0.8
2021-02-22,MTNGH,0.8,0.64,0.8,0.8,0.8,0.8,0.0,1732060.0,1385648.0,0.7096666666666667,2021,2,February,1,0,0.8,0.8,0.8,0.75,0.8,0.8,27000.0,410706.0,21600.0,328564.8,0.7985714285714286,0.755,0.0037796447300601,0.79,0.8,0.0,0.0,6.666666666666672,0.05,100.0,0.7697535033152808,0.7312001526985176,0.0385533506167632,0.0322524512868365,0.0063008993299266,0.0543604403152163,0.8387023887133482,0.6262976112866518,0.2124047774266964,0.8
2021-02-23,MTNGH,0.8,0.64,0.8,0.8,0.8,0.8,0.0,53874.0,43099.2,0.7146666666666667,2021,2,February,1,1,0.8,0.8,0.8,0.79,0.8,0.8,1732060.0,52432.0,1385648.0,41945.6,0.8,0.7635714285714286,0.0,0.8,0.8,0.0,0.0,1.2658227848101276,0.01,100.0,0.7744068104975453,0.7362964376838126,0.0381103728137327,0.0334240355922158,0.0046863372215169,0.0555681211843072,0.845767496425869,0.6312325035741311,0.2145349928517379,0.8
2021-02-24,MTNGH,0.8,0.64,0.8,0.8,0.8,0.8,0.0,1751182.0,1400946.0,0.7193333333333334,2021,2,February,1,2,0.8,0.8,0.8,0.8,0.8,0.8,53874.0,27000.0,43099.2,21600.0,0.8,0.7707142857142858,0.0,0.8,0.8,0.0,0.0,0.0,0.0,100.0,0.7783442242671538,0.7410152200776042,0.0373290041895495,0.0342050293116825,0.0031239748778669,0.0566862711186153,0.8514136395217639,0.637586360478236,0.2138272790435278,0.8
2021-02-25,MTNGH,0.8,0.64,0.8,0.8,0.8,0.8,0.0,5397.0,4317.6,0.7240000000000001,2021,2,February,1,3,0.8,0.8,0.8,0.8,0.8,0.8,1751182.0,1732060.0,1400946.0,1385648.0,0.8,0.7778571428571429,0.0,0.8,0.8,0.0,0.0,0.0,0.0,100.0,0.7816758820722071,0.7453844630348188,0.0362914190373883,0.0346223072568237,0.0016691117805646,0.0573915769381544,0.8556264902266251,0.6453735097733748,0.2102529804532502,0.82
2021-02-26,MTNGH,0.82,0.64,0.8,0.8,0.82,0.82,0.02,461923.0,377538.4,0.7293333333333333,2021,2,February,1,4,0.8,0.8,0.8,0.8,0.8,0.8,5397.0,53874.0,4317.6,43099.2,0.8028571428571428,0.7864285714285714,0.0075592894601678,0.8,0.82,0.0249999999999999,0.0246926125903714,2.4999999999999885,0.0199999999999999,100.0,0.7875719002149445,0.7509115398470544,0.0366603603678901,0.0350299178790369,0.0016304424888531,0.0586593516860671,0.8614989878493277,0.6535010121506725,0.2079979756986552,0.83
2021-03-01,MTNGH,0.83,0.64,0.82,0.82,0.83,0.83,0.01,6689020.0,5551326.0,0.735,2021,3,March,1,0,0.82,0.8,0.8,0.8,0.8,0.8,461923.0,1751182.0,377538.4,1400946.0,0.8071428571428572,0.7942857142857143,0.0125356634105497,0.8,0.83,0.0121951219512195,0.0121213605323448,3.749999999999989,0.0299999999999999,100.0,0.794099300181876,0.7567699443028282,0.0373293558790478,0.0354898054790391,0.0018395504000086,0.059928117860856,0.8670835571068104,0.6629164428931896,0.2041671142136207,0.83
2021-03-02,MTNGH,0.83,0.64,0.83,0.83,0.83,0.83,0.0,706100.0,585883.0,0.7406666666666666,2021,3,March,1,1,0.83,0.8,0.8,0.8,0.82,0.8,6689020.0,5397.0,5551326.0,4317.6,0.8114285714285714,0.8014285714285715,0.0146385010942187,0.8,0.83,0.0,0.0,3.749999999999989,0.0299999999999999,100.0,0.7996224847692797,0.7621943928729891,0.0374280918962905,0.0358774627624894,0.0015506291338011,0.0606250962791021,0.8702375648302532,0.674762435169747,0.1954751296605061,0.83
2021-03-03,MTNGH,0.83,0.64,0.83,0.83,0.83,0.83,0.0,9834737.0,8162831.71,0.7463333333333334,2021,3,March,1,2,0.83,0.82,0.8,0.8,0.83,0.8,706100.0,461923.0,585883.0,377538.4,0.8157142857142857,0.8071428571428572,0.0151185789203598,0.8,0.83,0.0,0.0,3.749999999999989,0.0299999999999999,100.0,0.8042959486509289,0.7672170304379529,0.037078918212976,0.0361177538525867,0.0009611643603892,0.0607699638452003,0.8706119545964557,0.6893880454035444,0.1812239091929113,0.83
2021-03-04,MTNGH,0.83,0.64,0.83,0.83,0.83,0.83,0.0,4373520.0,3630021.6,0.7516666666666667,2021,3,March,1,3,0.83,0.83,0.8,0.8,0.83,0.82,9834737.0,6689020.0,8162831.71,5551326.0,0.82,0.8099999999999999,0.0141421356237207,0.8,0.83,0.0,0.0,3.749999999999989,0.0299999999999999,100.0,0.8082504180892475,0.7718676207758822,0.0363827973133652,0.0361707625447424,0.0002120347686227,0.0608606850808103,0.871421015934627,0.701578984065373,0.1698420318692539,0.83
2021-03-05,MTNGH,0.83,0.64,0.83,0.83,0.83,0.83,0.0,13126315.0,10894841.45,0.7566666666666667,2021,3,March,1,4,0.83,0.83,0.82,0.8,0.83,0.83,4373520.0,706100.0,3630021.6,585883.0,0.8242857142857142,0.812142857142857,0.0113389341902637,0.8,0.83,0.0,0.0,3.749999999999989,0.0299999999999999,100.0,0.8115965076139786,0.7761737229406317,0.0354227846733469,0.0360211669704633,-0.0005983822971164,0.0609314670606308,0.869530007874454,0.7164699921255461,0.1530600157489079,0.83
2021-03-09,MTNGH,0.83,0.64,0.83,0.83,0.83,0.83,0.0,800.0,664.0,0.7616666666666666,2021,3,March,1,1,0.83,0.83,0.83,0.8,0.83,0.83,13126315.0,9834737.0,10894841.45,8162831.71,0.8285714285714285,0.8142857142857143,0.003779644730052,0.82,0.83,0.0,0.0,3.749999999999989,0.0299999999999999,100.0,0.814427814134905,0.780160854574659,0.0342669595602459,0.0356703254884198,-0.0014033659281739,0.0605767301022833,0.863891892265056,0.7351081077349437,0.1287837845301123,0.84
2021-03-11,MTNGH,0.84,0.64,0.83,0.83,0.84,0.84,0.01,7018855.0,5895726.2,0.7669999999999999,2021,3,March,1,3,0.83,0.83,0.83,0.82,0.83,0.83,800.0,4373520.0,664.0,3630021.6,0.8314285714285713,0.8171428571428571,0.0037796447300512,0.83,0.84,0.0120481927710842,0.0119761910467156,2.4390243902439046,0.02,100.0,0.8183619965756889,0.784593383865425,0.0337686127102638,0.0352899829327886,-0.0015213702225247,0.060180762191342,0.8603586700915317,0.7506413299084683,0.1097173401830633,0.84
2021-03-12,MTNGH,0.84,0.64,0.84,0.84,0.84,0.84,0.0,684773.0,575209.32,0.7723333333333333,2021,3,March,1,4,0.84,0.83,0.83,0.83,0.83,0.83,7018855.0,13126315.0,5895726.2,10894841.45,0.8328571428571427,0.8200000000000001,0.0048795003647105,0.83,0.84,0.0,0.0,1.204819277108435,0.01,100.0,0.821690920179429,0.7886975776531713,0.0329933425262577,0.0348306548514824,-0.0018373123252247,0.0592879201124832,0.8549617058239147,0.7670382941760852,0.0879234116478295,0.84
2021-03-15,MTNGH,0.84,0.64,0.84,0.84,0.84,0.84,0.0,1350.0,1134.0,0.7776666666666666,2021,3,March,1,0,0.84,0.83,0.83,0.83,0.84,0.83,684773.0,800.0,575209.32,664.0,0.8342857142857143,0.8228571428571428,0.0053452248382189,0.83,0.84,0.0,0.0,1.204819277108435,0.01,100.0,0.8245077016902861,0.7924977570862697,0.0320099446040164,0.0342665128019892,-0.0022565681979728,0.0578752125688095,0.8507285769167597,0.78027142308324,0.0704571538335196,0.85
2021-03-17,MTNGH,0.85,0.64,0.85,0.85,0.85,0.85,0.0,3000000.0,2550000.0,0.7833333333333333,2021,3,March,1,2,0.84,0.84,0.83,0.83,0.84,0.83,1350.0,7018855.0,1134.0,5895726.2,0.8371428571428572,0.8264285714285713,0.0075592894601632,0.83,0.85,0.0119047619047618,0.0118344576470027,2.40963855421687,0.02,100.0,0.8284295937379343,0.7967571824872868,0.0316724112506475,0.0337476924917209,-0.0020752812410733,0.0562833553722045,0.8547883191297739,0.7822116808702261,0.0725766382595478,0.83
2021-03-18,MTNGH,0.85,0.64,0.85,0.85,0.83,0.83,-0.02,16300.0,13569.0,0.7883333333333333,2021,3,March,1,3,0.85,0.84,0.83,0.83,0.85,0.84,3000000.0,684773.0,2550000.0,575209.32,0.8371428571428572,0.8285714285714285,0.0075592894601632,0.83,0.85,-0.0235294117647059,-0.0238106486937185,0.0,0.0,71.42857142857139,0.828671194701329,0.7992196134141544,0.0294515812871746,0.0328884702508116,-0.003436888963637,0.053374624820344,0.8555409326655621,0.7844590673344378,0.0710818653311242,0.83
2021-03-19,MTNGH,0.85,0.64,0.83,0.83,0.83,0.83,0.0,24110.0,20011.3,0.7933333333333333,2021,3,March,1,4,0.83,0.84,0.84,0.83,0.85,0.84,16300.0,1350.0,13569.0,1134.0,0.8371428571428571,0.8307142857142856,0.0075592894601632,0.83,0.85,0.0,0.0,0.0,0.0,71.42857142857139,0.8288756262857399,0.8014996420501429,0.0273759842355969,0.0317859730477687,-0.0044099888121717,0.0497811301553116,0.8560040043442884,0.7869959956557117,0.0690080086885767,0.85
2021-03-22,MTNGH,0.85,0.64,0.83,0.83,0.85,0.85,0.02,177167.0,150085.95,0.7989999999999999,2021,3,March,1,0,0.83,0.85,0.84,0.83,0.83,0.85,24110.0,3000000.0,20011.3,2550000.0,0.84,0.8342857142857142,0.008164965809257,0.83,0.85,0.0240963855421687,0.0238106486937186,2.40963855421687,0.02,77.77777777777774,0.8321255299340875,0.8050922611575397,0.0270332687765477,0.0308354321935245,-0.0038021634169767,0.0459647541132279,0.8591837282965199,0.7888162717034802,0.0703674565930396,0.85
2021-03-23,MTNGH,0.85,0.64,0.85,0.85,0.85,0.85,0.0,3800.0,3230.0,0.804,2021,3,March,1,1,0.85,0.83,0.84,0.84,0.83,0.85,177167.0,16300.0,150085.95,13569.0,0.8414285714285714,0.8364285714285715,0.0089973541084058,0.83,0.85,0.0,0.0,1.1904761904761916,0.01,71.42857142857143,0.8348754484057663,0.8084187603310553,0.026456688074711,0.0299596833697618,-0.0035029952950508,0.0428791404957588,0.8616088532844441,0.7913911467155559,0.0702177065688882,0.85
2021-03-24,MTNGH,0.85,0.64,0.85,0.85,0.85,0.85,0.0,30705.0,26099.25,0.8089999999999999,2021,3,March,1,2,0.85,0.83,0.85,0.84,0.85,0.83,3800.0,24110.0,3230.0,20011.3,0.8428571428571429,0.8378571428571429,0.0095118973120957,0.83,0.85,0.0,0.0,1.1904761904761916,0.01,66.66666666666666,0.8372023024971869,0.8114988521583846,0.0257034503388022,0.0291084367635699,-0.0034049864247676,0.0388941977766544,0.8632744342346674,0.7947255657653325,0.0685488684693349,0.85
2021-03-25,MTNGH,0.85,0.64,0.85,0.85,0.85,0.85,0.0,14195.0,12065.75,0.814,2021,3,March,1,3,0.85,0.85,0.83,0.84,0.85,0.83,30705.0,177167.0,26099.25,150085.95,0.8442857142857143,0.8392857142857143,0.0097590007294679,0.83,0.85,0.0,0.0,1.1904761904761916,0.01,66.66666666666666,0.8391711790360812,0.8143507890355414,0.0248203900005398,0.0282508274109639,-0.003430437410424,0.0336923198042664,0.8641222397501628,0.798877760249837,0.0652444795003257,0.85
2021-03-26,MTNGH,0.85,0.64,0.85,0.85,0.85,0.85,0.0,110091.0,93577.35,0.8183333333333334,2021,3,March,1,4,0.85,0.85,0.83,0.85,0.85,0.85,14195.0,3800.0,12065.75,3230.0,0.8442857142857142,0.8407142857142856,0.0097590007294679,0.83,0.85,0.0,0.0,0.0,0.0,66.66666666666666,0.8408371514920686,0.816991471329205,0.0238456801628635,0.0273697979613438,-0.0035241177984802,0.0292531558372194,0.8640175387328857,0.8039824612671143,0.0600350774657714,0.85
2021-03-29,MTNGH,0.85,0.64,0.85,0.85,0.85,0.85,0.0,829700.0,705245.0,0.8223333333333332,2021,3,March,1,0,0.85,0.85,0.85,0.83,0.85,0.85,110091.0,30705.0,93577.35,26099.25,0.8471428571428571,0.8421428571428571,0.0075592894601616,0.83,0.85,0.0,0.0,2.40963855421687,0.02,66.66666666666666,0.8422468204932888,0.8194365475270418,0.022810272966247,0.0264578929623244,-0.0036476199960774,0.0245909057108116,0.8626775315470369,0.8103224684529632,0.0523550630940736,0.85
2021-03-30,MTNGH,0.85,0.64,0.85,0.85,0.85,0.85,0.0,17100.0,14535.0,0.8256666666666667,2021,3,March,1,1,0.85,0.85,0.85,0.83,0.85,0.85,829700.0,14195.0,705245.0,12065.75,0.85,0.8435714285714286,0.0,0.85,0.85,0.0,0.0,2.40963855421687,0.02,66.66666666666666,0.8434396173404751,0.8217005069694832,0.0217391103709919,0.0255141364440579,-0.003775026073066,0.0209569893424299,0.8594167114213961,0.8185832885786041,0.040833422842792,0.85
2021-03-31,MTNGH,0.85,0.64,0.85,0.85,0.85,0.85,0.0,0.0,0.0,0.8276666666666668,2021,3,March,1,2,0.85,0.85,0.85,0.85,0.85,0.85,17100.0,110091.0,14535.0,93577.35,0.85,0.845,0.0,0.85,0.85,0.0,0.0,0.0,0.0,66.66666666666666,0.844448906980402,0.8237967657124844,0.0206521412679175,0.0245417374088299,-0.0038895961409123,0.0202881540659117,0.8593902648278042,0.8216097351721956,0.0377805296556086,0.85
2021-04-01,MTNGH,0.85,0.64,0.85,0.85,0.85,0.85,0.0,6573.0,5587.05,0.8293333333333333,2021,4,April,2,3,0.85,0.85,0.85,0.85,0.85,0.85,0.0,829700.0,0.0,705245.0,0.85,0.8457142857142858,0.0,0.85,0.85,0.0,0.0,0.0,0.0,60.0,0.8453029212911093,0.8257377460300782,0.019565175261031,0.0235464249792701,-0.003981249718239,0.0199885024422774,0.8601660400897729,0.8228339599102269,0.037332080179546,0.85
2021-04-06,MTNGH,0.85,0.64,0.85,0.85,0.85,0.85,0.0,43770.0,37204.5,0.831,2021,4,April,2,1,0.85,0.85,0.85,0.85,0.85,0.85,6573.0,17100.0,5587.05,14535.0,0.85,0.8464285714285714,0.0,0.85,0.85,0.0,0.0,0.0,0.0,60.0,0.8460255487847848,0.8275349500278503,0.0184905987569344,0.022535259734803,-0.0040446609778685,0.0195377618454854,0.8607093093600462,0.8242906906399536,0.0364186187200925,0.89
2021-04-07,MTNGH,0.89,0.64,0.85,0.85,0.9,0.89,0.04,1050900.0,933265.0,0.834,2021,4,April,2,2,0.85,0.85,0.85,0.85,0.85,0.85,43770.0,0.0,37204.5,0.0,0.8557142857142858,0.85,0.0151185789203569,0.85,0.89,0.0470588235294118,0.0459851132418234,4.70588235294118,0.04,77.77777777777777,0.852790848971741,0.8321619907665281,0.0206288582052128,0.0221539794288849,-0.0015251212236721,0.0214315268897823,0.8726254396035474,0.8183745603964526,0.0542508792070948,0.89
2021-04-08,MTNGH,0.89,0.64,0.89,0.89,0.89,0.89,0.0,1600.0,1424.0,0.837,2021,4,April,2,3,0.89,0.85,0.85,0.85,0.85,0.85,1050900.0,6573.0,933265.0,5587.05,0.8614285714285714,0.852857142857143,0.0195180014589608,0.85,0.89,0.0,0.0,4.70588235294118,0.04,75.0,0.8585153337453193,0.8364462877467853,0.0220690459985339,0.0221369927428147,-6.794674428079947e-05,0.0227656728885584,0.881122239750166,0.8158777602498338,0.0652444795003321,0.93
2021-04-09,MTNGH,0.93,0.64,0.89,0.89,0.93,0.93,0.04,2166829.0,2004710.69,0.8413333333333334,2021,4,April,2,4,0.89,0.85,0.85,0.85,0.89,0.85,1600.0,43770.0,1424.0,37204.5,0.8728571428571428,0.8600000000000001,0.0314718316987712,0.85,0.93,0.0449438202247192,0.0439631234211162,9.41176470588236,0.08,100.0,0.8695129747075779,0.8433761923581345,0.0261367823494433,0.0229369506641405,0.0031998316853028,0.0273840292409854,0.9013044261329046,0.8056955738670954,0.0956088522658091,0.93
2021-04-12,MTNGH,0.93,0.64,0.93,0.93,0.93,0.93,0.0,688670.0,640463.1,0.8456666666666667,2021,4,April,2,0,0.93,0.89,0.85,0.85,0.89,0.85,2166829.0,1050900.0,2004710.69,933265.0,0.8842857142857143,0.8671428571428572,0.0359894164336913,0.85,0.93,0.0,0.0,9.41176470588236,0.08,100.0,0.8788186709064121,0.8497927707019765,0.0290259002044356,0.0241547405721995,0.004871159632236,0.0307025027996221,0.9159089668404324,0.8010910331595675,0.1148179336808647,0.93
2021-04-13,MTNGH,0.93,0.64,0.93,0.93,0.93,0.93,0.0,102900.0,95697.0,0.85,2021,4,April,2,1,0.93,0.89,0.85,0.85,0.93,0.89,688670.0,1600.0,640463.1,1424.0,0.8957142857142857,0.8728571428571429,0.0359894164336909,0.85,0.93,0.0,0.0,9.41176470588236,0.08,100.0,0.8866927215361948,0.8557340469462745,0.0309586745899203,0.0255155273757436,0.0054431472141766,0.0331142223846162,0.9279210046295262,0.7980789953704736,0.1298420092590526,0.93
2021-04-14,MTNGH,0.93,0.64,0.93,0.93,0.93,0.93,0.0,1279136.0,1189206.48,0.8543333333333333,2021,4,April,2,2,0.93,0.93,0.89,0.85,0.93,0.89,102900.0,2166829.0,95697.0,2004710.69,0.9071428571428573,0.8785714285714284,0.0314718316987697,0.85,0.93,0.0,0.0,9.41176470588236,0.08,100.0,0.8933553797613957,0.8612352286539579,0.0321201511074378,0.0268364521220825,0.0052836989853553,0.0348081771341475,0.9379496834253966,0.7970503165746032,0.1408993668507934,0.93
2021-04-15,MTNGH,0.93,0.64,0.93,0.93,0.93,0.93,0.0,5358011.0,4982950.23,0.8586666666666666,2021,4,April,2,3,0.93,0.93,0.89,0.85,0.93,0.93,1279136.0,688670.0,1189206.48,640463.1,0.9185714285714288,0.8842857142857142,0.0195180014589569,0.89,0.93,0.0,0.0,9.41176470588236,0.08,100.0,0.8989930136442579,0.8663289154203313,0.0326640982239265,0.0280019813424513,0.0046621168814752,0.0358861545997048,0.9464382471017472,0.7975617528982526,0.1488764942034945,0.93
2021-04-16,MTNGH,0.93,0.64,0.93,0.93,0.93,0.93,0.0,15500.0,14415.0,0.8623333333333334,2021,4,April,2,4,0.93,0.93,0.93,0.89,0.93,0.93,5358011.0,102900.0,4982950.23,95697.0,0.9242857142857144,0.89,0.0151185789203507,0.89,0.93,0.0,0.0,4.494382022471914,0.04,100.0,0.903763319237449,0.8710452920558623,0.0327180271815866,0.0289451905102784,0.0037728366713082,0.0373873787788596,0.953974354758484,0.7980256452415163,0.1559487095169676,0.94
2021-04-19,MTNGH,0.94,0.64,0.93,0.93,0.94,0.94,0.01,9279.0,8722.26,0.866,2021,4,April,2,0,0.93,0.93,0.93,0.89,0.93,0.93,15500.0,1279136.0,14415.0,1189206.48,0.9314285714285716,0.8964285714285715,0.0037796447300164,0.93,0.94,0.010752688172043,0.0106952891167479,5.61797752808988,0.0499999999999999,100.0,0.9093381932009184,0.8761530481998725,0.0331851450010458,0.0297931814084318,0.0033919635926139,0.0394444174626197,0.9613089824782428,0.8016910175217571,0.1596179649564857,0.95
2021-04-20,MTNGH,0.95,0.64,0.94,0.94,0.95,0.95,0.01,159539.0,151122.46,0.87,2021,4,April,2,1,0.94,0.93,0.93,0.93,0.93,0.93,9279.0,5358011.0,8722.26,4982950.23,0.9342857142857144,0.9035714285714286,0.0078679579246575,0.93,0.95,0.0106382978723404,0.010582109330537,2.150537634408592,0.0199999999999999,100.0,0.9155938557853924,0.8816231927776597,0.0339706630077327,0.030628677728292,0.0033419852794407,0.0416885000267779,0.9690313953091364,0.8059686046908636,0.1630627906182726,0.96
2021-04-21,MTNGH,0.96,0.64,0.95,0.95,0.96,0.96,0.01,11039.0,10597.44,0.8743333333333333,2021,4,April,2,2,0.95,0.93,0.93,0.93,0.94,0.93,159539.0,15500.0,151122.46,14415.0,0.9385714285714286,0.9114285714285714,0.0121498579258547,0.93,0.96,0.0105263157894737,0.0104712998672954,3.225806451612894,0.0299999999999999,100.0,0.9224255702799474,0.8874288822015367,0.0349966880784107,0.0315022797983158,0.0034944082800949,0.0440754316843389,0.9786184928376548,0.8073815071623451,0.1712369856753097,0.96
2021-04-22,MTNGH,0.96,0.64,0.96,0.96,0.96,0.96,0.0,23267.0,22336.32,0.8786666666666666,2021,4,April,2,3,0.96,0.94,0.93,0.93,0.95,0.93,11039.0,9279.0,10597.44,8722.26,0.9428571428571428,0.9192857142857144,0.0138013111868252,0.93,0.96,0.0,0.0,3.225806451612894,0.0299999999999999,100.0,0.92820625177534,0.8928045205569785,0.0354017312183616,0.0322821700823249,0.0031195611360366,0.0459184684754004,0.986584887287339,0.810415112712661,0.1761697745746779,0.96
2021-04-23,MTNGH,0.96,0.64,0.96,0.96,0.96,0.96,0.0,40050.0,38448.0,0.8829999999999999,2021,4,April,2,4,0.96,0.95,0.93,0.93,0.96,0.94,23267.0,159539.0,22336.32,151122.46,0.9471428571428572,0.9271428571428572,0.0138013111868249,0.93,0.96,0.0,0.0,3.225806451612894,0.0299999999999999,100.0,0.933097597656057,0.8977819634786838,0.0353156341773732,0.0328888629013346,0.0024267712760386,0.0472812567660719,0.9930653219774656,0.8149346780225346,0.178130643954931,0.96
2021-04-26,MTNGH,0.96,0.64,0.96,0.96,0.96,0.96,0.0,75687.0,72659.52,0.8873333333333334,2021,4,April,2,0,0.96,0.96,0.94,0.93,0.96,0.95,40050.0,11039.0,38448.0,10597.44,0.9514285714285714,0.935,0.0121498579258535,0.93,0.96,0.0,0.0,3.225806451612894,0.0299999999999999,100.0,0.9372364287858944,0.9023907069247072,0.0348457218611871,0.0332802346933051,0.001565487167882,0.048204545023467,0.9981091358008344,0.8208908641991653,0.177218271601669,0.96
2021-04-27,MTNGH,0.96,0.64,0.96,0.96,0.96,0.96,0.0,194584.0,186800.64,0.8913333333333334,2021,4,April,2,1,0.96,0.96,0.95,0.93,0.96,0.96,75687.0,23267.0,72659.52,22336.32,0.9557142857142856,0.94,0.0078679579246543,0.94,0.96,0.0,0.0,3.225806451612894,0.0299999999999999,100.0,0.9407385166649876,0.9066580619673216,0.0340804546976659,0.0334402786941773,0.0006401760034886,0.0491116485468409,1.0016936530184686,0.8283063469815316,0.1733873060369369,1.04
2021-04-28,MTNGH,1.04,0.64,0.96,0.96,1.05,1.04,0.08,805550.0,840421.0,0.898,2021,4,April,2,2,0.96,0.96,0.96,0.94,0.96,0.96,194584.0,40050.0,186800.64,38448.0,0.97,0.9507142857142856,0.0310912635102853,0.95,1.04,0.0833333333333334,0.0800427076735365,10.638297872340436,0.1,100.0,0.9560095141011432,0.9165352425623348,0.0394742715388085,0.0346470772631035,0.0048271942757049,0.0551111729081342,1.0221513669831954,0.8268486330168043,0.195302733966391,1.04
2021-04-29,MTNGH,1.04,0.64,1.04,1.04,1.04,1.04,0.0,2000.0,2080.0,0.9046666666666668,2021,4,April,2,3,1.04,0.96,0.96,0.95,0.96,0.96,805550.0,75687.0,840421.0,72659.52,0.982857142857143,0.9585714285714284,0.0390360029179323,0.96,1.04,0.0,0.0,9.473684210526324,0.09,100.0,0.968931127316352,0.92568078015031,0.0432503471660421,0.0363677312436912,0.0068826159223508,0.0597542861445403,1.0379027885751235,0.8300972114248762,0.2078055771502475,1.14
2021-04-30,MTNGH,1.14,0.64,1.04,1.04,1.14,1.14,0.1,531240.0,605613.6,0.9143333333333332,2021,4,April,2,4,1.04,0.96,0.96,0.96,1.04,0.96,2000.0,194584.0,2080.0,186800.64,1.0085714285714285,0.9735714285714284,0.0691444313083245,0.96,1.14,0.096153846153846,0.0918075492531226,18.749999999999996,0.1799999999999999,100.0,0.9952494154215288,0.9415562779169536,0.053693137504575,0.039832812495868,0.013860325008707,0.0726675630019585,1.0802533580916398,0.81674664190836,0.2635067161832798,1.23
2021-05-04,MTNGH,1.23,0.64,1.14,1.14,1.25,1.23,0.09,3904250.0,4818872.4,0.9276666666666668,2021,5,May,2,1,1.14,1.04,0.96,0.96,1.04,0.96,531240.0,805550.0,605613.6,840421.0,1.047142857142857,0.995,0.1040375390126498,0.96,1.23,0.0789473684210526,0.075985906977922,28.125000000000007,0.27,100.0,1.0313648899720629,0.9629224795527348,0.0684424104193277,0.0455547320805599,0.0228876783387677,0.0910355494538686,1.1420822080523216,0.7929177919476782,0.3491644161046434,1.25
2021-05-05,MTNGH,1.25,0.64,1.23,1.23,1.25,1.25,0.02,53950.0,67507.77,0.9416666666666668,2021,5,May,2,2,1.23,1.04,0.96,0.96,1.14,1.04,3904250.0,2000.0,4818872.4,2080.0,1.0885714285714283,1.0178571428571428,0.1200595090539882,0.96,1.25,0.0162601626016261,0.0161293819298837,30.208333333333336,0.29,100.0,1.0650010607455915,0.9841874810673472,0.0808135796782444,0.0526065016000968,0.0282070780781475,0.1064824198970252,1.1941143114215806,0.7808856885784194,0.4132286228431612,1.26
2021-05-06,MTNGH,1.26,0.64,1.25,1.25,1.26,1.26,0.01,30044.0,37695.0,0.9553333333333334,2021,5,May,2,3,1.25,1.14,1.04,0.96,1.23,1.04,53950.0,531240.0,67507.77,605613.6,1.1314285714285717,1.0414285714285714,0.1200595090539876,0.96,1.26,0.008,0.0079681696491768,31.250000000000007,0.3,100.0,1.095000897553962,1.0046180380253211,0.0903828595286406,0.0601617731858056,0.030221086342835,0.1197910057453031,1.2402648074295488,0.7717351925704511,0.4685296148590977,1.24
2021-05-07,MTNGH,1.26,0.64,1.26,1.26,1.24,1.24,-0.02,11695892.0,14508404.04,0.9683333333333334,2021,5,May,2,4,1.26,1.23,1.04,0.96,1.25,1.14,30044.0,3904250.0,37695.0,4818872.4,1.1714285714285713,1.0635714285714284,0.0980524640908346,1.04,1.26,-0.0158730158730159,-0.0160003413464411,29.166666666666668,0.28,94.28571428571428,1.1173084517764291,1.0220537389123343,0.0952547128640948,0.0671803611214634,0.0280743517426313,0.1287896797464587,1.2730701567854188,0.7739298432145809,0.4991403135708379,1.24
2021-05-10,MTNGH,1.26,0.64,1.24,1.24,1.24,1.24,0.0,206271.0,255776.04,0.9813333333333332,2021,5,May,2,0,1.24,1.25,1.14,1.04,1.26,1.23,11695892.0,53950.0,14508404.04,67507.77,1.2,1.085,0.0810349718742796,1.04,1.26,0.0,0.0,19.230769230769223,0.1999999999999999,94.11764705882352,1.1361840745800555,1.0381979064003095,0.0979861681797458,0.0733415225331199,0.0246446456466258,0.1359191781482868,1.3022509309225383,0.7757490690774619,0.5265018618450766,1.19
2021-05-11,MTNGH,1.26,0.64,1.24,1.24,1.18,1.19,-0.05,695957.0,829933.15,0.9926666666666668,2021,5,May,2,1,1.24,1.26,1.23,1.04,1.24,1.25,206271.0,30044.0,255776.04,37695.0,1.2214285714285713,1.102142857142857,0.0422013315068488,1.14,1.26,-0.0403225806451613,-0.0411580724935075,14.423076923076913,0.1499999999999999,81.57894736842104,1.1444634477215854,1.049442505926213,0.0950209417953726,0.0776774063855705,0.0173435354098021,0.1387364987735888,1.318248795401286,0.7857512045987141,0.532497590802572,1.17
2021-05-12,MTNGH,1.26,0.64,1.19,1.19,1.17,1.17,-0.02,13771.0,16166.85,1.0033333333333332,2021,5,May,2,2,1.19,1.24,1.25,1.14,1.24,1.26,695957.0,11695892.0,829933.15,14508404.04,1.2257142857142858,1.117142857142857,0.0330943816264431,1.17,1.26,-0.0168067226890756,-0.0169495583137733,2.631578947368424,0.03,76.9230769230769,1.1483921480721109,1.0583726906724191,0.0900194573996915,0.0801458165883947,0.0098736408112968,0.1396876647315751,1.328726273724397,0.799273726275603,0.529452547448794,1.14
2021-05-14,MTNGH,1.26,0.64,1.17,1.17,1.13,1.14,-0.03,3136336.0,3575493.11,1.013,2021,5,May,2,4,1.17,1.24,1.26,1.23,1.19,1.24,13771.0,206271.0,16166.85,255776.04,1.2128571428571429,1.13,0.046084807950214,1.14,1.26,-0.0256410256410256,-0.0259754864032606,-7.317073170731714,-0.09,71.42857142857142,1.147101048368709,1.0644191580300175,0.0826818903386912,0.080653031338454,0.0020288590002372,0.1387418838881309,1.333443196372048,0.8155568036279521,0.5178863927440958,1.14
2021-05-17,MTNGH,1.26,0.64,1.14,1.14,1.14,1.14,0.0,741.0,839.13,1.0226666666666666,2021,5,May,2,0,1.14,1.19,1.24,1.25,1.17,1.24,3136336.0,695957.0,3575493.11,829933.15,1.197142857142857,1.1428571428571428,0.0499046710286203,1.14,1.26,0.0,0.0,-8.800000000000008,-0.1100000000000001,71.42857142857142,1.1460085793889077,1.070017738916683,0.0759908404722247,0.0797205931652081,-0.0037297526929834,0.1370862636377582,1.3361866573727794,0.833813342627221,0.5023733147455585,1.13
2021-05-18,MTNGH,1.26,0.64,1.14,1.14,1.12,1.13,-0.01,794110.0,896904.39,1.0319999999999998,2021,5,May,2,1,1.14,1.17,1.24,1.26,1.14,1.19,741.0,13771.0,839.13,16166.85,1.1785714285714286,1.155,0.0467006678854922,1.13,1.24,-0.0087719298245614,-0.0088106296821549,-10.317460317460329,-0.1300000000000001,69.7674418604651,1.1435457210213833,1.074460869367299,0.0690848516540842,0.0775934448629833,-0.0085085932088991,0.1344311129833086,1.3359192920111689,0.8540807079888313,0.4818385840223373,1.06
2021-05-19,MTNGH,1.26,0.64,1.13,1.13,1.05,1.06,-0.07,3718833.0,3940368.47,1.039,2021,5,May,2,2,1.13,1.14,1.19,1.24,1.14,1.17,794110.0,3136336.0,896904.39,3575493.11,1.1528571428571428,1.1621428571428571,0.0558910504804502,1.06,1.24,-0.0619469026548671,-0.0639487246002732,-14.51612903225806,-0.1799999999999999,60.000000000000014,1.1306925331719395,1.0733896938586105,0.0573028393133294,0.0735353237530526,-0.0162324844397231,0.1300225444642795,1.3314138153752817,0.8705861846247182,0.4608276307505635,1.02
2021-05-20,MTNGH,1.26,0.64,1.06,1.06,1.0,1.02,-0.04,2597992.0,2639755.55,1.0446666666666666,2021,5,May,2,3,1.06,1.14,1.17,1.24,1.13,1.14,3718833.0,741.0,3940368.47,839.13,1.1214285714285714,1.1607142857142858,0.0603955217513502,1.02,1.19,-0.0377358490566037,-0.038466280827796,-17.741935483870964,-0.2199999999999999,47.826086956521735,1.113662912683949,1.0694349017209357,0.0442280109630135,0.0676738611950448,-0.0234458502320312,0.1251132820020855,1.327255471313288,0.8817445286867122,0.4455109426265758,1.0
2021-05-21,MTNGH,1.26,0.64,1.02,1.02,1.0,1.0,-0.02,3975000.0,3961499.06,1.0483333333333331,2021,5,May,2,4,1.02,1.13,1.14,1.19,1.06,1.14,2597992.0,794110.0,2639755.55,896904.39,1.0942857142857143,1.157857142857143,0.0667974906856806,1.0,1.17,-0.0196078431372549,-0.0198026272961797,-15.966386554621844,-0.1899999999999999,45.83333333333333,1.0961763107325724,1.0642915756675329,0.0318847350650395,0.0605160359690437,-0.0286313009040042,0.1219972677289675,1.3244594361102056,0.8885405638897945,0.435918872220411,1.0
2021-05-24,MTNGH,1.26,0.64,1.0,1.0,1.0,1.0,0.0,1340.0,1340.0,1.052,2021,5,May,2,0,1.0,1.06,1.14,1.17,1.02,1.13,3975000.0,3718833.0,3961499.06,3940368.47,1.07,1.147857142857143,0.0655743852430115,1.0,1.14,0.0,0.0,-14.529914529914526,-0.1699999999999999,31.57894736842107,1.0813799552352537,1.059529236729197,0.0218507185060565,0.0527829724764463,-0.0309322539703897,0.1186824217876403,1.3214764009659898,0.8955235990340098,0.42595280193198,1.0
2021-05-25,MTNGH,1.26,0.64,1.0,1.0,1.0,1.0,0.0,5639552.0,5637662.09,1.0543333333333331,2021,5,May,2,1,1.0,1.02,1.13,1.14,1.0,1.06,1340.0,2597992.0,1340.0,2639755.55,1.05,1.1314285714285717,0.0619139187366804,1.0,1.14,0.0,0.0,-12.280701754385955,-0.1399999999999999,10.344827586206904,1.0688599621221375,1.0551196636381457,0.0137402984839922,0.0449744376779555,-0.0312341391939632,0.1168755109399369,1.3182929131054453,0.9027070868945544,0.4155858262108909,1.0
2021-05-26,MTNGH,1.26,0.64,1.0,1.0,1.0,1.0,0.0,3549670.0,3549670.0,1.0566666666666666,2021,5,May,2,2,1.0,1.0,1.06,1.14,1.0,1.02,5639552.0,3975000.0,5637662.09,3961499.06,1.03,1.1135714285714289,0.0493288286231521,1.0,1.13,0.0,0.0,-12.280701754385955,-0.1399999999999999,3.7037037037037095,1.058266121795655,1.0510367255908757,0.0072293962047795,0.0374254293833203,-0.0301960331785407,0.1149912540402407,1.3148935717722825,0.9101064282277176,0.4047871435445646,1.0
2021-05-27,MTNGH,1.26,0.64,1.0,1.0,1.0,1.0,0.0,11932.0,11932.0,1.059,2021,5,May,2,3,1.0,1.0,1.02,1.13,1.0,1.0,3549670.0,1340.0,3549670.0,1340.0,1.0114285714285711,1.095,0.022677868380532,1.0,1.06,0.0,0.0,-11.504424778761054,-0.1299999999999999,0.0,1.049302103057862,1.0472562273989587,0.0020458756589032,0.0303495186384369,-0.0283036429795336,0.113025782838284,1.311260607953194,0.9177393920468062,0.3935212159063876,1.0
2021-05-28,MTNGH,1.26,0.64,1.0,1.0,1.0,1.0,0.0,376820.0,376820.0,1.0613333333333332,2021,5,May,2,4,1.0,1.0,1.0,1.06,1.0,1.0,11932.0,5639552.0,11932.0,5637662.09,1.002857142857143,1.0778571428571428,0.0075592894601212,1.0,1.02,0.0,0.0,-5.660377358490571,-0.06,0.0,1.041717164125883,1.0437557661101469,-0.0020386019842635,0.0238718945138968,-0.0259104964981603,0.1109747822653896,1.3132223796297158,0.9117776203702844,0.4014447592594313,1.0
2021-05-31,MTNGH,1.26,0.64,1.0,1.0,1.0,1.0,0.0,200.0,200.0,1.0636666666666668,2021,5,May,2,0,1.0,1.0,1.0,1.02,1.0,1.0,376820.0,3549670.0,376820.0,3549670.0,1.0,1.0607142857142855,0.0,1.0,1.0,0.0,0.0,-1.960784313725492,-0.02,0.0,1.0352991388757475,1.040514598250136,-0.0052154593743884,0.0180544237362397,-0.0232698831106282,0.1088334169438698,1.3150251239231858,0.9059748760768138,0.409050247846372,1.0
2021-06-01,MTNGH,1.26,0.64,1.0,1.0,1.0,1.0,0.0,0.0,0.0,1.066,2021,6,June,2,1,1.0,1.0,1.0,1.0,1.0,1.0,200.0,11932.0,200.0,11932.0,1.0,1.0471428571428572,0.0,1.0,1.0,0.0,0.0,0.0,0.0,0.0,1.0298685021256326,1.037513516898274,-0.0076450147726414,0.0129145360344635,-0.0205595508071049,0.1065962411189518,1.313289368051323,0.893710631948677,0.4195787361026459,1.1
2021-06-02,MTNGH,1.26,0.64,1.0,1.0,1.1,1.1,0.1,2022092.0,2222791.1,1.0713333333333332,2021,6,June,2,2,1.0,1.0,1.0,1.0,1.0,1.0,0.0,376820.0,0.0,376820.0,1.0142857142857142,1.042142857142857,0.0377964473009097,1.0,1.1,0.1,0.0953101798043249,10.000000000000009,0.1,37.03703703703707,1.0406579633370738,1.0421421452761797,-0.0014841819391058,0.0100347924397496,-0.0115189743788554,0.1040468506319958,1.2981650278280434,0.8958349721719564,0.402330055656087,1.1
2021-06-03,MTNGH,1.26,0.64,1.1,1.1,1.1,1.1,0.0,180068.0,198074.8,1.0763333333333334,2021,6,June,2,3,1.1,1.0,1.0,1.0,1.0,1.0,2022092.0,200.0,2222791.1,200.0,1.0285714285714287,1.0392857142857144,0.0487950036474162,1.0,1.1,0.0,0.0,10.000000000000009,0.1,41.6666666666667,1.0497875074390626,1.046427912292759,0.0033595951463034,0.0086997529810604,-0.0053401578347569,0.101590229415253,1.2773941471316244,0.9016058528683754,0.375788294263249,1.15
2021-06-04,MTNGH,1.26,0.64,1.1,1.1,1.15,1.15,0.05,1520610.0,1748671.0,1.0826666666666669,2021,6,June,2,4,1.1,1.0,1.0,1.0,1.1,1.0,180068.0,0.0,198074.8,0.0,1.05,1.0399999999999998,0.064549722436782,1.0,1.15,0.0454545454545451,0.0444517625708335,14.999999999999991,0.1499999999999999,51.72413793103448,1.065204813986899,1.054099918789592,0.0111048951973071,0.0091807814243097,0.0019241137729974,0.0999977011230015,1.256706017327299,0.9112939826727012,0.3454120346545979,1.25
2021-06-08,MTNGH,1.26,0.64,1.25,1.25,1.25,1.25,0.0,5039367.0,6297378.75,1.0923333333333334,2021,6,June,2,1,1.15,1.1,1.0,1.0,1.1,1.0,1520610.0,2022092.0,1748671.0,2222791.1,1.0857142857142856,1.0485714285714285,0.0944911182523007,1.0,1.25,0.0869565217391306,0.0833816089390512,25.0,0.25,65.78947368421055,1.0936348426042992,1.0686110359162888,0.0250238066880104,0.0123493864770498,0.0126744202109605,0.1017326900749466,1.259154546251509,0.909845453748491,0.349309092503018,1.25
2021-06-09,MTNGH,1.26,0.64,1.25,1.25,1.25,1.25,0.0,7671214.0,9589017.5,1.102,2021,6,June,2,2,1.25,1.1,1.0,1.0,1.25,1.1,5039367.0,180068.0,6297378.75,198074.8,1.1214285714285714,1.062142857142857,0.1035098339013471,1.0,1.25,0.0,0.0,25.0,0.25,80.64516129032256,1.1176910206651762,1.0820472554780451,0.035643765187131,0.0170082622190661,0.0186355029680649,0.1024997897390615,1.261575613742175,0.9084243862578252,0.3531512274843499,1.25
2021-06-10,MTNGH,1.26,0.64,1.25,1.25,1.25,1.25,0.0,1339672.0,1674590.0,1.1116666666666668,2021,6,June,2,3,1.25,1.15,1.1,1.0,1.25,1.1,7671214.0,1520610.0,9589017.5,1748671.0,1.157142857142857,1.0785714285714283,0.0975900072948465,1.0,1.25,0.0,0.0,25.0,0.25,92.59259259259258,1.1380462482551492,1.0944881995167084,0.0435580487384408,0.022318219522941,0.0212398292154997,0.1023207712533734,1.2738805502126922,0.902119449787308,0.3717611004253842,1.25
2021-06-11,MTNGH,1.26,0.64,1.25,1.25,1.25,1.25,0.0,721.0,901.25,1.1213333333333333,2021,6,June,2,4,1.25,1.25,1.1,1.0,1.25,1.25,1339672.0,5039367.0,1674590.0,6297378.75,1.1928571428571428,1.0964285714285713,0.0731925054711303,1.1,1.25,0.0,0.0,25.0,0.25,100.0,1.1552699023697417,1.1060075921451002,0.0492623102246414,0.0277070376632811,0.0215552725613603,0.1011906133486954,1.2884527531253538,0.8955472468746464,0.3929055062507074,1.24
2021-06-14,MTNGH,1.26,0.64,1.25,1.25,1.24,1.24,-0.01,2400156.0,2976195.0,1.128,2021,6,June,2,0,1.25,1.25,1.15,1.1,1.25,1.25,721.0,7671214.0,901.25,9589017.5,1.2128571428571429,1.1135714285714289,0.0618369592057054,1.1,1.25,-0.008,-0.0080321716972642,12.727272727272718,0.1399999999999999,96.15384615384616,1.168305302005166,1.1159329556899076,0.0523723463152583,0.0326400993936765,0.0197322469215817,0.1022303011966547,1.3034333714352169,0.8905666285647832,0.4128667428704337,1.2
2021-06-15,MTNGH,1.26,0.64,1.24,1.24,1.2,1.2,-0.04,866200.0,1039440.0,1.1333333333333333,2021,6,June,2,1,1.24,1.25,1.25,1.1,1.25,1.25,2400156.0,1339672.0,2976195.0,1674590.0,1.227142857142857,1.127857142857143,0.0386066858260938,1.15,1.25,-0.0322580645161291,-0.0327898228229909,9.09090909090908,0.0999999999999998,83.33333333333331,1.1731814093889863,1.1221601441573217,0.0510212652316648,0.0363163325612742,0.0147049326703906,0.1016530045465134,1.3107630248207307,0.8892369751792695,0.4215260496414612,1.2
2021-06-16,MTNGH,1.26,0.64,1.2,1.2,1.2,1.2,0.0,884734.0,1061680.8,1.1353333333333333,2021,6,June,2,2,1.2,1.25,1.25,1.15,1.24,1.25,866200.0,721.0,1039440.0,901.25,1.2342857142857142,1.1421428571428571,0.0237045304088325,1.2,1.25,0.0,0.0,4.347826086956526,0.05,83.33333333333331,1.1773073464060655,1.1279260594049274,0.049381287001138,0.038929323449247,0.010451963551891,0.1023763622142827,1.3186401012314992,0.8883598987685006,0.4302802024629986,1.2
2021-06-17,MTNGH,1.26,0.64,1.2,1.2,1.2,1.2,0.0,176560.0,211872.0,1.1343333333333334,2021,6,June,2,3,1.2,1.24,1.25,1.25,1.2,1.25,884734.0,2400156.0,1061680.8,2976195.0,1.227142857142857,1.1564285714285716,0.0256347977784374,1.2,1.25,0.0,0.0,-4.000000000000004,-0.05,83.33333333333331,1.1807985238820553,1.1332648698193772,0.047533654062678,0.0406501895719332,0.0068834644907448,0.1015630713953871,1.3287683042303304,0.8922316957696695,0.4365366084606609,1.2
2021-06-18,MTNGH,1.26,0.64,1.2,1.2,1.2,1.2,0.0,203497.0,244196.4,1.1326666666666667,2021,6,June,2,4,1.2,1.2,1.25,1.25,1.2,1.24,176560.0,866200.0,211872.0,1039440.0,1.22,1.1707142857142858,0.0251661147842068,1.2,1.25,0.0,0.0,-4.000000000000004,-0.05,83.33333333333331,1.18375259713097,1.1382082127957196,0.0455443843352503,0.0416290285245966,0.0039153558106536,0.0999977011230018,1.3368984941602935,0.9021015058397064,0.4347969883205871,1.2
2021-06-21,MTNGH,1.26,0.64,1.2,1.2,1.2,1.2,0.0,31187.0,37424.4,1.1306666666666665,2021,6,June,2,0,1.2,1.2,1.24,1.25,1.2,1.2,203497.0,884734.0,244196.4,1061680.8,1.2128571428571426,1.185,0.0221466970556502,1.2,1.25,0.0,0.0,-4.000000000000004,-0.05,83.33333333333331,1.1862521975723592,1.1427853822182588,0.0434668153541004,0.0419965858904974,0.001470229463603,0.0979420424442999,1.34210044065906,0.91689955934094,0.42520088131812,1.2
2021-06-22,MTNGH,1.26,0.64,1.2,1.2,1.2,1.2,0.0,6648.0,7977.6,1.1293333333333335,2021,6,June,2,1,1.2,1.2,1.2,1.25,1.2,1.2,31187.0,176560.0,37424.4,211872.0,1.2057142857142855,1.1992857142857145,0.015118578920322,1.2,1.24,0.0,0.0,-4.000000000000004,-0.05,83.33333333333331,1.1883672440996886,1.1470235020539432,0.0413437420457454,0.041866017121547,-0.0005222750758015,0.0966662703123074,1.3451542832292387,0.9338457167707612,0.4113085664584774,1.2
2021-06-23,MTNGH,1.26,0.64,1.2,1.2,1.2,1.2,0.0,336928.0,404313.6,1.128,2021,6,June,2,2,1.2,1.2,1.2,1.24,1.2,1.2,6648.0,203497.0,7977.6,244196.4,1.2,1.2064285714285714,0.0,1.2,1.2,0.0,0.0,-3.2258064516129057,-0.04,74.99999999999997,1.190156898853583,1.1509476870869844,0.0392092117665983,0.0413346560505572,-0.0021254442839589,0.0953541493229507,1.3458321567891505,0.95316784321085,0.3926643135783005,1.2
2021-06-24,MTNGH,1.26,0.64,1.2,1.2,1.2,1.2,0.0,269877.0,323830.92,1.1283333333333334,2021,6,June,2,3,1.2,1.2,1.2,1.2,1.2,1.2,336928.0,31187.0,404313.6,37424.4,1.2,1.2135714285714283,0.0,1.2,1.2,0.0,0.0,0.0,0.0,74.99999999999997,1.1916712221068777,1.1545811917472075,0.0370900303596699,0.0404857309123798,-0.0033957005527098,0.0955955320458365,1.343773823711533,0.9752261762884668,0.3685476474230662,1.2
2021-06-25,MTNGH,1.26,0.64,1.2,1.2,1.2,1.2,0.0,21035.0,25242.0,1.1293333333333335,2021,6,June,2,4,1.2,1.2,1.2,1.2,1.2,1.2,269877.0,6648.0,323830.92,7977.6,1.2,1.217142857142857,0.0,1.2,1.2,0.0,0.0,0.0,0.0,66.66666666666666,1.1929525725519734,1.1579455479140812,0.0350070246378921,0.0393899896574822,-0.0043829650195901,0.0962014170564981,1.3383942366035648,1.0006057633964351,0.3377884732071297,1.2
2021-06-28,MTNGH,1.26,0.64,1.2,1.2,1.2,1.2,0.0,3403.0,4083.6,1.1313333333333333,2021,6,June,2,0,1.2,1.2,1.2,1.2,1.2,1.2,21035.0,336928.0,25242.0,404313.6,1.2,1.2135714285714283,0.0,1.2,1.2,0.0,0.0,0.0,0.0,0.0,1.1940367921593622,1.161060692513038,0.0329760996463242,0.0381072116552506,-0.0051311120089264,0.0970507628754806,1.328669631451495,1.030330368548505,0.2983392629029899,1.2
2021-06-29,MTNGH,1.26,0.64,1.2,1.2,1.2,1.2,0.0,78653.0,94383.6,1.1333333333333333,2021,6,June,2,1,1.2,1.2,1.2,1.2,1.2,1.2,3403.0,269877.0,4083.6,323830.92,1.2,1.2100000000000002,0.0,1.2,1.2,0.0,0.0,0.0,0.0,0.0,1.1949542087502296,1.1639450856602205,0.0310091230900093,0.0366875939422024,-0.005678470852193,0.0978504606206751,1.3125275963907723,1.0664724036092277,0.2460551927815446,1.2
2021-06-30,MTNGH,1.26,0.64,1.2,1.2,1.2,1.2,0.0,3994592.0,4793510.4,1.1356666666666666,2021,6,June,2,2,1.2,1.2,1.2,1.2,1.2,1.2,78653.0,21035.0,94383.6,25242.0,1.2,1.2064285714285714,0.0,1.2,1.2,0.0,0.0,0.0,0.0,0.0,1.1957304843271173,1.1666158200557597,0.0291146642713577,0.0351730080080334,-0.0060583437366757,0.0985999696906071,1.2842224570987462,1.114777542901254,0.1694449141974923,1.2
2021-07-01,MTNGH,1.26,0.64,1.2,1.2,1.2,1.2,0.0,553414.0,664096.8,1.1403333333333334,2021,7,July,3,3,1.2,1.2,1.2,1.2,1.2,1.2,3994592.0,3403.0,4793510.4,4083.6,1.2,1.2028571428571428,0.0,1.2,1.2,0.0,0.0,0.0,0.0,0.0,1.196387332892176,1.1690887222738513,0.0272986106183248,0.0335981285300917,-0.0062995179117669,0.0982074978994897,1.2751287551400874,1.1338712448599124,0.1412575102801749,1.2
2021-07-02,MTNGH,1.26,0.64,1.2,1.2,1.2,1.2,0.0,124171.0,148905.2,1.1463333333333334,2021,7,July,3,4,1.2,1.2,1.2,1.2,1.2,1.2,553414.0,78653.0,664096.8,94383.6,1.2,1.2,0.0,1.2,1.2,0.0,0.0,0.0,0.0,0.0,1.1969431278318414,1.1713784465498622,0.0255646812819791,0.0319914390804692,-0.00642675779849,0.0960776745151027,1.2603765275214271,1.158623472478573,0.1017530550428542,1.21
2021-07-13,MTNGH,1.26,0.64,1.2,1.2,1.2,1.21,0.01,61650.0,74549.0,1.1933333333333331,2021,7,July,3,1,1.2,1.2,1.2,1.2,1.2,1.2,10260.0,11416.0,12312.0,13699.2,1.2014285714285715,1.2007142857142856,0.0037796447299054,1.2,1.21,0.0083333333333333,0.008298802814695,0.8333333333333341,0.01,100.0,1.20058911972906,1.184040339205103,0.0165487805239565,0.0214707068658696,-0.004921926341913,0.0501262773219901,1.2049721359557573,1.1960278640442426,0.0089442719115147,1.21
2021-07-14,MTNGH,1.26,0.64,1.21,1.21,1.21,1.21,0.0,2038.0,2465.98,1.2003333333333333,2021,7,July,3,2,1.21,1.2,1.2,1.2,1.2,1.2,61650.0,1550.0,74549.0,1860.0,1.2028571428571428,1.2014285714285715,0.0048795003645975,1.2,1.21,0.0,0.0,0.8333333333333341,0.01,100.0,1.2020369474630506,1.1859632770417623,0.016073670421288,0.0203912995769532,-0.0043176291556652,0.0343895867692688,1.2071558701130622,1.194844129886938,0.0123117402261243,1.21
2021-07-15,MTNGH,1.26,0.64,1.21,1.21,1.21,1.21,0.0,3900.0,4719.0,1.204,2021,7,July,3,3,1.21,1.2,1.2,1.2,1.21,1.2,2038.0,10260.0,2465.98,12312.0,1.2042857142857142,1.2021428571428572,0.0053452248381156,1.2,1.21,0.0,0.0,0.8333333333333341,0.01,100.0,1.203262032468735,1.187743775038669,0.015518257430066,0.0194166911475758,-0.0038984337175097,0.0287198117369708,1.208826950971114,1.1941730490288855,0.0146539019422284,1.2
2021-07-16,MTNGH,1.26,0.64,1.21,1.21,1.2,1.2,-0.01,1524127.0,1829172.7,1.2073333333333334,2021,7,July,3,4,1.21,1.21,1.2,1.2,1.21,1.2,3900.0,61650.0,4719.0,74549.0,1.2042857142857142,1.202142857142857,0.0053452248381156,1.2,1.21,-0.0082644628099173,-0.008298802814695,0.0,0.0,50.0,1.2027601813196989,1.188651643554323,0.0141085377653757,0.0183550604711358,-0.00424652270576,0.0209980842038038,1.2088269509711145,1.1941730490288858,0.0146539019422284,1.2
2021-07-19,MTNGH,1.26,0.64,1.2,1.2,1.2,1.2,0.0,5591402.0,6709682.4,1.209,2021,7,July,3,0,1.2,1.21,1.2,1.2,1.21,1.21,1524127.0,2038.0,1829172.7,2465.98,1.2042857142857142,1.202142857142857,0.0053452248381156,1.2,1.21,0.0,0.0,0.0,0.0,50.0,1.2023355380397451,1.189492262550299,0.012843275489446,0.0172527034747978,-0.0044094279853518,0.0180707422132596,1.2088269509711145,1.1941730490288858,0.0146539019422284,1.18
2021-07-21,MTNGH,1.26,0.64,1.2,1.2,1.09,1.18,-0.02,64606.0,76427.2,1.2066666666666666,2021,7,July,3,2,1.2,1.21,1.21,1.2,1.2,1.21,5591402.0,3900.0,6709682.4,4719.0,1.2014285714285715,1.2007142857142856,0.0106904496764309,1.18,1.21,-0.0166666666666667,-0.0168071183163812,-1.6666666666666683,-0.02,25.00000000000001,1.198899301418246,1.1887891319910175,0.0101101694272283,0.0158241966652839,-0.0057140272380556,0.0170866621371365,1.2125961063768662,1.188403893623134,0.0241922127537321,1.18
2021-07-22,MTNGH,1.26,0.64,1.18,1.18,1.18,1.18,0.0,15030.0,17735.4,1.2043333333333333,2021,7,July,3,3,1.18,1.2,1.21,1.2,1.2,1.21,64606.0,1524127.0,76427.2,1829172.7,1.1985714285714286,1.1992857142857145,0.0134518541826388,1.18,1.21,0.0,0.0,-1.6666666666666683,-0.02,25.00000000000001,1.1959917165846696,1.188138085176868,0.0078536314078014,0.0142300836137874,-0.0063764522059859,0.0156873182546647,1.2146830930905474,1.1843169069094526,0.0303661861810948,1.2
2021-07-23,MTNGH,1.26,0.64,1.18,1.18,1.2,1.2,0.02,1507854.0,1809404.8,1.2026666666666666,2021,7,July,3,4,1.18,1.2,1.21,1.21,1.18,1.2,15030.0,5591402.0,17735.4,6709682.4,1.197142857142857,1.1992857142857145,0.0125356634105043,1.18,1.21,0.0169491525423728,0.0168071183163811,-0.8264462809917362,-0.01,50.0,1.1966083755716437,1.1890167455341372,0.0075916300375062,0.0129023928985312,-0.0053107628610249,0.0131131240743254,1.2146830930905474,1.1843169069094526,0.0303661861810948,1.2
2021-07-26,MTNGH,1.26,0.64,1.2,1.2,1.2,1.2,0.0,10620.0,12744.0,1.2009999999999998,2021,7,July,3,0,1.2,1.18,1.2,1.21,1.18,1.2,1507854.0,64606.0,1809404.8,76427.2,1.1957142857142855,1.1992857142857145,0.0113389341902153,1.18,1.21,0.0,0.0,-0.8264462809917362,-0.01,50.0,1.1971301639452367,1.189830319939016,0.0072998440062208,0.0117818831200691,-0.0044820391138483,0.00959525744925,1.2146830930905474,1.1843169069094526,0.0303661861810948,1.25
2021-07-27,MTNGH,1.26,0.64,1.2,1.2,1.25,1.25,0.05,1517170.0,1896462.5,1.2013333333333334,2021,7,July,3,1,1.2,1.18,1.2,1.21,1.2,1.18,10620.0,15030.0,12744.0,17735.4,1.2014285714285715,1.2028571428571428,0.0234012616672186,1.18,1.25,0.0416666666666667,0.0408219945202552,3.305785123966945,0.04,72.72727272727273,1.2052639848767388,1.1942873332768666,0.0109766515998721,0.0116208368160297,-0.0006441852161576,0.0110588810724621,1.2292222818952738,1.174777718104726,0.0544445637905477,1.25
2021-07-28,MTNGH,1.26,0.64,1.25,1.25,1.25,1.25,0.0,3550499.0,4438123.75,1.2029999999999998,2021,7,July,3,2,1.25,1.2,1.18,1.2,1.2,1.18,1517170.0,1507854.0,1896462.5,1809404.8,1.2085714285714284,1.2064285714285714,0.029680841985209,1.18,1.25,0.0,0.0,4.166666666666671,0.05,72.72727272727273,1.2121464487418558,1.1984141974785802,0.0137322512632755,0.0120431197054789,0.0016891315577966,0.0141786629397404,1.2391258193899857,1.169874180610014,0.0692516387799715,1.25
2021-07-29,MTNGH,1.26,0.64,1.25,1.25,1.25,1.25,0.0,74489.0,93111.25,1.2046666666666666,2021,7,July,3,3,1.25,1.2,1.18,1.2,1.25,1.2,3550499.0,10620.0,4438123.75,12744.0,1.2157142857142855,1.2099999999999995,0.0330943816264429,1.18,1.25,0.0,0.0,4.166666666666671,0.05,72.72727272727273,1.2179700720123394,1.2022353680357225,0.0157347039766169,0.0127814365597065,0.0029532674169103,0.0165536397358979,1.2470525969984807,1.166947403001519,0.0801051939969617,1.25
2021-07-30,MTNGH,1.26,0.64,1.25,1.25,1.25,1.25,0.0,747488.0,934360.0,1.2063333333333333,2021,7,July,3,4,1.25,1.25,1.2,1.18,1.25,1.2,74489.0,1517170.0,93111.25,1896462.5,1.2257142857142858,1.2135714285714283,0.0310145895008024,1.18,1.25,0.0,0.0,5.932203389830514,0.07,72.72727272727273,1.2228977532412102,1.2057734889219651,0.0171242643192448,0.0136500021116141,0.0034742622076306,0.0184733420857257,1.2537362080796957,1.165263791920304,0.0884724161593917,1.26
2021-08-02,MTNGH,1.26,0.64,1.25,1.25,1.26,1.26,0.01,140941.0,177533.86,1.2083333333333333,2021,8,August,3,0,1.25,1.25,1.2,1.18,1.25,1.25,747488.0,3550499.0,934360.0,4438123.75,1.237142857142857,1.2178571428571427,0.0256347977784367,1.2,1.26,0.008,0.0079681696491768,6.779661016949159,0.08,75.0,1.2286057912041008,1.2097902675203382,0.0188155236837626,0.0146831064260438,0.0041324172577187,0.0208580313372217,1.261864380936767,1.1631356190632332,0.0987287618735335,1.26
2021-08-03,MTNGH,1.26,0.64,1.26,1.26,1.26,1.26,0.0,148033.0,186521.58,1.2103333333333337,2021,8,August,3,1,1.26,1.25,1.25,1.2,1.25,1.25,140941.0,74489.0,177533.86,93111.25,1.2457142857142858,1.2214285714285715,0.0207019667802334,1.2,1.26,0.0,0.0,5.000000000000004,0.06,72.72727272727273,1.233435669480393,1.2135095069632762,0.0199261625171167,0.0157317176442584,0.0041944448728583,0.0228161064304108,1.2688015256028011,1.1621984743971987,0.1066030512056026,1.26
2021-08-05,MTNGH,1.26,0.64,1.26,1.26,1.26,1.26,0.0,3275260.0,4126827.6,1.2123333333333333,2021,8,August,3,3,1.26,1.25,1.25,1.2,1.26,1.25,148033.0,747488.0,186521.58,934360.0,1.2542857142857142,1.225,0.005345224838102,1.25,1.26,0.0,0.0,5.000000000000004,0.06,72.72727272727273,1.2375224895603325,1.2169532471882187,0.0205692423721137,0.0166992225898295,0.0038700197822842,0.0244502779524933,1.274798078867913,1.162201921132087,0.1125961577358256,1.26
2021-08-06,MTNGH,1.26,0.64,1.26,1.26,1.26,1.26,0.0,5000.0,6300.0,1.214333333333333,2021,8,August,3,4,1.26,1.26,1.25,1.25,1.26,1.25,3275260.0,140941.0,4126827.6,177533.86,1.2557142857142856,1.2285714285714284,0.0053452248381015,1.25,1.26,0.0,0.0,0.8000000000000007,0.01,72.72727272727273,1.240980568089512,1.220141895544647,0.020838672544865,0.0175271125808366,0.0033115599640284,0.0258221147312834,1.2799987629199556,1.1630012370800444,0.1169975258399111,1.26
2021-08-09,MTNGH,1.26,0.64,1.26,1.26,1.26,1.26,0.0,423892.0,534103.92,1.2163333333333337,2021,8,August,3,0,1.26,1.26,1.25,1.25,1.26,1.26,5000.0,148033.0,6300.0,186521.58,1.2571428571428571,1.2328571428571429,0.0048795003645812,1.25,1.26,0.0,0.0,0.8000000000000007,0.01,80.0,1.2439066345372791,1.223094347726525,0.0208122868107543,0.0181841474268201,0.0026281393839341,0.0269716752236115,1.28449122742892,1.16450877257108,0.11998245485784,1.26
2021-08-10,MTNGH,1.26,0.64,1.26,1.26,1.26,1.26,0.0,145550.0,183393.0,1.2183333333333333,2021,8,August,3,1,1.26,1.26,1.26,1.25,1.26,1.26,423892.0,3275260.0,534103.92,4126827.6,1.258571428571429,1.237142857142857,0.0037796447298831,1.25,1.26,0.0,0.0,0.8000000000000007,0.01,80.0,1.2463825369161594,1.2258280997467823,0.0205544371693771,0.0186582053753315,0.0018962317940455,0.0279264222103625,1.2883276253030431,1.1666723746969567,0.1216552506060866,1.26
2021-08-11,MTNGH,1.26,0.64,1.26,1.26,1.26,1.26,0.0,7269.0,9158.94,1.2203333333333333,2021,8,August,3,2,1.26,1.26,1.26,1.25,1.26,1.26,145550.0,5000.0,183393.0,6300.0,1.26,1.242857142857143,0.0,1.26,1.26,0.0,0.0,0.8000000000000007,0.01,100.0,1.2484775312367502,1.228359351617391,0.0201181796193592,0.018950200224137,0.0011679793952221,0.0287058006072973,1.2915349339141302,1.1694650660858696,0.1220698678282605,1.26
2021-08-12,MTNGH,1.26,0.64,1.26,1.26,1.26,1.26,0.0,1460.0,1839.6,1.2223333333333335,2021,8,August,3,3,1.26,1.26,1.26,1.26,1.26,1.26,7269.0,423892.0,9158.94,534103.92,1.26,1.2485714285714284,0.0,1.26,1.26,0.0,0.0,0.0,0.0,100.0,1.2502502187387885,1.230703103349436,0.0195471153893525,0.0190695832571801,0.0004775321321723,0.0293237967778975,1.294592890909048,1.171407109090952,0.1231857818180959,1.26
2021-08-13,MTNGH,1.26,0.64,1.26,1.26,1.26,1.26,0.0,1334571.0,1681559.46,1.2243333333333333,2021,8,August,3,4,1.26,1.26,1.26,1.26,1.26,1.26,1460.0,145550.0,1839.6,183393.0,1.26,1.252857142857143,0.0,1.26,1.26,0.0,0.0,0.0,0.0,100.0,1.251750185086667,1.2328732438420704,0.0188769412445966,0.0190310548546634,-0.0001541136100668,0.0297904559274944,1.2972209339221157,1.1737790660778842,0.1234418678442312,1.26
2021-08-16,MTNGH,1.26,0.64,1.26,1.26,1.26,1.26,0.0,32190.0,40559.4,1.2263333333333333,2021,8,August,3,0,1.26,1.26,1.26,1.26,1.26,1.26,1334571.0,7269.0,1681559.46,9158.94,1.26,1.2571428571428571,0.0,1.26,1.26,0.0,0.0,0.0,0.0,100.0,1.2530193873810258,1.234882633187102,0.0181367541939236,0.0188521947225155,-0.0007154405285918,0.0301128147006482,1.2994217516760558,1.1765782483239442,0.1228435033521115,1.26
2021-08-17,MTNGH,1.26,0.64,1.26,1.26,1.26,1.26,0.0,5613899.0,7072867.74,1.228333333333333,2021,8,August,3,1,1.26,1.26,1.26,1.26,1.26,1.26,32190.0,1460.0,40559.4,1839.6,1.26,1.2578571428571428,0.0,1.26,1.26,0.0,0.0,0.0,0.0,100.0,1.2540933277839448,1.2367431788769463,0.0173501489069984,0.0185517855594121,-0.0012016366524136,0.0302954797280749,1.3004359451759215,1.181564054824079,0.1188718903518428,1.26
2021-08-18,MTNGH,1.26,0.64,1.26,1.26,1.26,1.26,0.0,21872.0,27558.72,1.2303333333333335,2021,8,August,3,2,1.26,1.26,1.26,1.26,1.26,1.26,5613899.0,1334571.0,7072867.74,1681559.46,1.26,1.258571428571429,0.0,1.26,1.26,0.0,0.0,0.0,0.0,100.0,1.255002046586415,1.2384659063675427,0.0165361402188719,0.018148656491304,-0.0016125162724321,0.030340974154497,1.3007172117198211,1.1872827882801789,0.1134344234396422,1.26
2021-08-19,MTNGH,1.26,0.64,1.26,1.26,1.26,1.26,0.0,506774.0,638525.24,1.2323333333333333,2021,8,August,3,3,1.26,1.26,1.26,1.26,1.26,1.26,21872.0,32190.0,27558.72,40559.4,1.26,1.259285714285714,0.0,1.26,1.26,0.0,0.0,0.0,0.0,100.0,1.255770962496197,1.2400610244143913,0.0157099380818057,0.0176609128094044,-0.0019509747275986,0.0302499168802915,1.2963844255064263,1.1996155744935737,0.0967688510128526,1.26
2021-08-20,MTNGH,1.26,0.64,1.26,1.26,1.26,1.26,0.0,176382.0,222241.32,1.234333333333333,2021,8,August,3,4,1.26,1.26,1.26,1.26,1.26,1.26,506774.0,5613899.0,638525.24,7072867.74,1.26,1.26,0.0,1.26,1.26,0.0,0.0,0.0,0.0,100.0,1.256421583650628,1.2415379855688808,0.0148835980817472,0.0171054498638729,-0.0022218517821257,0.0300210654010858,1.2884763802452706,1.2155236197547294,0.0729527604905411,1.24
2021-08-25,MTNGH,1.26,0.64,1.26,1.26,1.24,1.24,-0.02,1966778.0,2438764.84,1.239666666666667,2021,8,August,3,2,1.26,1.26,1.26,1.26,1.26,1.26,5693.0,176382.0,6953.18,222241.32,1.2571428571428571,1.2585714285714285,0.0075592894600802,1.24,1.26,-0.0158730158730159,-0.0160003413464411,-1.5873015873015883,-0.02,0.0,1.254755178807003,1.2438627762289165,0.0108924025780867,0.0148595738703058,-0.003967171292219,0.0282212115545981,1.268502392084778,1.246497607915222,0.0220047841695558,1.23
2021-08-26,MTNGH,1.26,0.64,1.24,1.24,1.23,1.23,-0.01,37552.0,46206.4,1.2403333333333333,2021,8,August,3,3,1.24,1.26,1.26,1.26,1.26,1.26,1966778.0,34176.0,2438764.84,43061.76,1.252857142857143,1.2564285714285717,0.0125356634104978,1.23,1.26,-0.0080645161290322,-0.0080972102326193,-2.3809523809523827,-0.03,0.0,1.250946689759772,1.2428359039156631,0.0081107858441085,0.0135098162650663,-0.0053990304209578,0.0277281549099977,1.2727545540179976,1.2402454459820027,0.0325091080359949,1.24
2021-08-27,MTNGH,1.26,0.64,1.23,1.23,1.24,1.24,0.01,634673.0,786727.3,1.2413333333333334,2021,8,August,3,4,1.23,1.26,1.26,1.26,1.24,1.26,37552.0,5693.0,46206.4,6953.18,1.25,1.255,0.0129099444872978,1.23,1.26,0.0081300813008129,0.0080972102326193,-1.5873015873015883,-0.02,25.00000000000001,1.249262583642884,1.2426258369589476,0.0066367466839363,0.0121352023488403,-0.005498455664904,0.027131014614702,1.273651599003394,1.238348400996606,0.0353031980067877,1.24
2021-08-30,MTNGH,1.26,0.64,1.24,1.24,1.24,1.24,0.0,7150.0,8866.0,1.2423333333333333,2021,8,August,3,0,1.24,1.24,1.26,1.26,1.23,1.26,634673.0,1966778.0,786727.3,2438764.84,1.247142857142857,1.2535714285714286,0.0125356634104985,1.23,1.26,0.0,0.0,-1.5873015873015883,-0.02,25.00000000000001,1.247837570774748,1.242431330517544,0.0054062402572039,0.010789409930513,-0.0053831696733091,0.0264813966364367,1.2743902648279832,1.2366097351720169,0.0377805296559663,1.24
2021-08-31,MTNGH,1.26,0.64,1.24,1.24,1.24,1.24,0.0,644137.0,798729.88,1.2436666666666665,2021,8,August,3,1,1.24,1.23,1.26,1.26,1.24,1.24,7150.0,37552.0,8866.0,46206.4,1.2442857142857144,1.2521428571428572,0.011338934190209,1.23,1.26,0.0,0.0,-1.5873015873015883,-0.02,25.00000000000001,1.246631790655556,1.2422512319606889,0.004380558694867,0.0095076396833838,-0.0051270809885168,0.0252550211236145,1.274473666874893,1.2345263331251068,0.0399473337497862,1.24
2021-09-01,MTNGH,1.26,0.64,1.24,1.24,1.24,1.24,0.0,18765.0,23268.6,1.245,2021,9,September,3,2,1.24,1.24,1.24,1.26,1.24,1.23,644137.0,634673.0,798729.88,786727.3,1.2414285714285715,1.250714285714286,0.0089973541083394,1.23,1.26,0.0,0.0,-1.5873015873015883,-0.02,25.00000000000001,1.2456115151700855,1.2420844740376749,0.0035270411324108,0.0083115199731892,-0.0047844788407784,0.023889111644693,1.2742997975700605,1.2327002024299398,0.0415995951401204,1.24
2021-09-02,MTNGH,1.26,0.64,1.24,1.24,1.24,1.24,0.0,4365.0,5412.6,1.247,2021,9,September,3,3,1.24,1.24,1.23,1.26,1.24,1.24,18765.0,7150.0,23268.6,8866.0,1.2385714285714289,1.249285714285714,0.0037796447298911,1.23,1.24,0.0,0.0,-1.5873015873015883,-0.02,25.00000000000001,1.2447482051439187,1.2419300685534027,0.0028181365905159,0.0072128432966546,-0.0043947067061386,0.0205359231088166,1.2738984751057216,1.2311015248942785,0.0427969502114433,1.24
2021-09-03,MTNGH,1.26,0.64,1.24,1.24,1.24,1.24,0.0,20870.0,25878.8,1.249,2021,9,September,3,4,1.24,1.24,1.24,1.24,1.24,1.24,4365.0,644137.0,5412.6,798729.88,1.2385714285714289,1.2478571428571428,0.0037796447298911,1.23,1.24,0.0,0.0,0.0,0.0,25.00000000000001,1.2440177120448543,1.24178710051241,0.0022306115324444,0.0062163969438125,-0.0039857854113681,0.0162629258936049,1.273288456625317,1.229711543374683,0.043576913250634,1.24
2021-09-06,MTNGH,1.26,0.64,1.24,1.24,1.24,1.24,0.0,81853.0,101500.85,1.2503333333333333,2021,9,September,3,0,1.24,1.24,1.24,1.23,1.24,1.24,20870.0,18765.0,25878.8,23268.6,1.24,1.2464285714285714,0.0,1.24,1.24,0.0,0.0,0.8130081300813016,0.01,25.00000000000001,1.2433996024994922,1.241654722696676,0.0017448798028163,0.0053220935156133,-0.0035772137127969,0.0135145728072003,1.272480852912134,1.2285191470878662,0.0439617058242678,1.24
2021-09-07,MTNGH,1.26,0.64,1.24,1.24,1.24,1.24,0.0,9113.0,11300.12,1.2516666666666667,2021,9,September,3,1,1.24,1.24,1.24,1.24,1.24,1.24,81853.0,4365.0,101500.85,5412.6,1.24,1.245,0.0,1.24,1.24,0.0,0.0,0.0,0.0,25.00000000000001,1.2428765867303395,1.2415321506450705,0.0013444360852692,0.0045265620295445,-0.0031821259442752,0.0098552745665359,1.271480852912133,1.2275191470878666,0.0439617058242665,1.26
2021-09-08,MTNGH,1.26,0.64,1.24,1.24,1.26,1.26,0.02,4200403.0,5292490.91,1.252,2021,9,September,3,2,1.24,1.24,1.24,1.24,1.24,1.24,9113.0,20870.0,11300.12,25878.8,1.2428571428571429,1.245,0.0075592894600832,1.24,1.26,0.0161290322580645,0.0160003413464411,1.6129032258064528,0.02,50.0,1.245510958002595,1.242900139486176,0.0026108185164188,0.0041434133269193,-0.0015325948105005,0.0099654575824588,1.2714808529121333,1.2275191470878668,0.0439617058242665,1.26
2021-09-09,MTNGH,1.26,0.64,1.26,1.26,1.26,1.26,0.0,7448.0,9384.48,1.2523333333333333,2021,9,September,3,3,1.26,1.24,1.24,1.24,1.24,1.24,4200403.0,81853.0,5292490.91,101500.85,1.2457142857142858,1.245,0.0097590007294064,1.24,1.26,0.0,0.0,1.6129032258064528,0.02,50.0,1.247740041386811,1.2441667958205334,0.0035732455662775,0.004029379774791,-0.0004561342085134,0.0100630198159545,1.271480852912133,1.2275191470878666,0.0439617058242665,1.26
2021-09-10,MTNGH,1.26,0.64,1.26,1.26,1.26,1.26,0.0,4390.0,5535.4,1.2526666666666668,2021,9,September,3,4,1.26,1.24,1.24,1.24,1.26,1.24,7448.0,9113.0,9384.48,11300.12,1.2485714285714289,1.245,0.0106904496764246,1.24,1.26,0.0,0.0,1.6129032258064528,0.02,50.0,1.249626188865763,1.245339625759753,0.0042865631060098,0.0040808164410347,0.000205746664975,0.0101483252681084,1.2714808529121333,1.2275191470878668,0.0439617058242665,1.26
2021-09-13,MTNGH,1.26,0.64,1.26,1.26,1.26,1.26,0.0,18614.0,23453.64,1.253,2021,9,September,3,0,1.26,1.26,1.24,1.24,1.26,1.24,4390.0,4200403.0,5535.4,5292490.91,1.2514285714285711,1.245,0.0106904496764243,1.24,1.26,0.0,0.0,1.6129032258064528,0.02,50.0,1.2512221598094917,1.2464255794071788,0.0047965804023129,0.0042239692332904,0.0005726111690224,0.0102216808119258,1.271480852912133,1.2275191470878666,0.0439617058242665,1.24
2021-09-14,MTNGH,1.26,0.64,1.26,1.26,1.24,1.24,-0.02,3803666.0,4718436.09,1.2523333333333333,2021,9,September,3,1,1.26,1.26,1.24,1.24,1.26,1.26,18614.0,7448.0,23453.64,9384.48,1.2514285714285711,1.245,0.0106904496764243,1.24,1.26,-0.0158730158730159,-0.0160003413464411,0.0,0.0,50.0,1.2494956736849545,1.2459496105622023,0.0035460631227519,0.0040883880111827,-0.0005423248884307,0.0104000442085806,1.270288456625315,1.2267115433746854,0.0435769132506296,1.24
2021-09-15,MTNGH,1.26,0.64,1.24,1.24,1.24,1.24,0.0,4189773.0,5195318.52,1.2516666666666665,2021,9,September,3,2,1.24,1.26,1.26,1.24,1.26,1.26,3803666.0,4390.0,4718436.09,5535.4,1.2514285714285711,1.2457142857142858,0.0106904496764243,1.24,1.26,0.0,0.0,0.0,0.0,60.0,1.248034800810346,1.2455088986687062,0.0025259021416399,0.0037758908372741,-0.0012499886956342,0.0105318346089409,1.2688984751057182,1.226101524894282,0.0427969502114362,1.24
2021-09-16,MTNGH,1.26,0.64,1.24,1.24,1.24,1.24,0.0,321215.0,398306.6,1.251,2021,9,September,3,3,1.24,1.26,1.26,1.24,1.24,1.26,4189773.0,18614.0,5195318.52,23453.64,1.2514285714285711,1.2457142857142856,0.0106904496764243,1.24,1.26,0.0,0.0,0.0,0.0,50.0,1.2467986776087543,1.2451008321006538,0.0016978455081007,0.0033602817714394,-0.0016624362633387,0.0106187862154699,1.2672997975700548,1.225700202429945,0.0415995951401098,1.24
2021-09-20,MTNGH,1.26,0.64,1.24,1.24,1.24,1.24,0.0,74929.0,92911.96,1.2503333333333335,2021,9,September,3,0,1.24,1.24,1.26,1.26,1.24,1.26,321215.0,3803666.0,398306.6,4718436.09,1.2485714285714289,1.2457142857142858,0.0106904496764246,1.24,1.26,0.0,0.0,-1.5873015873015883,-0.02,50.0,1.2457527272074076,1.2447229926857906,0.001029734521617,0.0028941723214749,-0.0018644377998579,0.0106619961039074,1.265473666874886,1.225526333125114,0.0399473337497719,1.24
2021-09-22,MTNGH,1.26,0.64,1.24,1.24,1.24,1.24,0.0,234754.0,291094.96,1.2496666666666665,2021,9,September,3,2,1.24,1.24,1.26,1.26,1.24,1.24,74929.0,4189773.0,92911.96,5195318.52,1.2457142857142858,1.2457142857142856,0.0097590007294064,1.24,1.26,0.0,0.0,-1.5873015873015883,-0.02,50.0,1.2448676922524218,1.244373141375732,0.0004945508766898,0.0024142480325179,-0.0019196971558281,0.0106619961039074,1.263390264827974,1.225609735172026,0.0377805296559481,1.12
2021-09-23,MTNGH,1.26,0.64,1.24,1.24,1.12,1.12,-0.12,4047.0,4654.8,1.245,2021,9,September,3,3,1.24,1.24,1.24,1.26,1.24,1.24,234754.0,321215.0,291094.96,398306.6,1.2257142857142858,1.237142857142857,0.0472077475481508,1.12,1.26,-0.096774193548387,-0.1017826943099422,-11.111111111111104,-0.1399999999999999,12.500000000000014,1.2256572780597417,1.2351603160886406,-0.0095030380288991,3.079082023452542e-05,-0.0095338288491337,0.0258310158396942,1.295492740017561,1.1795072599824388,0.1159854800351225,1.12
2021-09-24,MTNGH,1.26,0.64,1.12,1.12,1.12,1.12,0.0,67961.0,76127.42,1.2403333333333333,2021,9,September,3,4,1.12,1.24,1.24,1.26,1.24,1.24,4047.0,74929.0,4654.8,92911.96,1.2057142857142855,1.2285714285714289,0.0585540043768997,1.12,1.24,0.0,0.0,-11.111111111111104,-0.1399999999999999,12.500000000000014,1.2094023122043966,1.226629922304297,-0.0172276100999002,-0.0034208893637924,-0.0138067207361078,0.0342891692293202,1.3097102429690035,1.1532897570309966,0.1564204859380069,1.14
2021-09-27,MTNGH,1.26,0.64,1.12,1.12,1.14,1.14,0.02,8287504.0,9446980.12,1.2363333333333333,2021,9,September,3,0,1.12,1.24,1.24,1.24,1.12,1.24,67961.0,234754.0,76127.42,291094.96,1.1914285714285715,1.2214285714285715,0.0609449400219929,1.12,1.24,0.0178571428571425,0.0176995770994006,-8.064516129032265,-0.1,22.22222222222216,1.1987250334037205,1.2202128910224972,-0.0214878576187769,-0.0070342830147893,-0.0144535746039875,0.0386392094348124,1.3152818453054391,1.1387181546945604,0.1765636906108789,1.23
2021-09-28,MTNGH,1.26,0.64,1.14,1.14,1.24,1.23,0.09,272015.0,334309.4,1.2353333333333334,2021,9,September,3,1,1.14,1.12,1.24,1.24,1.12,1.24,8287504.0,4047.0,9446980.12,4654.8,1.19,1.2207142857142856,0.0597215762238847,1.12,1.24,0.0789473684210526,0.075985906977922,-0.8064516129032264,-0.01,48.14814814814815,1.203536566726225,1.220937862057868,-0.0174012953316429,-0.00910768547816,-0.0082936098534828,0.0383930070260968,1.314584887287368,1.1384151127126323,0.1761697745747357,1.23
2021-09-29,MTNGH,1.26,0.64,1.23,1.23,1.23,1.23,0.0,14015.0,17238.45,1.2343333333333333,2021,9,September,3,2,1.23,1.12,1.24,1.24,1.14,1.12,272015.0,67961.0,334309.4,76127.42,1.1885714285714286,1.2200000000000002,0.0584318895320382,1.12,1.24,0.0,0.0,-0.8064516129032264,-0.01,48.14814814814815,1.2076078641529595,1.221609131535063,-0.0140012673821032,-0.0100864018589486,-0.0039148655231545,0.038118086333751,1.313875510030754,1.1381244899692464,0.1757510200615075,1.24
2021-09-30,MTNGH,1.26,0.64,1.23,1.23,1.24,1.24,0.01,89428.0,110859.6,1.233666666666667,2021,9,September,3,3,1.23,1.14,1.12,1.24,1.23,1.12,14015.0,8287504.0,17238.45,9446980.12,1.1885714285714286,1.2185714285714284,0.0584318895320382,1.12,1.24,0.0081300813008129,0.0080972102326193,0.0,0.0,46.15384615384615,1.212591269667889,1.2229714180880211,-0.0103801484201322,-0.0101451511711854,-0.0002349972489468,0.0378274971446705,1.3138755100307538,1.1381244899692462,0.1757510200615075,1.24
2021-10-01,MTNGH,1.26,0.64,1.24,1.24,1.24,1.24,0.0,451304.0,558748.81,1.233,2021,10,October,4,4,1.24,1.23,1.12,1.24,1.23,1.14,89428.0,272015.0,110859.6,334309.4,1.1885714285714286,1.217142857142857,0.0584318895320382,1.12,1.24,0.0,0.0,0.0,0.0,46.15384615384615,1.2168079974112909,1.2242327945259457,-0.0074247971146548,-0.0096010803598792,0.0021762832452244,0.0375224070987313,1.3138755100307538,1.1381244899692462,0.1757510200615075,1.24
2021-10-04,MTNGH,1.26,0.64,1.24,1.24,1.24,1.24,0.0,75341.0,93422.84,1.2323333333333333,2021,10,October,4,0,1.24,1.23,1.14,1.12,1.24,1.23,451304.0,14015.0,558748.81,17238.45,1.2057142857142855,1.2157142857142855,0.0522357294250783,1.12,1.24,0.0,0.0,10.714285714285705,0.1199999999999998,46.15384615384615,1.220375997809554,1.225400735672172,-0.005024737862618,-0.008685811860427,0.003661073997809,0.0372024594416271,1.3138755100307538,1.1381244899692462,0.1757510200615075,1.24
2021-10-05,MTNGH,1.26,0.64,1.24,1.24,1.24,1.24,0.0,3820.0,4736.8,1.231666666666667,2021,10,October,4,1,1.24,1.24,1.23,1.12,1.24,1.23,75341.0,89428.0,93422.84,110859.6,1.2228571428571426,1.2142857142857142,0.0368394198806303,1.14,1.24,0.0,0.0,10.714285714285705,0.1199999999999998,46.15384615384615,1.2233950750696223,1.2264821626594185,-0.0030870875897959,-0.0075660670063008,0.0044789794165048,0.0368672673560031,1.3138755100307538,1.1381244899692462,0.1757510200615075,1.24
2021-10-06,MTNGH,1.26,0.64,1.24,1.24,1.24,1.24,0.0,9028.0,11194.72,1.231,2021,10,October,4,2,1.24,1.24,1.23,1.14,1.24,1.24,3820.0,451304.0,4736.8,558748.81,1.237142857142857,1.2142857142857142,0.0048795003645873,1.23,1.24,0.0,0.0,8.771929824561413,0.1,50.0,1.2259496789050652,1.227483483943906,-0.0015338050388407,-0.0063596146128087,0.004825809573968,0.0365164110484893,1.3138755100307538,1.1381244899692462,0.1757510200615075,1.24
2021-10-07,MTNGH,1.26,0.64,1.24,1.24,1.24,1.24,0.0,2668.0,3308.32,1.2303333333333333,2021,10,October,4,3,1.24,1.24,1.24,1.23,1.24,1.24,9028.0,75341.0,11194.72,93422.84,1.2385714285714289,1.2142857142857142,0.0037796447298912,1.23,1.24,0.0,0.0,0.8130081300813016,0.01,50.0,1.2281112667658245,1.2284106332813944,-0.0002993665155699,-0.005147564993361,0.004848198477791,0.0361494344242834,1.3138755100307538,1.1381244899692462,0.1757510200615075,1.23
2021-10-08,MTNGH,1.26,0.64,1.24,1.24,1.23,1.23,-0.01,926017.0,1140001.91,1.23,2021,10,October,4,4,1.24,1.24,1.24,1.23,1.24,1.24,2668.0,3820.0,3308.32,4736.8,1.2385714285714289,1.2135714285714283,0.0037796447298912,1.23,1.24,-0.0080645161290322,-0.0080972102326193,0.0,0.0,47.99999999999999,1.228401841109544,1.2285283641494391,-0.0001265230398954,-0.0041433566026679,0.0040168335627724,0.0361033000688612,1.3109443843112698,1.13805561568873,0.1728887686225397,1.23
2021-10-11,MTNGH,1.26,0.64,1.23,1.23,1.22,1.23,0.0,595180.0,730873.72,1.23,2021,10,October,4,0,1.23,1.24,1.24,1.24,1.24,1.24,926017.0,9028.0,1140001.91,11194.72,1.237142857142857,1.2128571428571429,0.0048795003645873,1.23,1.24,0.0,0.0,-0.8064516129032264,-0.01,47.99999999999999,1.2286477117080756,1.228637374212444,1.0337495631729254e-05,-0.0033126177830079,0.0033229552786397,0.0361033000688612,1.3078776208804357,1.1381223791195647,0.1697552417608707,1.21
2021-10-12,MTNGH,1.26,0.64,1.23,1.23,1.2,1.21,-0.02,53367.0,64459.67,1.229,2021,10,October,4,1,1.23,1.24,1.24,1.24,1.23,1.24,595180.0,2668.0,730873.72,3308.32,1.2328571428571429,1.2107142857142856,0.0111269728052161,1.21,1.24,-0.0162601626016259,-0.0163938097756763,-2.4193548387096797,-0.03,44.44444444444444,1.2257788329837562,1.227256827974485,-0.0014779949907288,-0.0029456932245521,0.0014676982338232,0.0362320109942826,1.3037181660330348,1.137281833966965,0.1664363320660697,1.2
2021-10-13,MTNGH,1.26,0.64,1.21,1.21,1.2,1.2,-0.01,92608.0,111129.6,1.227666666666667,2021,10,October,4,2,1.21,1.23,1.24,1.24,1.23,1.24,53367.0,926017.0,64459.67,1140001.91,1.227142857142857,1.2164285714285714,0.016035674514699,1.2,1.24,-0.0082644628099173,-0.008298802814695,-3.2258064516129057,-0.04,74.99999999999997,1.221812858678563,1.2252378036800786,-0.0034249450015155,-0.0030415435799448,-0.0003834014215707,0.0365478744448558,1.2990313953091663,1.1359686046908335,0.1630627906183326,1.2
2021-10-14,MTNGH,1.26,0.64,1.2,1.2,1.2,1.2,0.0,1966.0,2359.2,1.2263333333333333,2021,10,October,4,3,1.2,1.23,1.24,1.24,1.21,1.23,92608.0,595180.0,111129.6,730873.72,1.2214285714285715,1.2221428571428572,0.0177281052085167,1.2,1.24,0.0,0.0,-3.2258064516129057,-0.04,74.99999999999997,1.2184570342664764,1.2233683367408137,-0.004911302474337,-0.0034154953588232,-0.0014958071155137,0.0368111052708897,1.296669089268258,1.134330910731742,0.1623381785365159,1.2
2021-10-15,MTNGH,1.26,0.64,1.2,1.2,1.2,1.2,0.0,3699412.0,4439294.4,1.225,2021,10,October,4,4,1.2,1.21,1.23,1.24,1.2,1.23,1966.0,53367.0,2359.2,64459.67,1.2157142857142855,1.2264285714285712,0.0171824938596419,1.2,1.24,0.0,0.0,-3.2258064516129057,-0.04,71.42857142857143,1.2156174905331725,1.2216373488340864,-0.0060198583009138,-0.0039363679472414,-0.0020834903536724,0.0370228261370275,1.2940964606771972,1.1329035393228029,0.1611929213543943,1.2
2021-10-18,MTNGH,1.26,0.64,1.2,1.2,1.2,1.2,0.0,32766.0,39319.2,1.2236666666666665,2021,10,October,4,0,1.2,1.2,1.23,1.24,1.2,1.21,3699412.0,92608.0,4439294.4,111129.6,1.2099999999999995,1.2242857142857144,0.0141421356236798,1.2,1.23,0.0,0.0,-3.2258064516129057,-0.04,20.0,1.2132147996819151,1.2200345822537837,-0.0068197825718685,-0.0045130508721668,-0.0023067316997017,0.0371839169287082,1.2913089824782724,1.1316910175217272,0.1596179649565452,1.2
2021-10-19,MTNGH,1.26,0.64,1.2,1.2,1.2,1.2,0.0,345734.0,414880.8,1.2223333333333335,2021,10,October,4,1,1.2,1.2,1.21,1.23,1.2,1.2,32766.0,1966.0,39319.2,2359.2,1.2057142857142855,1.2221428571428572,0.0113389341902135,1.2,1.23,0.0,0.0,-2.4390243902439046,-0.03,20.0,1.211181753577005,1.2185505391238738,-0.0073687855468687,-0.0050841978071072,-0.0022845877397614,0.0372950337207253,1.2883002137320525,1.1306997862679475,0.1576004274641049,1.2
2021-10-20,MTNGH,1.26,0.64,1.2,1.2,1.2,1.2,0.0,7493.0,8991.6,1.221,2021,10,October,4,2,1.2,1.2,1.2,1.23,1.2,1.2,345734.0,3699412.0,414880.8,4439294.4,1.2014285714285715,1.2192857142857143,0.003779644729904,1.2,1.21,0.0,0.0,-2.4390243902439046,-0.03,0.0,1.2094614837959274,1.217176425114698,-0.0077149413187704,-0.0056103465094398,-0.0021045948093306,0.0373566224567942,1.2850615205736116,1.1299384794263885,0.155123041147223,1.2
2021-10-21,MTNGH,1.26,0.64,1.2,1.2,1.2,1.2,0.0,6357257.0,7628708.0,1.2196666666666665,2021,10,October,4,3,1.2,1.2,1.2,1.21,1.2,1.2,7493.0,32766.0,8991.6,39319.2,1.2,1.2164285714285714,0.0,1.2,1.2,0.0,0.0,-0.8264462809917362,-0.01,0.0,1.2080058709042465,1.215904097328424,-0.0078982264241775,-0.0060679224923874,-0.0018303039317901,0.0373689280232835,1.277442558735905,1.145557441264095,0.1318851174718101,1.2
2021-10-22,MTNGH,1.26,0.64,1.2,1.2,1.2,1.2,0.0,27660.0,33192.0,1.217666666666667,2021,10,October,4,4,1.2,1.2,1.2,1.2,1.2,1.2,6357257.0,345734.0,7628708.0,414880.8,1.2,1.2135714285714283,0.0,1.2,1.2,0.0,0.0,0.0,0.0,0.0,1.2067741984574392,1.2147260160448368,-0.0079518175873976,-0.0064447015113894,-0.0015071160760081,0.0367360889301678,1.265961032386194,1.165038967613806,0.100922064772388,1.2
2021-10-25,MTNGH,1.26,0.64,1.2,1.2,1.2,1.2,0.0,319886.0,383863.2,1.215666666666667,2021,10,October,4,0,1.2,1.2,1.2,1.2,1.2,1.2,27660.0,7493.0,33192.0,8991.6,1.2,1.2107142857142856,0.0,1.2,1.2,0.0,0.0,0.0,0.0,0.0,1.2057320140793717,1.2136352000415154,-0.0079031859621436,-0.0067363984015402,-0.0011667875606033,0.035977323637148,1.255363903325991,1.181636096674009,0.0737278066519819,1.2
2021-10-26,MTNGH,1.26,0.64,1.2,1.2,1.2,1.2,0.0,249410.0,299292.0,1.2136666666666664,2021,10,October,4,1,1.2,1.2,1.2,1.2,1.2,1.2,319886.0,6357257.0,383863.2,7628708.0,1.2,1.207857142857143,0.0,1.2,1.2,0.0,0.0,0.0,0.0,0.0,1.2048501657594684,1.2126251852236252,-0.0077750194641568,-0.0069441226140635,-0.0008308968500932,0.035084462946296,1.2543320801795614,1.1796679198204385,0.0746641603591231,1.2
2021-10-27,MTNGH,1.26,0.64,1.2,1.2,1.2,1.2,0.0,26090.0,31308.0,1.211666666666667,2021,10,October,4,2,1.2,1.2,1.2,1.2,1.2,1.2,249410.0,27660.0,299292.0,33192.0,1.2,1.2049999999999998,0.0,1.2,1.2,0.0,0.0,0.0,0.0,0.0,1.204103986411858,1.2116899863181714,-0.0075859999063134,-0.0070724980725135,-0.0005135018337999,0.0340469587819379,1.2530429578512052,1.1779570421487948,0.0750859157024104,1.24
2021-10-28,MTNGH,1.26,0.64,1.2,1.2,1.24,1.24,0.04,495505.0,612106.0,1.2116666666666664,2021,10,October,4,3,1.2,1.2,1.2,1.2,1.2,1.2,26090.0,319886.0,31308.0,383863.2,1.2057142857142855,1.2057142857142855,0.0151185789203215,1.2,1.24,0.0333333333333334,0.0327898228229909,3.3333333333333366,0.04,57.142857142857146,1.209626450040803,1.2137870243686772,-0.0041605743278743,-0.0064901133235857,0.0023295389957114,0.0340469587819379,1.2530429578512052,1.1779570421487948,0.0750859157024104,1.21
2021-10-29,MTNGH,1.26,0.64,1.24,1.24,1.21,1.21,-0.03,71217.0,86226.18,1.2106666666666668,2021,10,October,4,4,1.24,1.2,1.2,1.2,1.2,1.2,495505.0,249410.0,612106.0,299292.0,1.207142857142857,1.2042857142857142,0.0149602648308137,1.2,1.24,-0.0241935483870967,-0.0244910200082957,0.8333333333333341,0.01,40.0,1.2096839192652948,1.2135065040450717,-0.0038225847797768,-0.0059566076148239,0.0021340228350471,0.0336240198763296,1.2497770876400915,1.1782229123599084,0.0715541752801831,1.21
2021-11-01,MTNGH,1.26,0.64,1.21,1.24,1.21,1.21,0.0,31604.0,38240.84,1.209666666666667,2021,11,November,4,0,1.21,1.2,1.2,1.2,1.24,1.2,71217.0,26090.0,86226.18,31308.0,1.2085714285714284,1.2042857142857142,0.0146385010941786,1.2,1.24,0.0,0.0,0.8333333333333341,0.01,50.0,1.209732547070634,1.213246763004696,-0.0035142159340622,-0.0054681292786715,0.0019539133446093,0.0331645150344671,1.2461389498554152,1.1788610501445846,0.0672778997108305,1.21
2021-11-02,MTNGH,1.26,0.64,1.21,1.24,1.21,1.21,0.0,21810.0,26390.1,1.2086666666666666,2021,11,November,4,1,1.21,1.24,1.2,1.2,1.24,1.2,31604.0,495505.0,38240.84,612106.0,1.2100000000000002,1.205,0.0141421356236796,1.2,1.24,0.0,0.0,0.8333333333333341,0.01,57.142857142857146,1.2097736936751518,1.2130062620413855,-0.0032325683662337,-0.005021017096184,0.0017884487299502,0.0326669012424156,1.2420517395055808,1.179948260494419,0.0621034790111618,1.27
2021-11-03,MTNGH,1.27,0.64,1.21,1.24,1.27,1.27,0.06,655680.0,830339.4,1.209666666666667,2021,11,November,4,2,1.21,1.21,1.2,1.2,1.24,1.24,21810.0,71217.0,26390.1,86226.18,1.22,1.2100000000000002,0.0258198889746873,1.2,1.27,0.0495867768595041,0.0483965408618502,5.833333333333339,0.07,76.92307692307693,1.21903927926359,1.2172280204086905,0.0018112588548997,-0.0036545619059672,0.005465820760867,0.0340874467067956,1.2513654900367432,1.1736345099632566,0.0777309800734866,1.27
2021-11-04,MTNGH,1.27,0.64,1.27,1.27,1.27,1.27,0.0,7410.0,9410.7,1.2146666666666666,2021,11,November,4,3,1.27,1.21,1.24,1.2,1.24,1.24,655680.0,31604.0,830339.4,38240.84,1.23,1.215,0.0299999999999746,1.2,1.27,0.0,0.0,5.833333333333339,0.07,76.92307692307693,1.2268793901461148,1.2211370559339725,0.0057423342121423,-0.0017751826823453,0.0075175168944876,0.0313746365093222,1.259143047491822,1.168856952508178,0.0902860949836439,1.27
2021-11-05,MTNGH,1.27,0.64,1.27,1.27,1.27,1.27,0.0,871.0,1106.17,1.219666666666667,2021,11,November,4,4,1.27,1.21,1.21,1.2,1.27,1.24,7410.0,21810.0,9410.7,26390.1,1.24,1.22,0.029999999999974,1.21,1.27,0.0,0.0,5.833333333333339,0.07,76.92307692307693,1.2335133301236356,1.2247565332721966,0.008756796851439,0.0003312132244115,0.0084255836270275,0.0274783091049016,1.267257862041442,1.164742137958558,0.1025157240828842,1.3
2021-11-08,MTNGH,1.3,0.64,1.27,1.27,1.3,1.3,0.03,1474964.0,1916104.28,1.225,2021,11,November,4,0,1.27,1.27,1.21,1.24,1.27,1.24,871.0,655680.0,1106.17,830339.4,1.2485714285714289,1.227142857142857,0.0376069902316594,1.21,1.3,0.0236220472440944,0.0233473639969911,4.838709677419359,0.06,81.25,1.2437420485661532,1.230330123400182,0.0134119251659712,0.0029473556127234,0.0104645695532477,0.0270057465149132,1.2829034699366448,1.1560965300633552,0.1268069398732896,1.27
2021-11-09,MTNGH,1.3,0.64,1.3,1.3,1.26,1.27,-0.03,898280.0,1140726.87,1.2263333333333333,2021,11,November,4,1,1.3,1.27,1.21,1.21,1.27,1.27,1474964.0,7410.0,1916104.28,9410.7,1.2571428571428571,1.2321428571428572,0.0340168025708066,1.21,1.3,-0.0230769230769231,-0.0233473639969911,4.958677685950417,0.06,68.42105263157895,1.2477817334021295,1.2332686327779463,0.0145131006241834,0.0052605046150154,0.0092525960091679,0.0282212115545977,1.289582039325047,1.1554179606749528,0.1341640786500941,1.29
2021-11-10,MTNGH,1.3,0.64,1.27,1.27,1.3,1.29,0.02,233805.0,300485.15,1.2283333333333333,2021,11,November,4,2,1.27,1.27,1.27,1.21,1.3,1.27,898280.0,871.0,1140726.87,1106.17,1.2685714285714285,1.2385714285714289,0.0285356919363111,1.21,1.3,0.0157480314960629,0.0156253179030808,6.61157024793389,0.08,71.42857142857143,1.2542768513402636,1.2374709562758763,0.0168058950643872,0.0075695827048898,0.0092363123594974,0.0305222737587235,1.2995766382595666,1.1544233617404331,0.1451532765191334,1.3
2021-11-11,MTNGH,1.3,0.64,1.29,1.29,1.3,1.3,0.01,1260255.0,1634322.7,1.2303333333333333,2021,11,November,4,3,1.29,1.3,1.27,1.21,1.27,1.27,233805.0,1474964.0,300485.15,1916104.28,1.2814285714285716,1.2457142857142858,0.0146385010941695,1.27,1.3,0.0077519379844961,0.0077220460939103,7.438016528925627,0.09,72.72727272727273,1.2613111819032998,1.2421027372924782,0.0192084446108216,0.0098973550860761,0.0093110895247454,0.0331645150344677,1.3102976775887831,1.1537023224112168,0.1565953551775663,1.3
2021-11-12,MTNGH,1.3,0.64,1.3,1.3,1.3,1.3,0.0,14656.0,19052.8,1.2323333333333335,2021,11,November,4,4,1.3,1.27,1.27,1.27,1.29,1.3,1260255.0,898280.0,1634322.7,1140726.87,1.2857142857142858,1.252857142857143,0.0151185789203118,1.27,1.3,0.0,0.0,2.362204724409451,0.03,72.72727272727273,1.2672633077643305,1.2463914234189613,0.0208718843453692,0.0120922609379347,0.0087796234074344,0.0354948595922203,1.3193599289384386,1.1546400710615616,0.1647198578768769,1.32
2021-11-15,MTNGH,1.32,0.64,1.3,1.3,1.32,1.32,0.02,2308250.0,3046790.02,1.235,2021,11,November,4,0,1.3,1.29,1.3,1.27,1.3,1.27,14656.0,233805.0,19052.8,300485.15,1.292857142857143,1.2614285714285711,0.0179947082167998,1.27,1.32,0.0153846153846153,0.0152674721307883,3.9370078740157513,0.05,75.0,1.2753766450313566,1.2518439105731125,0.0235327344582443,0.0143803556419966,0.0091523788162476,0.0389296447630785,1.331281845305444,1.1547181546945555,0.1765636906108882,1.33
2021-11-16,MTNGH,1.33,0.64,1.32,1.32,1.35,1.33,0.01,14841.0,19711.5,1.238,2021,11,November,4,1,1.32,1.3,1.27,1.27,1.3,1.29,2308250.0,1260255.0,3046790.02,1634322.7,1.3014285714285714,1.2707142857142857,0.0195180014589246,1.27,1.33,0.0075757575757575,0.0075472056353829,4.724409448818902,0.06,76.0,1.2837802381034555,1.2576332505306596,0.0261469875727959,0.0167336820281565,0.0094133055446394,0.0426210244379239,1.3434148550550356,1.155585144944964,0.1878297101100714,1.32
2021-11-17,MTNGH,1.33,0.64,1.33,1.33,1.32,1.32,-0.01,678224.0,895418.97,1.2406666666666666,2021,11,November,4,2,1.33,1.3,1.29,1.3,1.32,1.3,14841.0,14656.0,19711.5,19052.8,1.3042857142857145,1.2764285714285717,0.0207019667802269,1.27,1.33,-0.0075187969924812,-0.0075472056353829,1.5384615384615397,0.02,68.18181818181819,1.2893525091644624,1.2622530097506106,0.0270994994138518,0.0188068455052956,0.0082926539085562,0.0451765374971353,1.3514111430879108,1.1595888569120891,0.1918222861758214,1.32
2021-11-18,MTNGH,1.33,0.64,1.32,1.32,1.32,1.32,0.0,1965.0,2593.8,1.2433333333333334,2021,11,November,4,3,1.32,1.32,1.3,1.27,1.33,1.3,678224.0,2308250.0,895418.97,3046790.02,1.3114285714285714,1.2842857142857145,0.014638501094165,1.29,1.33,0.0,0.0,3.9370078740157513,0.05,78.94736842105263,1.2940675077545452,1.266530564583899,0.0275369431706464,0.0205528650383657,0.0069840781322806,0.0474402225189118,1.3578054351639313,1.1651945648360689,0.1926108703278624,1.24
2021-11-22,MTNGH,1.33,0.64,1.25,1.25,1.23,1.24,-0.01,3910922.0,4849444.5,1.2436666666666665,2021,11,November,4,0,1.32,1.33,1.3,1.29,1.32,1.32,1965.0,14841.0,2593.8,19711.5,1.3042857142857145,1.2864285714285717,0.0304724700109724,1.24,1.33,-0.0606060606060606,-0.062520356981334,-3.875968992248065,-0.05,55.55555555555556,1.2857494296384613,1.264565337577684,0.0211840920607773,0.020679110442848,0.0005049816179292,0.0473783984921224,1.3560145792209533,1.1709854207790469,0.1850291584419063,1.2
2021-11-23,MTNGH,1.33,0.64,1.24,1.24,1.2,1.2,-0.04,3244125.0,3892969.59,1.2426666666666668,2021,11,November,4,1,1.24,1.32,1.32,1.3,1.25,1.33,3910922.0,678224.0,4849444.5,895418.97,1.2900000000000005,1.2857142857142858,0.0499999999999824,1.2,1.33,-0.0322580645161291,-0.0327898228229909,-7.692307692307699,-0.1,48.38709677419355,1.2725572096940827,1.259782719979337,0.0127744897147457,0.0190981862972276,-0.0063236965824819,0.0479894624448671,1.3560145792209533,1.1709854207790469,0.1850291584419063,1.2
2021-11-24,MTNGH,1.33,0.64,1.2,1.2,1.08,1.2,0.0,440228.0,527433.6,1.2423333333333335,2021,11,November,4,2,1.2,1.32,1.33,1.3,1.24,1.32,3244125.0,1965.0,3892969.59,2593.8,1.2757142857142856,1.2807142857142857,0.0599603043290841,1.2,1.33,0.0,0.0,-7.692307692307699,-0.1,36.0,1.2613945620488392,1.255354370351238,0.0060401916976011,0.0164865873773023,-0.0104463956797011,0.048258165886333,1.3560145792209533,1.1709854207790469,0.1850291584419063,1.2
2021-11-25,MTNGH,1.33,0.64,1.2,1.2,1.08,1.2,0.0,2050778.0,2460923.6,1.2423333333333333,2021,11,November,4,3,1.2,1.24,1.32,1.32,1.2,1.25,440228.0,3910922.0,527433.6,4849444.5,1.258571428571429,1.2757142857142856,0.062297290317884,1.2,1.33,0.0,0.0,-9.0909090909091,-0.1200000000000001,36.0,1.2519492448105562,1.2512540466215163,0.0006951981890397,0.0133283095396498,-0.01263311135061,0.048258165886333,1.3560145792209533,1.1709854207790469,0.1850291584419063,1.2
2021-11-26,MTNGH,1.33,0.64,1.2,1.2,1.2,1.2,0.0,12341.0,14809.2,1.2423333333333335,2021,11,November,4,4,1.2,1.2,1.32,1.33,1.2,1.24,2050778.0,3244125.0,2460923.6,3892969.59,1.24,1.2707142857142857,0.0565685424949096,1.2,1.32,0.0,0.0,-9.774436090225572,-0.1300000000000001,36.0,1.2439570533012398,1.247457450575478,-0.0035003972742382,0.0099625681768722,-0.0134629654511104,0.048258165886333,1.3578054351639313,1.1651945648360689,0.1926108703278624,1.2
2021-11-29,MTNGH,1.33,0.64,1.2,1.2,1.2,1.2,0.0,0.0,0.0,1.2423333333333333,2021,11,November,4,0,1.2,1.2,1.24,1.32,1.2,1.2,12341.0,440228.0,14809.2,527433.6,1.2228571428571426,1.2635714285714283,0.0453557367610901,1.2,1.32,0.0,0.0,-9.0909090909091,-0.1200000000000001,27.272727272727263,1.2371944297164337,1.2439420838661832,-0.0067476541497495,0.0066205237115478,-0.0133681778612973,0.048258165886333,1.3585273241065152,1.1634726758934846,0.1950546482130306,1.2
2021-11-30,MTNGH,1.33,0.64,1.2,1.2,1.2,1.2,0.0,868940.0,1042728.0,1.2423333333333335,2021,11,November,4,1,1.2,1.2,1.2,1.32,1.2,1.2,0.0,2050778.0,0.0,2460923.6,1.2057142857142855,1.258571428571429,0.0151185789203195,1.2,1.24,0.0,0.0,-9.0909090909091,-0.1200000000000001,31.57894736842105,1.2314722097600592,1.2406871146909102,-0.0092149049308509,0.003453437983068,-0.012668342913919,0.048258165886333,1.3592234308028368,1.161776569197163,0.1974468616056737,1.18
2021-12-01,MTNGH,1.33,0.64,1.2,1.2,1.18,1.18,-0.02,26898.0,31739.64,1.2416666666666667,2021,12,December,4,2,1.2,1.2,1.2,1.24,1.2,1.2,868940.0,12341.0,1042728.0,14809.2,1.197142857142857,1.250714285714286,0.0075592894600872,1.18,1.2,-0.0166666666666667,-0.0168071183163812,-4.838709677419359,-0.06,21.05263157894737,1.2235534082585118,1.2361917728619538,-0.012638364603442,0.000235077465766,-0.012873442069208,0.0489956601409131,1.3617823454019442,1.1562176545980556,0.2055646908038886,1.18
2021-12-02,MTNGH,1.33,0.64,1.18,1.18,1.18,1.18,0.0,14402.0,16994.36,1.241,2021,12,December,4,3,1.18,1.2,1.2,1.2,1.2,1.2,26898.0,0.0,31739.64,0.0,1.1942857142857142,1.2421428571428572,0.0097590007294104,1.18,1.2,0.0,0.0,-1.6666666666666683,-0.02,16.666666666666657,1.2168528839110486,1.232029419316624,-0.0151765354055752,-0.0028472451085022,-0.012329290297073,0.0497129692368602,1.3629775019119688,1.1460224980880311,0.2169550038239376,1.18
2021-12-06,MTNGH,1.33,0.64,1.18,1.18,1.18,1.18,0.0,15559.0,18359.62,1.2403333333333333,2021,12,December,4,0,1.18,1.2,1.2,1.2,1.18,1.2,14402.0,868940.0,16994.36,1042728.0,1.1914285714285715,1.2335714285714283,0.0106904496764289,1.18,1.2,0.0,0.0,-1.6666666666666683,-0.02,16.666666666666657,1.211183209463195,1.2281753882561333,-0.0169921787929383,-0.0056762318453894,-0.0113159469475489,0.0504109548393628,1.3631370849898847,1.1368629150101153,0.2262741699797694,1.16
2021-12-07,MTNGH,1.33,0.64,1.18,1.18,1.15,1.16,-0.02,8211290.0,9524986.2,1.239,2021,12,December,4,1,1.18,1.18,1.2,1.2,1.18,1.2,15559.0,26898.0,18359.62,31739.64,1.1857142857142855,1.2221428571428572,0.0151185789203215,1.16,1.2,-0.0169491525423729,-0.0170944333593001,-3.3333333333333366,-0.04,5.555555555555557,1.2033088695457803,1.2231253594964198,-0.0198164899506394,-0.0085042834664394,-0.0113122064842,0.0520179014279286,1.3640561968721592,1.1249438031278407,0.2391123937443184,1.15
2021-12-08,MTNGH,1.33,0.64,1.16,1.16,1.15,1.15,-0.01,65126.0,74884.9,1.2373333333333334,2021,12,December,4,2,1.16,1.18,1.2,1.2,1.18,1.18,8211290.0,14402.0,9524986.2,16994.36,1.1785714285714286,1.2092857142857143,0.018644544714678,1.15,1.2,-0.0086206896551723,-0.0086580627431145,-4.166666666666671,-0.05,0.0,1.1951075050002755,1.2177086662003886,-0.0226011612001129,-0.0113236590131741,-0.0112775021869387,0.0540710473443942,1.36064635478913,1.11335364521087,0.24729270957826,1.15
2021-12-09,MTNGH,1.33,0.64,1.15,1.15,1.15,1.15,0.0,23289.0,26782.35,1.2356666666666667,2021,12,December,4,3,1.15,1.18,1.18,1.2,1.16,1.18,65126.0,15559.0,74884.9,18359.62,1.1714285714285713,1.1971428571428573,0.0186445447146786,1.15,1.2,0.0,0.0,-4.166666666666671,-0.05,0.0,1.1881678888463871,1.2126932094448044,-0.0245253205984172,-0.0139639913302227,-0.0105613292681945,0.0559977421548133,1.359456423084198,1.1025435769158016,0.2569128461683965,1.16
2021-12-10,MTNGH,1.33,0.64,1.15,1.15,1.15,1.16,0.01,1838620.0,2132768.2,1.234333333333333,2021,12,December,4,4,1.15,1.16,1.18,1.2,1.15,1.18,23289.0,8211290.0,26782.35,9524986.2,1.1657142857142857,1.1857142857142855,0.013972762620066,1.15,1.18,0.0086956521739129,0.0086580627431145,-3.3333333333333366,-0.04,5.555555555555557,1.1838343674854044,1.2087900087451893,-0.0249556412597848,-0.0161623213161351,-0.0087933199436497,0.0573364741187316,1.3535409971573984,1.0954590028426014,0.2580819943147969,1.16
2021-12-13,MTNGH,1.33,0.64,1.16,1.16,1.16,1.16,0.0,157217.0,182310.78,1.231666666666667,2021,12,December,4,0,1.16,1.15,1.18,1.18,1.15,1.16,1838620.0,65126.0,2132768.2,74884.9,1.1628571428571426,1.18,0.0125356634105053,1.15,1.18,0.0,0.0,-1.6949152542372898,-0.02,10.0,1.180167541718419,1.2051759340233237,-0.0250083923049044,-0.017931535513889,-0.0070768567910154,0.058902803243014,1.3444687072927255,1.090531292707274,0.2539374145854518,1.16
2021-12-14,MTNGH,1.33,0.64,1.16,1.16,1.16,1.16,0.0,1674065.0,1940738.5,1.23,2021,12,December,4,1,1.16,1.15,1.16,1.18,1.16,1.15,157217.0,23289.0,182310.78,26782.35,1.16,1.1771428571428573,0.0099999999999317,1.15,1.18,0.0,0.0,-1.6949152542372898,-0.02,16.666666666666657,1.1770648429925084,1.2018295685401144,-0.024764725547606,-0.0192981735206324,-0.0054665520269735,0.060229446343933,1.3336985987617098,1.08730140123829,0.2463971975234198,1.16
2021-12-15,MTNGH,1.33,0.64,1.16,1.16,1.16,1.16,0.0,1391211.0,1613725.17,1.2283333333333333,2021,12,December,4,2,1.16,1.16,1.15,1.18,1.16,1.15,1674065.0,1838620.0,1940738.5,2132768.2,1.157142857142857,1.1742857142857142,0.0048795003646034,1.15,1.16,0.0,0.0,-1.6949152542372898,-0.02,16.666666666666657,1.1744394825321225,1.1987310819815875,-0.0242915994494652,-0.020296858706399,-0.0039947407430662,0.0614807698184678,1.316170808176881,1.0888291918231192,0.2273416163537618,1.15
2021-12-16,MTNGH,1.33,0.64,1.16,1.16,1.14,1.15,-0.01,30639.0,35235.53,1.2263333333333333,2021,12,December,4,3,1.16,1.16,1.15,1.16,1.16,1.16,1391211.0,157217.0,1613725.17,182310.78,1.1557142857142857,1.1707142857142858,0.0053452248381217,1.15,1.16,-0.0086206896551723,-0.0086580627431145,-0.8620689655172422,-0.01,14.285714285714292,1.170679562142565,1.1951213722051737,-0.0244418100626087,-0.0211258489776409,-0.0033159610849677,0.0630535258842591,1.292180771869944,1.0948192281300555,0.1973615437398885,1.16
2021-12-17,MTNGH,1.33,0.64,1.15,1.15,1.16,1.16,0.01,5711628.0,6623531.68,1.2226666666666663,2021,12,December,4,4,1.15,1.16,1.16,1.15,1.16,1.16,30639.0,1674065.0,35235.53,1940738.5,1.157142857142857,1.1678571428571427,0.0048795003646033,1.15,1.16,0.0086956521739129,0.0086580627431145,0.8695652173913052,0.01,25.00000000000001,1.1690365525821704,1.1925197890788646,-0.0234832364966941,-0.0215973264814515,-0.0018859100152425,0.0636224495909593,1.2650976725394008,1.1059023274605988,0.1591953450788019,1.16
2021-12-20,MTNGH,1.33,0.64,1.16,1.16,1.16,1.16,0.0,2430.0,2803.0,1.219,2021,12,December,4,0,1.16,1.16,1.16,1.15,1.15,1.16,5711628.0,1391211.0,6623531.68,1613725.17,1.1585714285714286,1.1649999999999998,0.0037796447299118,1.15,1.16,0.0,0.0,0.8695652173913052,0.01,25.00000000000001,1.1676463137233748,1.1901109158137635,-0.0224646020903886,-0.021770781603239,-0.0006938204871496,0.0639692814209865,1.2264360484930117,1.128563951506988,0.0978720969860234,1.16
2021-12-21,MTNGH,1.33,0.64,1.16,1.16,1.16,1.16,0.0,59411.0,68759.01,1.2153333333333332,2021,12,December,4,1,1.16,1.15,1.16,1.16,1.16,1.16,2430.0,30639.0,2803.0,35235.53,1.1585714285714286,1.1621428571428571,0.0037796447299118,1.15,1.16,0.0,0.0,0.0,0.0,25.00000000000001,1.1664699577659323,1.1878804776053369,-0.0214105198394041,-0.021698729250472,0.0002882094110679,0.0640976266887203,1.213116583449554,1.133883416550446,0.0792331668991077,1.13
2021-12-22,MTNGH,1.33,0.64,1.16,1.16,1.13,1.13,-0.03,797169.0,900806.27,1.209666666666667,2021,12,December,4,2,1.16,1.16,1.16,1.16,1.16,1.15,59411.0,5711628.0,68759.01,6623531.68,1.154285714285714,1.1585714285714286,0.0113389341902171,1.13,1.16,-0.0258620689655172,-0.026202372394024,-2.5862068965517264,-0.03,22.22222222222221,1.160859195032712,1.183593034819756,-0.022733839787044,-0.0219057513577864,-0.0008280884292575,0.0638685791473315,1.2120525986430846,1.1279474013569153,0.0841051972861692,1.13
2021-12-23,MTNGH,1.33,0.64,1.13,1.13,1.13,1.13,0.0,3003700.0,3394171.0,1.2049999999999998,2021,12,December,4,3,1.13,1.16,1.15,1.16,1.16,1.16,797169.0,2430.0,900806.27,2803.0,1.15,1.1549999999999998,0.0141421356236835,1.13,1.16,0.0,0.0,-2.5862068965517264,-0.03,22.22222222222221,1.1561116265661409,1.179623180388663,-0.0235115538225221,-0.0222269118507335,-0.0012846419717885,0.0644204936336263,1.209676504331875,1.1233234956681248,0.08635300866375,1.13
2021-12-24,MTNGH,1.33,0.64,1.13,1.13,1.13,1.13,0.0,9839.0,11098.91,1.1996666666666664,2021,12,December,4,4,1.13,1.16,1.16,1.16,1.13,1.16,3003700.0,59411.0,3394171.0,68759.01,1.1457142857142857,1.1514285714285712,0.015118578920325,1.13,1.16,0.0,0.0,-2.5862068965517264,-0.03,22.22222222222221,1.152094453248273,1.175947389248762,-0.0238529360004888,-0.0225521166806846,-0.0013008193198042,0.0637605073603609,1.206091090787628,1.1199089092123715,0.0861821815752565,1.13
2021-12-29,MTNGH,1.33,0.64,1.13,1.13,1.13,1.13,0.0,4313163.0,4873815.89,1.194,2021,12,December,4,2,1.13,1.13,1.16,1.15,1.13,1.16,9839.0,797169.0,11098.91,900806.27,1.1428571428571428,1.149285714285714,0.0160356745147042,1.13,1.16,0.0,0.0,-1.7391304347826104,-0.02,28.57142857142857,1.1486953065946923,1.1725438789340388,-0.0238485723393462,-0.0228114078124169,-0.0010371645269292,0.0620678160813114,1.2012889433879106,1.1177110566120894,0.0835778867758212,1.12
2021-12-30,MTNGH,1.33,0.64,1.13,1.13,1.12,1.12,-0.01,3273.0,3668.78,1.1879999999999995,2021,12,December,4,3,1.13,1.13,1.16,1.16,1.13,1.13,4313163.0,3003700.0,4873815.89,3394171.0,1.1371428571428572,1.147142857142857,0.0160356745147046,1.12,1.16,-0.0088495575221236,-0.0088889474172458,-3.4482758620689493,-0.0399999999999998,28.57142857142865,1.1442806440416629,1.1686517397537397,-0.0243710957120766,-0.0231233453923488,-0.0012477503197277,0.0601377728564831,1.1962689252147027,1.1147310747852972,0.0815378504294055,1.11
2021-12-31,MTNGH,1.33,0.64,1.12,1.12,1.12,1.11,-0.01,83092.0,92596.49,1.1809999999999998,2021,12,December,4,4,1.12,1.13,1.13,1.16,1.13,1.13,3273.0,9839.0,3668.78,11098.91,1.13,1.1442857142857144,0.0152752523164771,1.11,1.16,-0.0089285714285713,-0.0089686699827603,-4.310344827586192,-0.0499999999999998,25.00000000000007,1.1390066988044838,1.1643071664386475,-0.0253004676341639,-0.0235587698407118,-0.001741697793452,0.0563456084021364,1.1909473337494274,1.1110526662505726,0.0798946674988547,1.06
2022-01-04,MTNGH,1.11,1.06,1.11,1.11,1.07,1.06,-0.05,19610289.0,20851563.22,1.172,2022,1,January,1,1,1.11,1.13,1.13,1.16,1.12,1.13,83092.0,4313163.0,92596.49,4873815.89,1.1157142857142857,1.1371428571428572,0.0257275098270995,1.06,1.13,-0.045045045045045,-0.0460911072002669,-8.620689655172404,-0.0999999999999998,8.333333333333343,1.1268518220653323,1.1565807096654146,-0.029728887600082,-0.0247927933925859,-0.0049360942074961,0.053200985212552,1.199868263283916,1.090131736716084,0.1097365265678318,1.07
2022-01-05,MTNGH,1.11,1.06,1.06,1.06,1.07,1.07,0.01,2239165.0,2395906.55,1.1636666666666666,2022,1,January,1,2,1.06,1.12,1.13,1.13,1.11,1.13,19610289.0,3273.0,20851563.22,3668.78,1.1071428571428572,1.1307142857142856,0.0298408476835855,1.06,1.13,0.009433962264151,0.0093897403498391,-5.309734513274321,-0.0599999999999998,15.3846153846154,1.118105387901435,1.1501673237642729,-0.0320619358628375,-0.0262466218866362,-0.0058153139762013,0.0485999385080727,1.2012209339220812,1.0777790660779187,0.1234418678441624,1.07
2022-01-06,MTNGH,1.11,1.06,1.07,1.07,1.07,1.07,0.0,2965288.0,3172858.16,1.155333333333333,2022,1,January,1,3,1.07,1.11,1.13,1.13,1.06,1.12,2239165.0,83092.0,2395906.55,92596.49,1.0985714285714283,1.124285714285714,0.0307834216359688,1.06,1.13,0.0,0.0,-5.309734513274321,-0.0599999999999998,15.3846153846154,1.1107045589935225,1.144229003485438,-0.0335244444919156,-0.0277021864076921,-0.0058222580842234,0.0418316274781556,1.1999824538080348,1.068017546191965,0.1319649076160698,1.03
2022-01-10,MTNGH,1.11,1.06,1.07,1.07,1.0,1.03,-0.04,40982.0,43080.74,1.1483333333333334,2022,1,January,1,0,1.07,1.06,1.12,1.13,1.07,1.11,2965288.0,19610289.0,3172858.16,20851563.22,1.0842857142857143,1.115,0.0364495737776213,1.03,1.13,-0.0373831775700934,-0.0380998462322704,-8.849557522123883,-0.0999999999999998,11.764705882352956,1.0982884729945188,1.13576759581985,-0.037479122825331,-0.0296575736912199,-0.0078215491341111,0.0446506232982187,1.206938821213512,1.0480611787864875,0.1588776424270244,1.03
2022-01-11,MTNGH,1.11,1.06,1.03,1.03,1.03,1.03,0.0,48235.0,49682.05,1.1426666666666667,2022,1,January,1,1,1.03,1.07,1.11,1.13,1.07,1.06,40982.0,2239165.0,43080.74,2395906.55,1.07,1.1064285714285715,0.0351188458428264,1.03,1.12,0.0,0.0,-8.849557522123883,-0.0999999999999998,12.500000000000014,1.0877825540722852,1.1279329590924536,-0.0401504050201684,-0.0317561399570096,-0.0083942650631588,0.0484898377788167,1.211242321178633,1.031757678821367,0.179484642357266,1.06
2022-01-12,MTNGH,1.11,1.06,1.03,1.03,1.06,1.06,0.03,3526.0,3737.26,1.1379999999999997,2022,1,January,1,2,1.03,1.07,1.06,1.12,1.03,1.07,48235.0,2965288.0,49682.05,3172858.16,1.0614285714285716,1.0992857142857144,0.0273426232760858,1.03,1.11,0.0291262135922329,0.0287101058824313,-5.357142857142862,-0.06,22.222222222222243,1.0835083149842413,1.122900888048568,-0.0393925730643267,-0.033283426578473,-0.0061091464858537,0.0495079234341178,1.2097021262459968,1.0242978737540032,0.1854042524919936,1.08
2022-01-13,MTNGH,1.11,1.06,1.06,1.06,1.1,1.08,0.02,250810.0,270892.54,1.134,2022,1,January,1,3,1.06,1.03,1.07,1.11,1.03,1.07,3526.0,40982.0,3737.26,43080.74,1.0571428571428572,1.0935714285714286,0.0197604704011597,1.03,1.08,0.0188679245283018,0.0186921330121525,-2.702702702702705,-0.03,30.00000000000003,1.0829685742174349,1.1197230444894148,-0.0367544702719799,-0.0339776353171744,-0.0027768349548055,0.0491724621559933,1.204789232254644,1.021210767745356,0.1835784645092881,1.09
2022-01-14,MTNGH,1.11,1.06,1.08,1.08,1.09,1.09,0.01,917050.0,999437.3,1.1303333333333332,2022,1,January,1,4,1.08,1.03,1.07,1.06,1.06,1.03,250810.0,48235.0,270892.54,49682.05,1.0614285714285716,1.0885714285714283,0.0234012616672254,1.03,1.09,0.0092592592592593,0.009216655104924,2.830188679245285,0.03,33.33333333333337,1.0840503320301371,1.1175213374901989,-0.0334710054600615,-0.0338763093457518,0.0004053038856903,0.0481723438566518,1.1990544527089642,1.019945547291036,0.179108905417928,1.09
2022-01-17,MTNGH,1.11,1.06,1.09,1.09,1.09,1.09,0.0,23213.0,25302.17,1.1266666666666667,2022,1,January,1,0,1.09,1.06,1.03,1.07,1.08,1.03,917050.0,3526.0,999437.3,3737.26,1.0642857142857145,1.0857142857142856,0.0257275098271026,1.03,1.09,0.0,0.0,1.8691588785046744,0.02,38.888888888888935,1.0849656655639623,1.1154827198983324,-0.03051705433437,-0.0332044583434754,0.0026874040091054,0.0468551203055801,1.1926693656799816,1.0193306343200186,0.173338731359963,1.09
2022-01-18,MTNGH,1.11,1.06,1.09,1.09,1.09,1.09,0.0,489219.0,533248.71,1.123,2022,1,January,1,1,1.09,1.08,1.03,1.07,1.09,1.06,23213.0,250810.0,25302.17,270892.54,1.0671428571428572,1.082857142857143,0.0275162289774916,1.03,1.09,0.0,0.0,1.8691588785046744,0.02,38.888888888888935,1.085740178554122,1.1135951110169744,-0.0278549324628523,-0.0321345531673508,0.0042796207044985,0.0451930724016773,1.1855662386291916,1.0194337613708084,0.1661324772583832,1.11
2022-01-19,MTNGH,1.11,1.06,1.09,1.09,1.11,1.11,0.02,1566955.0,1739180.95,1.1206666666666665,2022,1,January,1,2,1.09,1.09,1.06,1.03,1.09,1.08,489219.0,917050.0,533248.71,999437.3,1.0785714285714287,1.0814285714285716,0.026095064302493,1.03,1.11,0.0183486238532111,0.0181823190831905,7.766990291262142,0.08,45.00000000000004,1.089472458776565,1.1133288064971985,-0.0238563477206334,-0.0304789120780073,0.0066225643573738,0.0439383057552685,1.1806249024960511,1.020375097503949,0.1602498049921021,1.11
2022-01-20,MTNGH,1.11,1.06,1.11,1.11,1.11,1.11,0.0,4546.0,5046.06,1.1183333333333332,2022,1,January,1,3,1.11,1.09,1.08,1.03,1.09,1.09,1566955.0,23213.0,1739180.95,25302.17,1.09,1.08,0.0173205080756552,1.06,1.11,0.0,0.0,7.766990291262142,0.08,45.00000000000004,1.0926305420417088,1.1130822282381467,-0.0204516861964378,-0.0284734669016934,0.0080217807052556,0.0425143653882731,1.1732819262575969,1.0227180737424033,0.1505638525151935,1.11
2022-01-21,MTNGH,1.11,1.06,1.11,1.11,1.11,1.11,0.0,9831.0,10912.41,1.116,2022,1,January,1,4,1.11,1.09,1.09,1.06,1.11,1.09,4546.0,489219.0,5046.06,533248.71,1.0971428571428572,1.0792857142857142,0.0125356634105133,1.08,1.11,0.0,0.0,4.716981132075476,0.05,47.368421052631575,1.0953027663429844,1.112853915035321,-0.0175511486923365,-0.0262890032598221,0.0087378545674855,0.0409035872299194,1.1652287979471851,1.0257712020528147,0.1394575958943704,1.11
2022-01-24,MTNGH,1.11,1.06,1.11,1.11,1.11,1.11,0.0,48819.0,54189.09,1.1143333333333334,2022,1,January,1,0,1.11,1.11,1.09,1.08,1.11,1.09,9831.0,1566955.0,10912.41,1739180.95,1.1014285714285716,1.0792857142857144,0.0106904496764416,1.09,1.11,0.0,0.0,2.77777777777778,0.03,50.0,1.0975638792132945,1.1126425139215934,-0.0150786347082989,-0.0240469295495174,0.0089682948412185,0.0400588647327645,1.1562788315814791,1.0297211684185212,0.1265576631629579,1.11
2022-01-25,MTNGH,1.11,1.06,1.11,1.11,1.11,1.11,0.0,14502.0,16097.22,1.113,2022,1,January,1,1,1.11,1.11,1.09,1.09,1.11,1.11,48819.0,4546.0,54189.09,5046.06,1.1042857142857143,1.082857142857143,0.0097590007294244,1.09,1.11,0.0,0.0,1.8348623853211024,0.02,69.23076923076923,1.0994771285650953,1.1124467721496236,-0.0129696435845283,-0.0218314723565196,0.0088618287719913,0.039492469819113,1.1534217516760044,1.0305782483239958,0.1228435033520085,1.11
2022-01-26,MTNGH,1.11,1.06,1.11,1.11,1.11,1.11,0.0,3269060.0,3628656.6,1.1116666666666668,2022,1,January,1,2,1.11,1.11,1.11,1.09,1.11,1.11,14502.0,9831.0,16097.22,10912.41,1.1071428571428572,1.0857142857142856,0.0075592894601055,1.09,1.11,0.0,0.0,1.8348623853211024,0.02,66.66666666666666,1.101096031862773,1.11226552976817,-0.0111694979053971,-0.0196990774662951,0.008529579560898,0.0388705484940673,1.1504359451758672,1.0315640548241327,0.1188718903517345,1.11
2022-01-27,MTNGH,1.11,1.06,1.11,1.11,1.11,1.11,0.0,14419.0,16005.09,1.11,2022,1,January,1,3,1.11,1.11,1.11,1.09,1.11,1.11,3269060.0,48819.0,3628656.6,54189.09,1.11,1.0885714285714287,0.0,1.11,1.11,0.0,0.0,1.8348623853211024,0.02,66.66666666666666,1.102465873114654,1.1120977127483056,-0.0096318396336516,-0.0176856298997664,0.0080537902661147,0.0377834117953408,1.1473080319529216,1.0326919680470783,0.1146160639058431,1.11
2022-01-28,MTNGH,1.11,1.06,1.11,1.11,1.11,1.11,0.0,644450.0,715339.5,1.1083333333333334,2022,1,January,1,4,1.11,1.11,1.11,1.11,1.11,1.11,14419.0,14502.0,16005.09,16097.22,1.11,1.0942857142857143,0.0,1.11,1.11,0.0,0.0,0.0,0.0,100.0,1.1036249695585534,1.1119423266188015,-0.0083173570602481,-0.0158119753318627,0.0074946182716146,0.036585594803504,1.1440215268877,1.0339784731123,0.1100430537753998,1.11
2022-01-31,MTNGH,1.11,1.06,1.11,1.11,1.11,1.11,0.0,1085.0,1194.0,1.106666666666667,2022,1,January,1,0,1.11,1.11,1.11,1.11,1.11,1.11,644450.0,3269060.0,715339.5,3628656.6,1.11,1.1,0.0,1.11,1.11,0.0,0.0,0.0,0.0,100.0,1.104605743472622,1.1117984505729643,-0.0071927071003423,-0.0140881216855587,0.0068954145852163,0.0352658214269749,1.1425077967081088,1.0344922032918915,0.108015593416217,1.11
2022-02-01,MTNGH,1.11,1.06,1.11,1.11,1.11,1.11,0.0,6289.0,6980.79,1.105,2022,2,February,1,1,1.11,1.11,1.11,1.11,1.11,1.11,1085.0,14419.0,1194.0,16005.09,1.11,1.1035714285714286,0.0,1.11,1.11,0.0,0.0,0.0,0.0,100.0,1.1054356290922187,1.111665232012004,-0.0062296029197852,-0.012516417932404,0.0062868150126187,0.033809812899151,1.1425077967081088,1.0344922032918915,0.108015593416217,1.09
2022-02-02,MTNGH,1.11,1.06,1.11,1.11,1.09,1.09,-0.02,13656.0,14908.86,1.1030000000000002,2022,2,February,1,2,1.11,1.11,1.11,1.11,1.11,1.11,6289.0,644450.0,6980.79,715339.5,1.1071428571428572,1.1042857142857143,0.0075592894601055,1.09,1.11,-0.018018018018018,-0.0181823190831904,-1.8018018018018032,-0.02,60.0,1.1030609169241852,1.1100604000111147,-0.0069994830869295,-0.0114130309633091,0.0044135478763795,0.0328161020190374,1.142314836378072,1.0376851636219282,0.1046296727561437,1.08
2022-02-03,MTNGH,1.11,1.06,1.09,1.09,1.08,1.08,-0.01,2637208.0,2848202.2,1.1003333333333332,2022,2,February,1,3,1.09,1.11,1.11,1.11,1.11,1.11,13656.0,1085.0,14908.86,1194.0,1.102857142857143,1.1035714285714286,0.0125356634105129,1.08,1.11,-0.0091743119266055,-0.009216655104924,-2.702702702702705,-0.03,40.0,1.0995130835512337,1.1078337037139951,-0.0083206201627614,-0.0107945488031995,0.0024739286404381,0.0312369512986864,1.142197500703116,1.038802499296884,0.1033950014062319,1.08
2022-02-04,MTNGH,1.11,1.06,1.08,1.08,1.08,1.08,0.0,1032.0,1114.56,1.0976666666666666,2022,2,February,1,4,1.08,1.11,1.11,1.11,1.09,1.11,2637208.0,6289.0,2848202.2,6980.79,1.0985714285714283,1.102857142857143,0.0146385010941878,1.08,1.11,0.0,0.0,-2.702702702702705,-0.03,40.0,1.0965110706971977,1.105771947883329,-0.0092608771861313,-0.0104878144797859,0.0012269372936546,0.0293237967778898,1.1420520889824797,1.0399479110175207,0.1021041779649589,1.08
2022-02-07,MTNGH,1.11,1.06,1.08,1.08,1.08,1.08,0.0,3527420.0,3809613.9,1.095,2022,2,February,1,0,1.08,1.09,1.11,1.11,1.08,1.11,1032.0,13656.0,1114.56,14908.86,1.0942857142857143,1.102142857142857,0.0151185789203305,1.08,1.11,0.0,0.0,-2.702702702702705,-0.03,40.0,1.093970905974552,1.1038629147067862,-0.0098920087322342,-0.0103686533302756,0.0004766445980413,0.0270057465149048,1.1361861249489729,1.0508138750510274,0.0853722498979454,1.08
2022-02-08,MTNGH,1.11,1.06,1.08,1.08,1.08,1.08,0.0,3994174.0,4313707.92,1.0933333333333335,2022,2,February,1,1,1.08,1.08,1.11,1.11,1.08,1.09,3527420.0,2637208.0,3809613.9,2848202.2,1.09,1.1,0.0141421356236901,1.08,1.11,0.0,0.0,-2.702702702702705,-0.03,0.0,1.0918215358246208,1.1020952913951725,-0.0102737555705516,-0.0103496737783308,7.591820777916487e-05,0.0263050189695467,1.12738890182686,1.06461109817314,0.0627778036537201,1.08
2022-02-09,MTNGH,1.11,1.06,1.08,1.08,1.08,1.08,0.0,5216.0,5633.28,1.0916666666666666,2022,2,February,1,2,1.08,1.08,1.09,1.11,1.08,1.08,3994174.0,1032.0,4313707.92,1114.56,1.085714285714286,1.0978571428571429,0.0113389341902262,1.08,1.11,0.0,0.0,-2.702702702702705,-0.03,0.0,1.0900028380054485,1.1004586031436785,-0.0104557651382299,-0.0103708920503106,-8.487308791933247e-05,0.0254725455090838,1.124606254058808,1.069393745941192,0.055212508117616,1.08
2022-02-10,MTNGH,1.11,1.06,1.08,1.08,1.08,1.08,0.0,1029211.0,1111547.88,1.09,2022,2,February,1,3,1.08,1.08,1.08,1.11,1.08,1.08,5216.0,3527420.0,5633.28,3809613.9,1.0814285714285714,1.095714285714286,0.0037796447299419,1.08,1.09,0.0,0.0,-2.702702702702705,-0.03,0.0,1.0884639398507638,1.0989431510589611,-0.0104792112081975,-0.010392555881888,-8.665532630947742e-05,0.0244948974278256,1.124606254058808,1.069393745941192,0.055212508117616,1.08
2022-02-11,MTNGH,1.11,1.06,1.08,1.08,1.08,1.08,0.0,4877.0,5267.16,1.0883333333333334,2022,2,February,1,4,1.08,1.08,1.08,1.09,1.08,1.08,1029211.0,3994174.0,1111547.88,4313707.92,1.08,1.0935714285714286,0.0,1.08,1.08,0.0,0.0,-0.9174311926605512,-0.01,0.0,1.0871617952583386,1.0975399546842235,-0.0103781594258849,-0.0103896765906874,1.15171648024711e-05,0.0233538497650872,1.1249882247142562,1.068011775285744,0.0569764494285123,1.08
2022-02-14,MTNGH,1.11,1.06,1.08,1.08,1.08,1.08,0.0,7739.0,8358.12,1.0870000000000002,2022,2,February,1,0,1.08,1.08,1.08,1.08,1.08,1.08,4877.0,5216.0,5267.16,5633.28,1.08,1.0914285714285714,0.0,1.08,1.08,0.0,0.0,0.0,0.0,0.0,1.0860599806032096,1.0962406987816884,-0.0101807181784787,-0.0103478849082456,0.0001671667297669,0.0226136974054336,1.125307803882628,1.0666921961173723,0.0586156077652555,1.05
2022-02-15,MTNGH,1.11,1.05,1.08,1.08,1.05,1.05,-0.03,9962.0,10502.37,1.0850000000000002,2022,2,February,1,1,1.08,1.08,1.08,1.08,1.08,1.08,7739.0,1029211.0,8358.12,1111547.88,1.0757142857142858,1.0871428571428574,0.0113389341902272,1.05,1.08,-0.0277777777777777,-0.0281708769666963,-2.77777777777778,-0.03,0.0,1.080512291279639,1.0928154618348966,-0.0123031705552576,-0.010738942037648,-0.0015642285176095,0.023156141659426,1.1297770876400168,1.0582229123599831,0.0715541752800335,1.05
2022-02-16,MTNGH,1.11,1.05,1.05,1.05,1.05,1.05,0.0,28497.0,29921.85,1.084666666666667,2022,2,February,1,2,1.05,1.08,1.08,1.08,1.08,1.08,9962.0,4877.0,10502.37,5267.16,1.0714285714285716,1.082857142857143,0.0146385010941899,1.05,1.08,0.0,0.0,-2.77777777777778,-0.03,0.0,1.075818092621233,1.0896439461434229,-0.0138258535221897,-0.0113563243345564,-0.0024695291876333,0.0235962202311107,1.1309473337493947,1.0510526662506052,0.0798946674987894,1.05
2022-02-17,MTNGH,1.11,1.05,1.05,1.05,1.05,1.05,0.0,16353.0,17170.65,1.084,2022,2,February,1,3,1.05,1.08,1.08,1.08,1.05,1.08,28497.0,7739.0,29921.85,8358.12,1.0671428571428572,1.0785714285714287,0.0160356745147109,1.05,1.08,0.0,0.0,-2.77777777777778,-0.03,0.0,1.071846078371813,1.0867073575402062,-0.0148612791683935,-0.0120573153013238,-0.0028039638670696,0.0242970127296728,1.1308461138691177,1.0451538861308824,0.0856922277382352,1.05
2022-02-18,MTNGH,1.11,1.05,1.05,1.05,1.05,1.05,0.0,186457.0,195779.85,1.0833333333333333,2022,2,February,1,4,1.05,1.05,1.08,1.08,1.05,1.08,16353.0,9962.0,17170.65,10502.37,1.062857142857143,1.0742857142857145,0.0160356745147112,1.05,1.08,0.0,0.0,-2.77777777777778,-0.03,0.0,1.0684851432376876,1.083988294018709,-0.0155031507810217,-0.0127464823972634,-0.0027566683837582,0.0249597376938701,1.1297213595500075,1.0402786404499926,0.0894427191000151,1.05
2022-02-21,MTNGH,1.11,1.05,1.05,1.05,1.05,1.05,0.0,452500.0,475125.0,1.084,2022,2,February,1,0,1.05,1.05,1.08,1.08,1.05,1.05,186457.0,28497.0,195779.85,29921.85,1.0585714285714285,1.07,0.0146385010941908,1.05,1.08,0.0,0.0,-2.77777777777778,-0.03,0.0,1.065641275047274,1.081470642609916,-0.0158293675626419,-0.0133630594303391,-0.0024663081323028,0.0237225340275724,1.1276992456462085,1.0363007543537917,0.0913984912924168,1.05
2022-02-22,MTNGH,1.11,1.05,1.05,1.05,1.05,1.05,0.0,118483.0,124407.15,1.084666666666667,2022,2,February,1,1,1.05,1.05,1.05,1.08,1.05,1.05,452500.0,16353.0,475125.0,17170.65,1.0542857142857145,1.0671428571428572,0.0113389341902292,1.05,1.08,0.0,0.0,-2.77777777777778,-0.03,0.0,1.0632349250400013,1.0791394838980704,-0.015904558858069,-0.0138713593158851,-0.0020331995421839,0.022396633572972,1.124837240662803,1.033162759337197,0.0916744813256063,1.05
2022-02-23,MTNGH,1.11,1.05,1.05,1.05,1.05,1.05,0.0,129283.0,135747.15,1.0843333333333334,2022,2,February,1,2,1.05,1.05,1.05,1.08,1.05,1.05,118483.0,186457.0,124407.15,195779.85,1.05,1.065,0.0,1.05,1.05,0.0,0.0,-2.77777777777778,-0.03,0.0,1.0611987827261549,1.0769810036093244,-0.0157822208831694,-0.0142535316293419,-0.0015286892538275,0.0228463131158658,1.1211430474917543,1.0308569525082458,0.0902860949835084,1.05
2022-02-24,MTNGH,1.11,1.05,1.05,1.05,1.05,1.05,0.0,2866.0,3009.3,1.0833333333333333,2022,2,February,1,3,1.05,1.05,1.05,1.05,1.05,1.05,129283.0,452500.0,135747.15,475125.0,1.05,1.062857142857143,0.0,1.05,1.05,0.0,0.0,0.0,0.0,0.0,1.0594758930759771,1.0749824107493744,-0.0155065176733972,-0.014504128838153,-0.0010023888352442,0.0236837399966635,1.1165769132502703,1.0294230867497294,0.0871538265005411,1.05
2022-02-25,MTNGH,1.11,1.05,1.05,1.05,1.05,1.05,0.0,8151.0,8558.55,1.082,2022,2,February,1,4,1.05,1.05,1.05,1.05,1.05,1.05,2866.0,118483.0,3009.3,124407.15,1.05,1.0607142857142855,0.0,1.05,1.05,0.0,0.0,0.0,0.0,0.0,1.058018063371981,1.0731318618049763,-0.0151137984329956,-0.0146260627571215,-0.000487735675874,0.0244102861303424,1.1110391340834114,1.0289608659165888,0.0820782681668226,1.05
2022-02-28,MTNGH,1.11,1.05,1.05,1.05,1.05,1.05,0.0,85242.0,89504.1,1.0806666666666669,2022,2,February,1,0,1.05,1.05,1.05,1.05,1.05,1.05,8151.0,129283.0,8558.55,135747.15,1.05,1.0585714285714285,0.0,1.05,1.05,0.0,0.0,0.0,0.0,0.0,1.0567845151609068,1.0714183905601633,-0.0146338753992565,-0.0146276252855485,-6.2501137079677e-06,0.025042492623165,1.104332080179473,1.029667919820527,0.0746641603589459,1.08
2022-03-01,MTNGH,1.11,1.05,1.05,1.05,1.08,1.08,0.03,18395395.0,19866312.15,1.0803333333333334,2022,3,March,1,1,1.05,1.05,1.05,1.05,1.05,1.05,85242.0,2866.0,89504.1,3009.3,1.0542857142857145,1.0585714285714285,0.0113389341902292,1.05,1.08,0.0285714285714286,0.0281708769666964,2.8571428571428594,0.03,50.0,1.060356128213075,1.0720540653334845,-0.0116979371204095,-0.0140416876525207,0.0023437505321112,0.024980452127722,1.0976018117212984,1.0333981882787011,0.0642036234425971,1.08
2022-03-02,MTNGH,1.11,1.05,1.08,1.08,1.08,1.08,0.0,17239245.0,18618384.6,1.0793333333333337,2022,3,March,1,2,1.08,1.05,1.05,1.05,1.05,1.05,18395395.0,8151.0,19866312.15,8558.55,1.0585714285714285,1.0585714285714285,0.0146385010941908,1.05,1.08,0.0,0.0,2.8571428571428594,0.03,50.0,1.0633782623341403,1.0726426530865598,-0.0092643907524194,-0.0130862282725005,0.003821837520081,0.0243442740323178,1.095779350562558,1.034220649437442,0.0615587011251159,1.08
2022-03-03,MTNGH,1.11,1.05,1.08,1.08,1.08,1.08,0.0,3797549.0,4101352.92,1.0783333333333334,2022,3,March,1,3,1.08,1.05,1.05,1.05,1.08,1.05,17239245.0,85242.0,18618384.6,89504.1,1.062857142857143,1.0585714285714285,0.0160356745147112,1.05,1.08,0.0,0.0,2.8571428571428594,0.03,50.0,1.0659354527442726,1.0731876417468147,-0.007252189002542,-0.0119194204185088,0.0046672314159667,0.0236473127923345,1.095779350562558,1.034220649437442,0.0615587011251159,1.08
2022-03-04,MTNGH,1.11,1.05,1.08,1.08,1.08,1.08,0.0,4892.0,5283.36,1.0773333333333333,2022,3,March,1,4,1.08,1.08,1.05,1.05,1.08,1.05,3797549.0,18395395.0,4101352.92,19866312.15,1.0671428571428572,1.0585714285714285,0.0160356745147109,1.05,1.08,0.0,0.0,2.8571428571428594,0.03,50.0,1.0680992292451537,1.0736922608766803,-0.0055930316315266,-0.0106541426611124,0.0050611110295857,0.0228840154020049,1.095779350562558,1.034220649437442,0.0615587011251159,1.08
2022-03-08,MTNGH,1.11,1.05,1.08,1.08,1.08,1.08,0.0,18006.0,19446.48,1.0763333333333334,2022,3,March,1,1,1.08,1.08,1.05,1.05,1.08,1.08,4892.0,17239245.0,5283.36,18618384.6,1.0714285714285716,1.0607142857142855,0.0146385010941898,1.05,1.08,0.0,0.0,2.8571428571428594,0.03,100.0,1.0699301170535915,1.074159500811741,-0.0042293837581495,-0.0093691908805198,0.0051398071223703,0.0220474931459937,1.095779350562558,1.034220649437442,0.0615587011251159,1.08
2022-03-09,MTNGH,1.11,1.05,1.08,1.08,1.08,1.08,0.0,79750.0,86071.2,1.0753333333333337,2022,3,March,1,2,1.08,1.08,1.08,1.05,1.08,1.08,18006.0,3797549.0,19446.48,4101352.92,1.0757142857142858,1.062857142857143,0.0113389341902271,1.05,1.08,0.0,0.0,2.8571428571428594,0.03,100.0,1.0714793298145775,1.0745921303812418,-0.0031128005666642,-0.0081179128177487,0.0050051122510844,0.0211290506556457,1.095779350562558,1.034220649437442,0.0615587011251159,1.08
2022-03-10,MTNGH,1.11,1.05,1.08,1.08,1.08,1.08,0.0,54854.0,59242.32,1.0743333333333334,2022,3,March,1,3,1.08,1.08,1.08,1.05,1.08,1.08,79750.0,4892.0,86071.2,5283.36,1.08,1.065,0.0,1.08,1.08,0.0,0.0,2.8571428571428594,0.03,100.0,1.0727902021507962,1.074992713315965,-0.0022025111651684,-0.0069348324872326,0.0047323213220642,0.0201174711054299,1.095779350562558,1.034220649437442,0.0615587011251159,1.08
2022-03-11,MTNGH,1.11,1.05,1.08,1.08,1.08,1.08,0.0,647459.0,699255.72,1.0733333333333337,2022,3,March,1,4,1.08,1.08,1.08,1.08,1.08,1.08,54854.0,18006.0,59242.32,19446.48,1.08,1.0671428571428572,0.0,1.08,1.08,0.0,0.0,0.0,0.0,100.0,1.0738994018199044,1.075363623440708,-0.0014642216208036,-0.0058407103139468,0.0043764886931432,0.0189978825196264,1.095779350562558,1.034220649437442,0.0615587011251159,1.08
2022-03-14,MTNGH,1.11,1.05,1.08,1.08,1.08,1.08,0.0,5400.0,5832.0,1.0723333333333334,2022,3,March,1,0,1.08,1.08,1.08,1.08,1.08,1.08,647459.0,79750.0,699255.72,86071.2,1.08,1.0692857142857144,0.0,1.08,1.08,0.0,0.0,0.0,0.0,100.0,1.074837955386073,1.0757070587413964,-0.0008691033553234,-0.0048463889222221,0.0039772855668987,0.0177498583448997,1.095779350562558,1.034220649437442,0.0615587011251159,1.06
2022-03-15,MTNGH,1.11,1.05,1.08,1.08,1.06,1.06,-0.02,1302098.0,1380261.84,1.0706666666666669,2022,3,March,1,1,1.08,1.08,1.08,1.08,1.08,1.08,5400.0,54854.0,5832.0,59242.32,1.0771428571428572,1.07,0.0075592894601097,1.06,1.08,-0.0185185185185184,-0.0186921330121525,-1.8518518518518532,-0.02,60.0,1.0725551930189847,1.0745435729087005,-0.0019883798897155,-0.0042747871157208,0.0022864072260052,0.0163861449745225,1.094017538732866,1.0339824612671342,0.0600350774657316,1.06
2022-03-16,MTNGH,1.11,1.05,1.06,1.06,1.06,1.06,0.0,14690.0,15571.4,1.069,2022,3,March,1,2,1.06,1.08,1.08,1.08,1.08,1.08,1302098.0,647459.0,1380261.84,699255.72,1.0742857142857145,1.0707142857142855,0.0097590007294277,1.06,1.08,0.0,0.0,-1.8518518518518532,-0.02,60.0,1.0706236248622178,1.0734662712117595,-0.0028426463495416,-0.003988358962485,0.0011457126129433,0.0147039755355941,1.0938616290957786,1.0351383709042214,0.0587232581915571,1.06
2022-03-17,MTNGH,1.11,1.05,1.06,1.06,1.06,1.06,0.0,2335154.0,2475323.24,1.0680000000000005,2022,3,March,1,3,1.06,1.08,1.08,1.08,1.06,1.08,14690.0,5400.0,15571.4,5832.0,1.0714285714285714,1.0714285714285716,0.0106904496764446,1.06,1.08,0.0,0.0,-1.8518518518518532,-0.02,60.0,1.0689892210372611,1.072468769640518,-0.0034795486032568,-0.0038865968906393,0.0004070482873825,0.0142393335760238,1.0936540159764587,1.0363459840235416,0.0573080319529171,1.06
2022-03-18,MTNGH,1.11,1.05,1.06,1.06,1.06,1.06,0.0,10835640.0,11485778.4,1.0673333333333337,2022,3,March,1,4,1.06,1.06,1.08,1.08,1.06,1.08,2335154.0,1302098.0,2475323.24,1380261.84,1.0685714285714287,1.072142857142857,0.0106904496764448,1.06,1.08,0.0,0.0,-1.8518518518518532,-0.02,60.0,1.0676062639546056,1.0715451570745536,-0.0039388931199479,-0.0038970561365011,-4.183698344689332e-05,0.0141258709425182,1.0933907643646124,1.037609235635388,0.0557815287292244,1.06
2022-03-21,MTNGH,1.11,1.05,1.06,1.06,1.06,1.06,0.0,2138.0,2266.28,1.0666666666666669,2022,3,March,1,0,1.06,1.06,1.08,1.08,1.06,1.06,10835640.0,14690.0,11485778.4,15571.4,1.0657142857142856,1.072857142857143,0.0097590007294285,1.06,1.08,0.0,0.0,-1.8518518518518532,-0.02,60.0,1.0664360695000508,1.070689960254216,-0.0042538907541653,-0.0039684230600339,-0.0002854676941314,0.0139786372315113,1.093067167915163,1.0389328320848372,0.0541343358303256,1.06
2022-03-22,MTNGH,1.11,1.05,1.06,1.06,1.06,1.06,0.0,40845.0,43295.7,1.066,2022,3,March,1,1,1.06,1.06,1.06,1.08,1.06,1.06,2138.0,2335154.0,2266.28,2475323.24,1.062857142857143,1.0714285714285716,0.0075592894601115,1.06,1.08,0.0,0.0,-1.8518518518518532,-0.02,0.0,1.0654459049615814,1.0698981113464965,-0.004452206384915,-0.0040651797250101,-0.0003870266599048,0.0137965512931973,1.092677531547016,1.0403224684529842,0.0523550630940317,1.06
2022-03-23,MTNGH,1.11,1.05,1.06,1.06,1.06,1.06,0.0,1188.0,1259.28,1.0653333333333337,2022,3,March,1,2,1.06,1.06,1.06,1.08,1.06,1.06,40845.0,10835640.0,43295.7,11485778.4,1.06,1.07,0.0,1.06,1.06,0.0,0.0,-1.8518518518518532,-0.02,0.0,1.0646080734290304,1.0691649179134226,-0.0045568444843921,-0.0041635126768865,-0.0003933318075056,0.0135782110784731,1.0922148661246596,1.0417851338753403,0.0504297322493192,1.06
2022-03-24,MTNGH,1.11,1.05,1.06,1.06,1.06,1.06,0.0,67774703.0,71841185.18,1.0646666666666669,2022,3,March,1,3,1.06,1.06,1.06,1.06,1.06,1.06,1188.0,2138.0,1259.28,2266.28,1.06,1.0685714285714287,0.0,1.06,1.06,0.0,0.0,0.0,0.0,0.0,1.0638991390553334,1.068486035105021,-0.0045868960496875,-0.0042481893514467,-0.0003387066982407,0.0133218341217503,1.0916704473751748,1.043329552624825,0.0483408947503498,1.06
2022-03-25,MTNGH,1.11,1.05,1.06,1.06,1.06,1.06,0.0,12841.0,13611.46,1.064,2022,3,March,1,4,1.06,1.06,1.06,1.06,1.06,1.06,67774703.0,40845.0,71841185.18,43295.7,1.06,1.0671428571428572,0.0,1.06,1.06,0.0,0.0,0.0,0.0,0.0,1.063299271508359,1.0678574399120564,-0.0045581684036974,-0.0043101851618969,-0.0002479832418005,0.0130251745636443,1.0910331568785048,1.0449668431214951,0.0460663137570094,1.06
2022-03-28,MTNGH,1.11,1.05,1.06,1.06,1.06,1.06,0.0,15709.0,16651.54,1.0633333333333337,2022,3,March,1,0,1.06,1.06,1.06,1.06,1.06,1.06,12841.0,1188.0,13611.46,1259.28,1.06,1.0657142857142858,0.0,1.06,1.06,0.0,0.0,0.0,0.0,0.0,1.0627916912763036,1.067275407325978,-0.0044837160496744,-0.0043448913394524,-0.000138824710222,0.0126854065851078,1.0902884566251403,1.0467115433748595,0.0435769132502805,1.06
2022-03-29,MTNGH,1.11,1.05,1.06,1.06,1.06,1.06,0.0,81366364.0,86248345.84,1.0626666666666666,2022,3,March,1,1,1.06,1.06,1.06,1.06,1.06,1.06,15709.0,67774703.0,16651.54,71841185.18,1.06,1.0642857142857145,0.0,1.06,1.06,0.0,0.0,0.0,0.0,0.0,1.0623622003107185,1.0667364882647945,-0.004374287954076,-0.0043507706623771,-2.351729169887233e-05,0.0122989579971517,1.089416711421371,1.0485832885786293,0.0408334228427418,1.06
2022-03-30,MTNGH,1.11,1.05,1.06,1.06,1.06,1.06,0.0,281252.0,298067.12,1.063,2022,3,March,1,2,1.06,1.06,1.06,1.06,1.06,1.06,81366364.0,12841.0,86248345.84,13611.46,1.06,1.062857142857143,0.0,1.06,1.06,0.0,0.0,0.0,0.0,0.0,1.0619987848783,1.066237489134069,-0.0042387042557687,-0.0043283573810554,8.965312528669452e-05,0.0120773369980773,1.0881049875980098,1.0478950124019903,0.0402099751960194,1.06
2022-03-31,MTNGH,1.11,1.05,1.06,1.06,1.06,1.06,0.0,93504.0,99114.24,1.0633333333333337,2022,3,March,1,3,1.06,1.06,1.06,1.06,1.06,1.06,281252.0,15709.0,298067.12,16651.54,1.06,1.0614285714285716,0.0,1.06,1.06,0.0,0.0,0.0,0.0,0.0,1.0616912795124078,1.0657754529019157,-0.0040841733895078,-0.0042795205827459,0.0001953471932381,0.0118418699983188,1.0865744193971911,1.0474255806028088,0.0391488387943823,1.06
2022-04-01,MTNGH,1.11,1.05,1.06,1.06,1.06,1.06,0.0,272943.0,289319.58,1.0636666666666668,2022,4,April,2,4,1.06,1.06,1.06,1.06,1.06,1.06,93504.0,81366364.0,99114.24,86248345.84,1.06,1.06,0.0,1.06,1.06,0.0,0.0,0.0,0.0,0.0,1.0614310826643452,1.0653476415758478,-0.0039165589115026,-0.0042069282484972,0.0002903693369946,0.0115917132509205,1.084806493839272,1.0471935061607285,0.0376129876785436,1.0
2022-04-04,MTNGH,1.11,1.0,1.06,1.06,1.0,1.0,-0.06,18175.0,18293.8,1.062,2022,4,April,2,0,1.06,1.06,1.06,1.06,1.06,1.06,272943.0,281252.0,289319.58,298067.12,1.0514285714285714,1.0557142857142858,0.0226778683805298,1.0,1.06,-0.0566037735849057,-0.0582689081239758,-5.660377358490571,-0.06,0.0,1.0519801468698304,1.0605070755331925,-0.008526928663362,-0.0050709283314702,-0.0034560003318917,0.0162735240868873,1.0960896650490728,1.027910334950927,0.0681793300981454,1.0
2022-04-05,MTNGH,1.11,1.0,1.0,1.0,1.0,1.0,0.0,2026033.0,2026033.0,1.0603333333333331,2022,4,April,2,1,1.0,1.06,1.06,1.06,1.06,1.06,18175.0,93504.0,18293.8,99114.24,1.042857142857143,1.0514285714285714,0.0292770021884379,1.0,1.06,0.0,0.0,-5.660377358490571,-0.06,0.0,1.0439832011975487,1.056025069938141,-0.0120418687405923,-0.0064651164132946,-0.0055767523272976,0.0197367735429238,1.100846113869103,1.0151538861308975,0.0856922277382055,1.0
2022-04-06,MTNGH,1.11,1.0,1.0,1.0,1.0,1.0,0.0,15667.0,15667.0,1.0586666666666666,2022,4,April,2,2,1.0,1.06,1.06,1.06,1.0,1.06,2026033.0,272943.0,2026033.0,289319.58,1.0342857142857145,1.0471428571428572,0.0320713490294747,1.0,1.06,0.0,0.0,-5.660377358490571,-0.06,0.0,1.0372165548594643,1.051875064757538,-0.0146585098980736,-0.0081037951102504,-0.0065547147878231,0.022550071998245,1.1027312717062157,1.0052687282937844,0.0974625434124312,1.0
2022-04-07,MTNGH,1.11,1.0,1.0,1.0,1.0,1.0,0.0,39747.0,39880.0,1.057,2022,4,April,2,3,1.0,1.0,1.06,1.06,1.0,1.06,15667.0,18175.0,15667.0,18293.8,1.0257142857142858,1.042857142857143,0.032071349029475,1.0,1.06,0.0,0.0,-5.660377358490571,-0.06,0.0,1.0314909310349312,1.0480324673680903,-0.0165415363331593,-0.0097913433548322,-0.0067501929783271,0.0249343966827077,1.1027157222128336,0.9972842777871668,0.1054314444256667,1.0
2022-04-08,MTNGH,1.11,1.0,1.0,1.0,1.0,1.0,0.0,27137.0,27137.0,1.0553333333333332,2022,4,April,2,4,1.0,1.0,1.06,1.06,1.0,1.0,39747.0,2026033.0,39880.0,2026033.0,1.0171428571428571,1.0385714285714287,0.0292770021884389,1.0,1.06,0.0,0.0,-5.660377358490571,-0.06,0.0,1.0266461724141729,1.044474506822306,-0.0178283344081333,-0.0113987415654924,-0.0064295928426409,0.0270036183186334,1.101212508117554,0.990787491882446,0.1104250162351081,1.0
2022-04-11,MTNGH,1.11,1.0,1.0,1.0,1.0,1.0,0.0,27788.0,27788.0,1.0536666666666668,2022,4,April,2,0,1.0,1.0,1.0,1.06,1.0,1.0,27137.0,15667.0,27137.0,15667.0,1.008571428571429,1.0342857142857145,0.0226778683805319,1.0,1.06,0.0,0.0,-5.660377358490571,-0.06,0.0,1.0225467612735306,1.0411800989095426,-0.0186333376360119,-0.0128456607795963,-0.0057876768564155,0.0288256750177591,1.0984194815177886,0.9855805184822118,0.1128389630355767,1.0
2022-04-12,MTNGH,1.11,1.0,1.0,1.0,1.0,1.0,0.0,4562.0,4562.0,1.052,2022,4,April,2,1,1.0,1.0,1.0,1.06,1.0,1.0,27788.0,39747.0,27788.0,39880.0,1.0,1.03,0.0,1.0,1.0,0.0,0.0,-5.660377358490571,-0.06,0.0,1.0190780287699104,1.0381297212125395,-0.0190516924426291,-0.0140868671122029,-0.0049648253304262,0.0304449758042885,1.0977232581915437,0.9802767418084568,0.117446516383087,1.0
2022-04-13,MTNGH,1.11,1.0,1.0,1.0,1.0,1.0,0.0,16697.0,16697.0,1.0493333333333337,2022,4,April,2,2,1.0,1.0,1.0,1.0,1.0,1.0,4562.0,27137.0,4562.0,27137.0,1.0,1.0257142857142858,0.0,1.0,1.0,0.0,0.0,0.0,0.0,0.0,1.016142947420693,1.035305297419018,-0.0191623499983246,-0.0151019636894272,-0.0040603863088974,0.0313966101105891,1.0963149627939957,0.9756850372060044,0.1206299255879912,1.0
2022-04-14,MTNGH,1.11,1.0,1.0,1.0,1.0,1.0,0.0,10100.0,10100.0,1.0466666666666666,2022,4,April,2,3,1.0,1.0,1.0,1.0,1.0,1.0,16697.0,27788.0,16697.0,27788.0,1.0,1.0214285714285716,0.0,1.0,1.0,0.0,0.0,0.0,0.0,0.0,1.013659417048279,1.0326900902027945,-0.0190306731545153,-0.0158877055824448,-0.0031429675720704,0.0320918222834232,1.0942501342640754,0.9717498657359244,0.1225002685281508,1.0
2022-04-19,MTNGH,1.11,1.0,1.0,1.0,1.0,1.0,0.0,10788850.0,10788850.0,1.044,2022,4,April,2,1,1.0,1.0,1.0,1.0,1.0,1.0,10100.0,4562.0,10100.0,4562.0,1.0,1.0171428571428571,0.0,1.0,1.0,0.0,0.0,0.0,0.0,0.0,1.011557968271621,1.0302686020396243,-0.0187106337680034,-0.0164522912195565,-0.0022583425484468,0.0325470481737919,1.091558701125099,0.9684412988749012,0.1231174022501977,1.0
2022-04-20,MTNGH,1.11,1.0,1.0,1.0,1.0,1.0,0.0,7777.0,7777.0,1.0413333333333334,2022,4,April,2,2,1.0,1.0,1.0,1.0,1.0,1.0,10788850.0,16697.0,10788850.0,16697.0,1.0,1.012857142857143,0.0,1.0,1.0,0.0,0.0,0.0,0.0,0.0,1.0097798193067562,1.0280264833700226,-0.0182466640632663,-0.0168111657882985,-0.0014354982749678,0.0327722899490603,1.0882501342640736,0.9657498657359268,0.1225002685281468,1.0
2022-04-21,MTNGH,1.11,1.0,1.0,1.0,1.0,1.0,0.0,14436.0,14436.0,1.0386666666666666,2022,4,April,2,3,1.0,1.0,1.0,1.0,1.0,1.0,7777.0,10100.0,7777.0,10100.0,1.0,1.008571428571429,0.0,1.0,1.0,0.0,0.0,0.0,0.0,0.0,1.0082752317211017,1.0259504475648358,-0.0176752158437343,-0.0169839757993857,-0.0006912400443486,0.0327722899490602,1.0843149627939916,0.9636850372060084,0.1206299255879831,1.0
2022-04-22,MTNGH,1.11,1.0,1.0,1.0,1.0,1.0,0.0,12118.0,12118.0,1.036,2022,4,April,2,4,1.0,1.0,1.0,1.0,1.0,1.0,14436.0,10788850.0,14436.0,10788850.0,1.0,1.0042857142857142,0.0,1.0,1.0,0.0,0.0,0.0,0.0,0.0,1.0070021191486245,1.0240281921896628,-0.0170260730410385,-0.0169923952477162,-3.367779332226831e-05,0.0325470481737915,1.0797232581915372,0.9622767418084632,0.1174465163830741,1.0
2022-04-25,MTNGH,1.11,1.0,1.0,1.0,1.0,1.0,0.0,9432.0,9432.0,1.0333333333333334,2022,4,April,2,0,1.0,1.0,1.0,1.0,1.0,1.0,12118.0,7777.0,12118.0,7777.0,1.0,1.0,0.0,1.0,1.0,0.0,0.0,0.0,0.0,0.0,1.005924870048836,1.0222483261015396,-0.0163234560527036,-0.0168586074087137,0.00053515135601,0.0320918222834225,1.0744194815177797,0.9615805184822208,0.1128389630355588,0.9
2022-05-12,MTNGH,1.11,0.9,0.92,0.92,0.9,0.9,-0.02,14718639.0,13248125.26,1.0086666666666668,2022,5,May,2,3,1.0,1.0,1.0,1.0,1.0,1.0,17405.0,10120702.0,17405.0,10120702.0,0.9857142857142857,0.9928571428571428,0.0377964473009103,0.9,1.0,-0.0999999999999999,-0.1053605156578262,-9.999999999999998,-0.0999999999999999,0.0,0.9857301209519084,1.0028978723636102,-0.0171677514117019,-0.0132926482624757,-0.0038751031492261,0.0318112247954701,1.0397213595499644,0.9502786404500352,0.089442719099929,0.9
2022-05-13,MTNGH,1.11,0.9,0.9,0.9,0.9,0.9,0.0,399841.0,359856.9,1.0033333333333334,2022,5,May,2,4,0.9,1.0,1.0,1.0,0.92,1.0,14718639.0,5009.0,13248125.26,5009.0,0.9714285714285714,0.9857142857142858,0.0487950036474174,0.9,1.0,0.0,0.0,-9.999999999999998,-0.0999999999999999,0.0,0.9725408715746916,0.9952758077440836,-0.0227349361693918,-0.0151811058438589,-0.0075538303255328,0.0360395695689065,1.0515587011250846,0.9284412988749152,0.1231174022501695,0.9
2022-05-16,MTNGH,1.11,0.9,0.9,0.9,0.9,0.9,0.0,38760.0,34884.0,0.998,2022,5,May,2,0,0.9,1.0,1.0,1.0,0.9,1.0,399841.0,17405.0,359856.9,17405.0,0.9571428571428572,0.9785714285714284,0.0534522483824766,0.9,1.0,0.0,0.0,-9.999999999999998,-0.0999999999999999,0.0,0.9613807374862776,0.988218340503781,-0.0268376030175034,-0.0175124052785878,-0.0093251977389156,0.0390755236909696,1.0582695097064825,0.9117304902935174,0.1465390194129651,0.92
2022-05-17,MTNGH,1.11,0.9,0.9,0.9,0.92,0.92,0.02,5755.0,5285.7,0.9933333333333334,2022,5,May,2,1,0.9,0.9,1.0,1.0,0.9,0.92,38760.0,14718639.0,34884.0,13248125.26,0.9457142857142856,0.9728571428571428,0.0512695955569241,0.9,1.0,0.0222222222222221,0.0219789067187751,-7.9999999999999964,-0.0799999999999999,16.666666666666686,0.9550144701806964,0.9831651300960936,-0.0281506599153971,-0.0196400562059497,-0.0085106037094473,0.0397694505292903,1.059378299896932,0.9026217001030676,0.1567565997938641,0.94
2022-05-18,MTNGH,1.11,0.9,0.92,0.92,0.95,0.94,0.02,34091.0,32054.81,0.9893333333333334,2022,5,May,2,2,0.92,0.9,1.0,1.0,0.9,0.9,5755.0,399841.0,5285.7,359856.9,0.937142857142857,0.9685714285714286,0.045355736761098,0.9,1.0,0.0217391304347824,0.0215062052209634,-6.000000000000005,-0.06,28.57142857142854,0.9527045516913584,0.9799677130519384,-0.0272631613605799,-0.0211646772368757,-0.0060984841237041,0.0388572394473749,1.0578946674987342,0.8981053325012658,0.1597893349974684,0.9
2022-05-19,MTNGH,1.11,0.9,0.94,0.94,0.9,0.9,-0.04,876893.0,792974.65,0.984,2022,5,May,2,3,0.94,0.9,0.9,1.0,0.92,0.9,34091.0,38760.0,32054.81,34884.0,0.9228571428571428,0.9614285714285714,0.0372890894294213,0.9,1.0,-0.0425531914893616,-0.0434851119397387,-9.999999999999998,-0.0999999999999999,22.2222222222222,0.9445961591234572,0.9740441787517948,-0.0294480196283377,-0.0228213457151681,-0.0066266739131695,0.0397925655853127,1.0593530086636207,0.8866469913363789,0.1727060173272417,0.9
2022-05-20,MTNGH,1.11,0.9,0.9,0.9,0.9,0.9,0.0,10520.0,9468.0,0.9786666666666668,2022,5,May,2,4,0.9,0.92,0.9,1.0,0.94,0.9,876893.0,5755.0,792974.65,5285.7,0.9085714285714284,0.9542857142857144,0.015735915849364,0.9,0.94,0.0,0.0,-9.999999999999998,-0.0999999999999999,22.2222222222222,0.937735211566002,0.9685594247701804,-0.0308242132041783,-0.0244219192129702,-0.0064022939912081,0.0399770048845528,1.0592140340079093,0.8767859659920908,0.1824280680158184,0.9
2022-05-23,MTNGH,1.11,0.9,0.9,0.9,0.9,0.9,0.0,23694.0,21324.6,0.9753333333333334,2022,5,May,2,0,0.9,0.94,0.9,0.9,0.9,0.92,10520.0,34091.0,9468.0,32054.81,0.9085714285714286,0.9471428571428572,0.015735915849364,0.9,0.94,0.0,0.0,0.0,0.0,22.2222222222222,0.9319297944020016,0.963480948861278,-0.0315511544592763,-0.0258477662622314,-0.0057033881970449,0.0422417780886561,1.057723975734463,0.8682760242655367,0.1894479514689262,0.9
2022-05-24,MTNGH,1.11,0.9,0.9,0.9,0.9,0.9,0.0,4405518.0,3964966.2,0.972,2022,5,May,2,1,0.9,0.9,0.92,0.9,0.9,0.94,23694.0,876893.0,21324.6,792974.65,0.9085714285714286,0.94,0.015735915849364,0.9,0.94,0.0,0.0,0.0,0.0,22.2222222222222,0.9270175183401552,0.9587786563530352,-0.03176113801288,-0.0270304406123611,-0.0047306974005188,0.0441314650436155,1.0550295668448584,0.8609704331551417,0.1940591336897167,0.9
2022-05-25,MTNGH,1.11,0.9,0.9,0.9,0.9,0.9,0.0,2624.0,2361.6,0.9686666666666668,2022,5,May,2,2,0.9,0.9,0.94,0.9,0.9,0.9,4405518.0,10520.0,3964966.2,9468.0,0.9085714285714284,0.9328571428571428,0.015735915849364,0.9,0.94,0.0,0.0,0.0,0.0,22.2222222222222,0.9228609770570544,0.954424681808366,-0.0315637047513116,-0.0279370934401512,-0.0036266113111603,0.045692626231738,1.0512156595939213,0.8547843404060786,0.1964313191878426,0.9
2022-05-26,MTNGH,1.11,0.9,0.9,0.9,0.9,0.9,0.0,5079.0,4571.1,0.9653333333333334,2022,5,May,2,3,0.9,0.9,0.9,0.92,0.9,0.9,2624.0,23694.0,2361.6,21324.6,0.9057142857142856,0.9257142857142858,0.0151185789203434,0.9,0.94,0.0,0.0,-2.1739130434782625,-0.02,22.2222222222222,0.9193439036636616,0.9503932238966352,-0.0310493202329736,-0.0285595387987157,-0.0024897814342579,0.0469580394742332,1.0463227767155088,0.8496772232844915,0.1966455534310173,0.9
2022-05-27,MTNGH,1.11,0.9,0.9,0.9,0.9,0.9,0.0,1418.0,1276.2,0.962,2022,5,May,2,4,0.9,0.9,0.9,0.94,0.9,0.9,5079.0,4405518.0,4571.1,3964966.2,0.9,0.9185714285714284,0.0,0.9,0.9,0.0,0.0,-4.255319148936162,-0.0399999999999999,22.2222222222222,0.9163679184846368,0.9466603924968844,-0.0302924740122476,-0.0289061258414221,-0.0013863481708255,0.047951124541838,1.0403544797985025,0.8456455202014975,0.1947089595970047,0.9
2022-05-30,MTNGH,1.11,0.9,0.9,0.9,0.9,0.9,0.0,1042677.0,938049.3,0.9586666666666668,2022,5,May,2,0,0.9,0.9,0.9,0.9,0.9,0.9,1418.0,2624.0,1276.2,2361.6,0.9,0.9114285714285714,0.0,0.9,0.9,0.0,0.0,0.0,0.0,22.2222222222222,0.913849777179308,0.9432040671267448,-0.0293542899474368,-0.028995758662625,-0.0003585312848117,0.0486885480646418,1.0332779866329929,0.8427220133670069,0.1905559732659859,0.9
2022-05-31,MTNGH,1.11,0.9,0.9,0.9,0.9,0.9,0.0,7610939.0,6849845.0,0.9553333333333334,2022,5,May,2,1,0.9,0.9,0.9,0.9,0.9,0.9,1042677.0,5079.0,938049.3,4571.1,0.9,0.9042857142857142,0.0,0.9,0.9,0.0,0.0,0.0,0.0,22.2222222222222,0.9117190422286452,0.940003765858097,-0.0282847236294517,-0.0288535516559904,0.0005688280265386,0.049181811421621,1.0250183048151134,0.8409816951848867,0.1840366096302266,0.9
2022-06-01,MTNGH,1.11,0.9,0.9,0.9,0.9,0.9,0.0,15895.0,14305.5,0.952,2022,6,June,2,2,0.9,0.9,0.9,0.9,0.9,0.9,7610939.0,1418.0,6849845.0,1276.2,0.9,0.9042857142857142,0.0,0.9,0.9,0.0,0.0,0.0,0.0,50.0,0.9099161126550076,0.9370405239426824,-0.0271244112876748,-0.0285077235823273,0.0013833122946524,0.0494382233806365,1.0154432146565298,0.8405567853434702,0.1748864293130595,0.9
2022-06-02,MTNGH,1.11,0.9,0.9,0.9,0.9,0.9,0.0,9418.0,8476.2,0.9486666666666668,2022,6,June,2,3,0.9,0.9,0.9,0.9,0.9,0.9,15895.0,1042677.0,14305.5,938049.3,0.9,0.9042857142857144,0.0,0.9,0.9,0.0,0.0,0.0,0.0,50.0,0.9083905568619296,0.9342967814284096,-0.02590622456648,-0.0279874237791578,0.0020811992126777,0.0494614676451116,1.0043310324666994,0.8416689675333008,0.1626620649333986,0.9
2022-06-03,MTNGH,1.11,0.9,0.9,0.9,0.9,0.9,0.0,14887.0,13398.3,0.9453333333333334,2022,6,June,2,4,0.9,0.9,0.9,0.9,0.9,0.9,9418.0,7610939.0,8476.2,6849845.0,0.9,0.9042857142857142,0.0,0.9,0.9,0.0,0.0,0.0,0.0,50.0,0.9070997019600942,0.9317562791003792,-0.024656577140285,-0.0273212544513832,0.0026646773110982,0.0492518743443942,0.9912982372157828,0.844701762784217,0.1465964744315657,0.9
2022-06-06,MTNGH,1.11,0.9,0.9,0.9,0.9,0.9,0.0,309181.0,278262.9,0.942,2022,6,June,2,0,0.9,0.9,0.9,0.9,0.9,0.9,14887.0,15895.0,13398.3,14305.5,0.9,0.9028571428571428,0.0,0.9,0.9,0.0,0.0,0.0,0.0,33.33333333333327,0.9060074401200796,0.9294039621299808,-0.0233965220099009,-0.0265363079630868,0.0031397859531858,0.0488064438933676,0.9756099033699428,0.8503900966300569,0.1252198067398859,0.9
2022-06-07,MTNGH,1.11,0.9,0.9,0.9,0.9,0.9,0.0,3124.0,2811.6,0.9386666666666666,2022,6,June,2,1,0.9,0.9,0.9,0.9,0.9,0.9,309181.0,9418.0,278262.9,8476.2,0.9,0.9,0.0,0.9,0.9,0.0,0.0,0.0,0.0,0.0,0.9050832185631444,0.9272258908610932,-0.0221426722979488,-0.0256575808300592,0.0035149085321103,0.0481186273583294,0.9555062322780552,0.8604937677219449,0.0950124645561103,0.86
2022-06-17,MTNGH,1.11,0.86,0.9,0.9,0.85,0.86,-0.04,28741199.0,24729110.4,0.9106666666666666,2022,6,June,2,4,0.9,0.9,0.9,0.9,0.9,0.9,10820.0,3165.0,9738.0,2802.75,0.8942857142857142,0.8971428571428571,0.0151185789203441,0.86,0.9,-0.0444444444444445,-0.0454623740767574,-4.444444444444448,-0.04,0.0,0.8951819292620145,0.9117463387221324,-0.0165644094601179,-0.0180860289660272,0.0015216195059092,0.0322632847092323,0.915888543819801,0.880111456180199,0.0357770876396019,0.86
2022-06-20,MTNGH,1.11,0.86,0.86,0.86,0.86,0.86,0.0,652461.0,561116.46,0.906,2022,6,June,2,0,0.86,0.9,0.9,0.9,0.9,0.9,28741199.0,10820.0,24729110.4,9738.0,0.8885714285714287,0.8942857142857142,0.0195180014589516,0.86,0.9,0.0,0.0,-4.444444444444448,-0.04,0.0,0.8897693247601661,0.907913276594567,-0.0181439518344008,-0.0180976135397019,-4.633829469891104e-05,0.0288396279090095,0.9206234804498988,0.8713765195501015,0.0492469608997971,0.86
2022-06-22,MTNGH,1.11,0.86,0.86,0.86,0.86,0.86,0.0,3843.0,3304.98,0.9013333333333334,2022,6,June,2,2,0.86,0.9,0.9,0.9,0.86,0.9,652461.0,10820.0,561116.46,9738.0,0.8828571428571428,0.8914285714285715,0.0213808993529769,0.86,0.9,0.0,0.0,-4.444444444444448,-0.04,0.0,0.8851894286432175,0.9043641449949694,-0.0191747163517519,-0.0183130341021119,-0.0008616822496399,0.0240306317929198,0.9233078038824784,0.8646921961175215,0.0586156077649568,0.87
2022-06-23,MTNGH,1.11,0.86,0.86,0.86,0.87,0.87,0.01,1520036.0,1322431.32,0.897,2022,6,June,2,3,0.86,0.86,0.9,0.9,0.86,0.9,3843.0,28741199.0,3304.98,24729110.4,0.8785714285714284,0.8892857142857142,0.0203540097839466,0.86,0.9,0.0116279069767442,0.011560822401076,-3.333333333333336,-0.03,20.0,0.8828525934673378,0.9018186527731198,-0.0189660593057819,-0.0184436391428459,-0.000522420162936,0.0160064642113985,0.923534785237368,0.8614652147626323,0.0620695704747356,0.87
2022-06-24,MTNGH,1.11,0.86,0.87,0.87,0.87,0.87,0.0,1852.0,1611.24,0.896,2022,6,June,2,4,0.87,0.86,0.9,0.9,0.86,0.86,1520036.0,652461.0,1322431.32,561116.46,0.8742857142857143,0.8871428571428572,0.0181265393434797,0.86,0.9,0.0,0.0,-3.333333333333336,-0.03,20.0,0.8808752713954396,0.8994617155306665,-0.0185864441352268,-0.0184722001413221,-0.0001142439939046,0.0167332005306533,0.9233793306389156,0.8586206693610845,0.064758661277831,0.87
2022-06-27,MTNGH,1.11,0.86,0.87,0.87,0.87,0.87,0.0,7816.0,6799.92,0.895,2022,6,June,2,0,0.87,0.86,0.86,0.9,0.87,0.86,1852.0,3843.0,1611.24,3304.98,0.87,0.885,0.0141421356237061,0.86,0.9,0.0,0.0,-3.333333333333336,-0.03,20.0,0.8792021527192181,0.8972793662320986,-0.0180772135128804,-0.0183932028156338,0.0003159893027533,0.017370208344464,0.9228876750028784,0.8561123249971216,0.0667753500057566,0.9
2022-06-28,MTNGH,1.11,0.86,0.87,0.87,0.9,0.9,0.03,112724.0,101297.6,0.895,2022,6,June,2,1,0.87,0.87,0.86,0.9,0.87,0.86,7816.0,1520036.0,6799.92,1322431.32,0.87,0.885,0.0141421356237061,0.86,0.9,0.0344827586206897,0.0339015516756814,0.0,0.0,50.0,0.882401821531646,0.8974808946593505,-0.0150790731277045,-0.0177303768780479,0.0026513037503434,0.017370208344464,0.9228876750028784,0.8561123249971219,0.0667753500057566,0.9
2022-06-29,MTNGH,1.11,0.86,0.9,0.9,0.9,0.9,0.0,5542479.0,4988231.1,0.8943333333333334,2022,6,June,2,2,0.9,0.87,0.86,0.86,0.87,0.87,112724.0,1852.0,101297.6,1611.24,0.8757142857142857,0.885,0.0171824938596637,0.86,0.9,0.0,0.0,4.651162790697678,0.04,50.0,0.8851092336037005,0.8976674950549542,-0.0125582614512537,-0.0166959537926891,0.0041376923414353,0.0167503645525322,0.9228876750028784,0.8561123249971216,0.0667753500057566,0.9
2022-06-30,MTNGH,1.11,0.86,0.9,0.9,0.9,0.9,0.0,85471.0,76923.9,0.893,2022,6,June,2,3,0.9,0.87,0.87,0.86,0.9,0.87,5542479.0,7816.0,4988231.1,6799.92,0.8814285714285715,0.8849999999999999,0.0177281052085378,0.86,0.9,0.0,0.0,4.651162790697678,0.04,50.0,0.8874001207415927,0.8978402731990317,-0.010440152457439,-0.015444793525639,0.0050046410682,0.0144198139544796,0.9228876750028784,0.8561123249971216,0.0667753500057566,0.9
2022-07-01,MTNGH,1.11,0.86,0.9,0.9,0.9,0.9,0.0,6430.0,5787.0,0.893,2022,7,July,3,4,0.9,0.9,0.87,0.86,0.9,0.87,85471.0,112724.0,76923.9,101297.6,0.8871428571428571,0.885,0.0160356745147224,0.87,0.9,0.0,0.0,4.651162790697678,0.04,50.0,0.8893385637044247,0.8980002529620664,-0.0086616892576417,-0.0140881726720396,0.0054264834143978,0.0144198139544796,0.9228876750028784,0.8561123249971216,0.0667753500057566,0.9
2022-07-04,MTNGH,1.11,0.86,0.9,0.9,0.9,0.9,0.0,24115.0,21703.5,0.8930000000000001,2022,7,July,3,0,0.9,0.9,0.87,0.87,0.9,0.9,6430.0,5542479.0,5787.0,4988231.1,0.8914285714285715,0.885,0.0146385010942024,0.87,0.9,0.0,0.0,3.448275862068969,0.03,50.0,0.8909787846729746,0.8981483823722837,-0.007169597699309,-0.0127044576774935,0.0055348599781844,0.0144198139544796,0.9228876750028784,0.8561123249971216,0.0667753500057566,0.9
2022-07-05,MTNGH,1.11,0.86,0.9,0.9,0.9,0.9,0.0,52320.0,47088.0,0.893,2022,7,July,3,1,0.9,0.9,0.9,0.87,0.9,0.9,24115.0,85471.0,21703.5,76923.9,0.8957142857142858,0.885,0.0113389341902434,0.87,0.9,0.0,0.0,3.448275862068969,0.03,50.0,0.8923666639540555,0.898285539233596,-0.0059188752795404,-0.0113473411979029,0.0054284659183624,0.0144198139544796,0.9228876750028784,0.8561123249971219,0.0667753500057566,0.9
2022-07-06,MTNGH,1.11,0.86,0.9,0.9,0.9,0.9,0.0,14580.0,13122.0,0.8930000000000001,2022,7,July,3,2,0.9,0.9,0.9,0.87,0.9,0.9,52320.0,6430.0,47088.0,5787.0,0.9,0.885,0.0,0.9,0.9,0.0,0.0,3.448275862068969,0.03,50.0,0.8935410233457393,0.8984125363274037,-0.0048715129816644,-0.0100521755546552,0.0051806625729907,0.0144198139544796,0.9228876750028784,0.8561123249971216,0.0667753500057566,0.9
2022-07-07,MTNGH,1.11,0.86,0.9,0.9,0.9,0.9,0.0,1018900.0,917010.0,0.893,2022,7,July,3,3,0.9,0.9,0.9,0.9,0.9,0.9,14580.0,24115.0,13122.0,21703.5,0.9,0.8849999999999999,0.0,0.9,0.9,0.0,0.0,0.0,0.0,50.0,0.8945347120617795,0.8985301262290775,-0.0039954141672979,-0.0088408232771837,0.0048454091098857,0.0144198139544796,0.9228876750028784,0.8561123249971216,0.0667753500057566,0.9
2022-07-08,MTNGH,1.11,0.86,0.9,0.9,0.9,0.9,0.0,29678.0,26710.2,0.893,2022,7,July,3,4,0.9,0.9,0.9,0.9,0.9,0.9,1018900.0,52320.0,917010.0,47088.0,0.9,0.8878571428571428,0.0,0.9,0.9,0.0,0.0,0.0,0.0,100.0,0.8953755255907365,0.8986390057676643,-0.0032634801769277,-0.0077253546571325,0.0044618744802047,0.0144198139544796,0.9228876750028784,0.8561123249971216,0.0667753500057566,0.9
2022-07-12,MTNGH,1.11,0.86,0.9,0.9,0.9,0.9,0.0,448694.0,403824.6,0.8930000000000001,2022,7,July,3,1,0.9,0.9,0.9,0.9,0.9,0.9,29678.0,14580.0,26710.2,13122.0,0.9,0.8907142857142858,0.0,0.9,0.9,0.0,0.0,0.0,0.0,100.0,0.8960869831921616,0.8987398201552447,-0.002652836963083,-0.0067108511183226,0.0040580141552396,0.0144198139544796,0.9228876750028784,0.8561123249971216,0.0667753500057566,0.87
2022-07-13,MTNGH,1.11,0.86,0.9,0.9,0.87,0.87,-0.03,10254462.0,8922862.41,0.8919999999999999,2022,7,July,3,2,0.9,0.9,0.9,0.9,0.9,0.9,448694.0,1018900.0,403824.6,917010.0,0.8957142857142858,0.8914285714285715,0.0113389341902434,0.87,0.9,-0.0333333333333333,-0.0339015516756813,-3.333333333333336,-0.03,57.142857142857146,0.8920736011625983,0.8966109445881895,-0.0045373434255912,-0.0062761495797763,0.0017388061541851,0.0149481863736412,0.9220896650489616,0.8539103349510385,0.0681793300979232,0.83
2022-07-14,MTNGH,1.11,0.83,0.87,0.87,0.83,0.83,-0.04,38128902.0,31648901.34,0.8896666666666667,2022,7,July,3,3,0.87,0.9,0.9,0.9,0.9,0.9,10254462.0,29678.0,8922862.41,26710.2,0.8857142857142858,0.8885714285714286,0.0269920623252595,0.83,0.9,-0.0459770114942529,-0.0470675108579858,-7.777777777777785,-0.07,30.0,0.8825238163683523,0.8916768005446198,-0.0091529841762675,-0.0068515164990746,-0.0023014676771929,0.0186590707040641,0.9267897275070898,0.8422102724929099,0.0845794550141798,0.83
2022-07-18,MTNGH,1.11,0.83,0.83,0.83,0.83,0.83,0.0,5405.0,4486.15,0.8873333333333332,2022,7,July,3,0,0.83,0.9,0.9,0.9,0.87,0.9,38128902.0,448694.0,31648901.34,403824.6,0.8757142857142857,0.8857142857142858,0.0330943816264542,0.83,0.9,0.0,0.0,-7.777777777777785,-0.07,30.0,0.8744432292347596,0.8871081486524258,-0.0126649194176662,-0.0080141970827929,-0.0046507223348732,0.0214850923991806,0.9290788825510804,0.8329211174489195,0.096157765102161,0.83
2022-07-19,MTNGH,1.11,0.83,0.83,0.83,0.83,0.83,0.0,12000.0,9960.0,0.885,2022,7,July,3,1,0.83,0.87,0.9,0.9,0.83,0.9,5405.0,10254462.0,4486.15,8922862.41,0.8657142857142858,0.8828571428571428,0.0350509832753768,0.83,0.9,0.0,0.0,-7.777777777777785,-0.07,30.0,0.8676058093524889,0.8828779154189128,-0.0152721060664239,-0.0094657788795191,-0.0058063271869047,0.0237443278162869,0.9297645094434112,0.8252354905565885,0.1045290188868226,0.83
2022-07-20,MTNGH,1.11,0.83,0.83,0.83,0.83,0.83,0.0,1005550.0,834606.5,0.8826666666666667,2022,7,July,3,2,0.83,0.83,0.9,0.9,0.83,0.87,12000.0,38128902.0,9960.0,31648901.34,0.8557142857142858,0.8778571428571428,0.0335942171894326,0.83,0.9,0.0,0.0,-7.777777777777785,-0.07,0.0,0.8618203002213367,0.8789610327952896,-0.0171407325739528,-0.0110007696184058,-0.0061399629555469,0.0255873531979604,0.9319699167315738,0.8200300832684262,0.1119398334631476,0.83
2022-07-21,MTNGH,1.11,0.83,0.83,0.83,0.83,0.83,0.0,786970.0,653185.1,0.8803333333333333,2022,7,July,3,3,0.83,0.83,0.87,0.9,0.83,0.83,1005550.0,5405.0,834606.5,4486.15,0.8457142857142855,0.8728571428571428,0.0281999662275943,0.83,0.9,0.0,0.0,-7.777777777777785,-0.07,0.0,0.8569248694180541,0.8753342896252682,-0.018409420207214,-0.0124824997361675,-0.0059269204710465,0.0270992216879186,0.9337852160500164,0.8152147839499835,0.1185704321000329,0.83
2022-07-22,MTNGH,1.11,0.83,0.83,0.83,0.83,0.83,0.0,7267.0,6031.61,0.878,2022,7,July,3,4,0.83,0.83,0.83,0.9,0.83,0.83,786970.0,12000.0,653185.1,9960.0,0.8357142857142856,0.8678571428571429,0.0151185789203489,0.83,0.87,0.0,0.0,-7.777777777777785,-0.07,0.0,0.8527825818152766,0.8719761940974705,-0.0191936122821939,-0.0138247222453728,-0.0053688900368211,0.0283329952650378,0.9352727447350276,0.8107272552649725,0.124545489470055,0.83
2022-07-25,MTNGH,1.11,0.83,0.83,0.83,0.83,0.83,0.0,8333.0,6916.39,0.8756666666666667,2022,7,July,3,0,0.83,0.83,0.83,0.87,0.83,0.83,7267.0,1005550.0,6031.61,834606.5,0.83,0.8628571428571429,0.0,0.83,0.83,0.0,0.0,-4.597701149425292,-0.04,0.0,0.8492775692283109,0.8688668463865468,-0.0195892771582358,-0.0149776332279454,-0.0046116439302904,0.0293237967778774,0.9361799129534804,0.8058200870465194,0.1303598259069609,0.83
2022-07-26,MTNGH,1.11,0.83,0.83,0.83,0.83,0.83,0.0,2912.0,2416.96,0.8733333333333333,2022,7,July,3,1,0.83,0.83,0.83,0.83,0.83,0.83,8333.0,786970.0,6916.39,653185.1,0.83,0.8578571428571429,0.0,0.83,0.83,0.0,0.0,0.0,0.0,0.0,0.8463117893470322,0.8659878207282841,-0.0196760313812518,-0.0159173128586067,-0.0037587185226451,0.0300956330127107,0.9367145712375582,0.8012854287624418,0.1354291424751164,0.91
2022-07-27,MTNGH,1.11,0.83,0.83,0.83,0.91,0.91,0.08,6004.0,5172.84,0.8736666666666667,2022,7,July,3,2,0.83,0.83,0.83,0.83,0.83,0.83,2912.0,7267.0,2416.96,6031.61,0.8414285714285714,0.8585714285714285,0.0302371578407279,0.83,0.91,0.0963855421686747,0.0920188987202521,9.63855421686748,0.08,53.33333333333333,0.856109975601335,0.8692479821558186,-0.0131380065544836,-0.015361451597782,0.0022234450432984,0.0304544128882301,0.9411577170605602,0.80084228293944,0.1403154341211201,0.91
2022-07-28,MTNGH,1.11,0.83,0.91,0.91,0.91,0.91,0.0,31695.0,28842.45,0.874,2022,7,July,3,3,0.91,0.83,0.83,0.83,0.83,0.83,6004.0,8333.0,5172.84,6916.39,0.8528571428571429,0.8592857142857142,0.039036002917933,0.83,0.91,0.0,0.0,9.63855421686748,0.08,53.33333333333333,0.864400748585745,0.8722666501442764,-0.0078659015585313,-0.0138623415899319,0.0059964400314005,0.0308052839175419,0.9426632666922165,0.8003367333077835,0.1423265333844328,0.91
2022-07-29,MTNGH,1.11,0.83,0.91,0.91,0.91,0.91,0.0,4466.0,4064.06,0.8743333333333333,2022,7,July,3,4,0.91,0.83,0.83,0.83,0.91,0.83,31695.0,2912.0,28842.45,2416.96,0.8642857142857144,0.8600000000000001,0.04276179870598,0.83,0.91,0.0,0.0,9.63855421686748,0.08,53.33333333333333,0.871416018034092,0.8750617130965522,-0.0036456950624602,-0.0118190122844376,0.0081733172219773,0.0311485133683207,0.944140214348916,0.7998597856510842,0.1442804286978318,0.83
2022-08-01,MTNGH,1.11,0.83,0.91,0.91,0.83,0.83,-0.08,1062857.0,883257.15,0.872,2022,8,August,3,0,0.91,0.91,0.83,0.83,0.91,0.83,4466.0,6004.0,4064.06,5172.84,0.8642857142857144,0.8550000000000001,0.04276179870598,0.83,0.91,-0.0879120879120879,-0.0920188987202521,0.0,0.0,34.78260869565217,0.8650443229519239,0.8717238084227336,-0.0066794854708096,-0.010791106921712,0.0041116214509023,0.0317750715563753,0.941704831591997,0.7952951684080031,0.1464096631839939,0.75
2022-08-02,MTNGH,1.11,0.75,0.83,0.83,0.75,0.75,-0.08,60828795.0,45626783.16,0.8670000000000001,2022,8,August,3,1,0.83,0.91,0.83,0.83,0.91,0.91,1062857.0,31695.0,883257.15,28842.45,0.852857142857143,0.8442857142857143,0.060474315681471,0.75,0.91,-0.0963855421686746,-0.1013524942602874,-9.638554216867464,-0.0799999999999999,25.80645161290323,0.8473451963439357,0.8627072300210497,-0.0153620336771139,-0.0117052922727924,-0.0036567414043215,0.038340579025348,0.9497100540198334,0.7722899459801665,0.1774201080396669,0.8
2022-08-03,MTNGH,1.11,0.75,0.75,0.75,0.8,0.8,0.05,3801667.0,3041333.6,0.865,2022,8,August,3,2,0.75,0.91,0.91,0.83,0.83,0.91,60828795.0,4466.0,45626783.16,4064.06,0.8485714285714286,0.8392857142857142,0.0633583910329569,0.75,0.91,0.0666666666666666,0.0645385211375711,-3.614457831325292,-0.0299999999999999,39.393939393939405,0.8400613199833302,0.8580622500194904,-0.0180009300361602,-0.0129644198254659,-0.0050365102106942,0.0402363705773809,0.946704842324121,0.7652951576758792,0.1814096846482418,0.8
2022-08-05,MTNGH,1.11,0.75,0.8,0.8,0.8,0.8,0.0,665.0,532.0,0.863,2022,8,August,3,4,0.8,0.83,0.91,0.83,0.75,0.91,3801667.0,1062857.0,3041333.6,883257.15,0.8442857142857143,0.8371428571428572,0.0657918796552492,0.75,0.91,0.0,0.0,-3.614457831325292,-0.0299999999999999,44.82758620689657,0.8338980399858948,0.8537613426106393,-0.0198633026247444,-0.0143441963853216,-0.0055191062394227,0.0419482439729333,0.9425135882921004,0.7594864117078997,0.1830271765842006,0.8
2022-08-08,MTNGH,1.11,0.75,0.8,0.8,0.8,0.8,0.0,11746.0,9396.8,0.861,2022,8,August,3,0,0.8,0.75,0.91,0.91,0.8,0.83,665.0,60828795.0,532.0,45626783.16,0.8285714285714285,0.8350000000000001,0.0603955217513554,0.75,0.91,0.0,0.0,-12.087912087912086,-0.1099999999999999,44.82758620689657,0.8286829569111418,0.8497790209357771,-0.0210960640246352,-0.0156945699131843,-0.0054014941114508,0.043497919094092,0.937167861373178,0.7548321386268223,0.1823357227463555,0.8
2022-08-09,MTNGH,1.11,0.75,0.8,0.8,0.8,0.8,0.0,5947.0,4757.6,0.8586666666666667,2022,8,August,3,1,0.8,0.8,0.83,0.91,0.8,0.75,11746.0,3801667.0,9396.8,3041333.6,0.8128571428571428,0.8328571428571429,0.0488924962594018,0.75,0.91,0.0,0.0,-12.087912087912086,-0.1099999999999999,44.82758620689657,0.8242701943094277,0.8460916860516454,-0.0218214917422177,-0.016919954278991,-0.0049015374632266,0.044854810477667,0.9306543068504376,0.7513456931495625,0.179308613700875,0.88
2022-08-10,MTNGH,1.11,0.75,0.8,0.8,0.88,0.88,0.08,2328746.0,2049296.48,0.859,2022,8,August,3,2,0.8,0.8,0.75,0.91,0.8,0.8,5947.0,665.0,4757.6,532.0,0.8085714285714286,0.8364285714285715,0.039339789623465,0.75,0.88,0.0999999999999998,0.0953101798043247,-3.2967032967033,-0.03,56.75675675675676,0.8328440105695158,0.8486034130107829,-0.015759402441267,-0.0166878439114462,0.0009284414701791,0.0449789222667105,0.9272986404909562,0.7527013595090439,0.1745972809819123,0.88
2022-08-11,MTNGH,1.11,0.75,0.88,0.88,0.88,0.88,0.0,8280.0,7286.4,0.8593333333333333,2022,8,August,3,3,0.88,0.8,0.8,0.83,0.8,0.8,2328746.0,11746.0,2049296.48,9396.8,0.8157142857142857,0.84,0.047559486560561,0.75,0.88,0.0,0.0,6.024096385542174,0.05,56.75675675675676,0.8400987781742058,0.8509290861210952,-0.0108303079468894,-0.0155163367185348,0.0046860287716454,0.045100143996496,0.92382799934971,0.7541720006502898,0.1696559986994201,0.95
2022-08-12,MTNGH,1.11,0.75,0.88,0.88,0.96,0.95,0.07,13565.0,12732.2,0.8610000000000001,2022,8,August,3,4,0.88,0.8,0.8,0.75,0.88,0.8,8280.0,5947.0,7286.4,4757.6,0.8442857142857143,0.8485714285714286,0.0599603043290931,0.8,0.95,0.0795454545454545,0.0765400771223344,26.66666666666666,0.1999999999999999,63.63636363636363,0.8570066584550972,0.8582676723343474,-0.0012610138792502,-0.0126652721506779,0.0114042582714277,0.0475140632538986,0.9405704873411544,0.7454295126588455,0.1951409746823089,0.95
2022-08-15,MTNGH,1.11,0.75,0.95,0.95,0.95,0.95,0.0,62053.0,58950.35,0.8626666666666666,2022,8,August,3,0,0.95,0.88,0.8,0.8,0.88,0.8,13565.0,2328746.0,12732.2,2049296.48,0.8657142857142857,0.8571428571428571,0.0677881855136824,0.8,0.95,0.0,0.0,18.74999999999999,0.1499999999999999,63.63636363636363,0.8713133263850822,0.8650626595688402,0.0062506668162419,-0.0088820843572939,0.0151327511735359,0.0497534149466095,0.957365852069402,0.740634147930598,0.2167317041388039,0.95
2022-08-16,MTNGH,1.11,0.75,0.95,0.95,0.95,0.95,0.0,83172.0,79013.4,0.8643333333333333,2022,8,August,3,1,0.95,0.88,0.8,0.8,0.95,0.88,62053.0,8280.0,58950.35,7286.4,0.8871428571428571,0.8657142857142858,0.0672592709134497,0.8,0.95,0.0,0.0,18.74999999999999,0.1499999999999999,63.63636363636363,0.8834189684796849,0.8713543144155929,0.012064654064092,-0.0046927366730167,0.0167573907371088,0.051840826231521,0.971889511482972,0.7381104885170283,0.2337790229659435,0.95
2022-08-17,MTNGH,1.11,0.75,0.95,0.95,0.95,0.95,0.0,7147.0,6789.65,0.866,2022,8,August,3,2,0.95,0.95,0.88,0.8,0.95,0.88,83172.0,13565.0,79013.4,12732.2,0.9085714285714286,0.8685714285714285,0.0581459575632876,0.8,0.95,0.0,0.0,18.74999999999999,0.1499999999999999,55.55555555555555,0.893662204098195,0.8771799207551785,0.0164822833430164,-0.0004577326698101,0.0169400160128266,0.0537939876142978,0.984612297122864,0.7373877028771361,0.247224594245728,0.95
2022-08-18,MTNGH,1.11,0.75,0.95,0.95,0.95,0.95,0.0,9476.0,9002.2,0.8676666666666666,2022,8,August,3,3,0.95,0.95,0.88,0.8,0.95,0.95,7147.0,62053.0,6789.65,58950.35,0.93,0.8714285714285713,0.0341565025531875,0.88,0.95,0.0,0.0,18.74999999999999,0.1499999999999999,55.55555555555555,0.9023295573138572,0.8825740006992393,0.019755556614618,0.0035849251870755,0.0161706314275425,0.0556270421296235,0.9958164749188464,0.7381835250811535,0.257632949837693,0.95
2022-08-19,MTNGH,1.11,0.75,0.95,0.95,0.95,0.95,0.0,6442.0,6119.9,0.8693333333333334,2022,8,August,3,4,0.95,0.95,0.95,0.88,0.95,0.95,9476.0,83172.0,9002.2,79013.4,0.9399999999999998,0.8742857142857143,0.0264575131106314,0.88,0.95,0.0,0.0,7.954545454545449,0.0699999999999999,55.55555555555555,0.909663471573264,0.8875685191659624,0.0220949524073015,0.0072869306311207,0.0148080217761808,0.057351507410859,1.0056808596833302,0.7403191403166698,0.2653617193666604,0.95
2022-08-22,MTNGH,1.11,0.75,0.95,0.95,0.95,0.95,0.0,2179.0,2070.05,0.871,2022,8,August,3,0,0.95,0.95,0.95,0.88,0.95,0.95,6442.0,7147.0,6119.9,6789.65,0.95,0.8828571428571428,0.0,0.95,0.95,0.0,0.0,7.954545454545449,0.0699999999999999,71.42857142857143,0.9158690913312232,0.8921930733018171,0.0236760180294062,0.0105647481107778,0.0131112699186284,0.0589769095669477,1.0143202828380151,0.7436797171619844,0.2706405656760309,0.91
2022-08-23,MTNGH,1.11,0.75,0.95,0.95,0.91,0.91,-0.04,933028.0,849515.96,0.8713333333333334,2022,8,August,3,1,0.95,0.95,0.95,0.95,0.95,0.95,2179.0,9476.0,2070.05,9002.2,0.9442857142857142,0.8942857142857142,0.0151185789203435,0.91,0.95,-0.0421052631578946,-0.0430173850836907,-4.210526315789466,-0.0399999999999999,83.33333333333336,0.9149661542033428,0.8935121049090898,0.0214540492942529,0.0127426083474728,0.0087114409467801,0.0591743964515166,1.0169442146252357,0.7490557853747644,0.2678884292504713,0.91
2022-08-24,MTNGH,1.11,0.75,0.91,0.91,0.91,0.91,0.0,15392.0,14006.72,0.8716666666666667,2022,8,August,3,2,0.91,0.95,0.95,0.95,0.95,0.95,933028.0,6442.0,849515.96,6119.9,0.9385714285714286,0.9021428571428572,0.019518001458951,0.91,0.95,0.0,0.0,-4.210526315789466,-0.0399999999999999,78.94736842105266,0.9142021304797516,0.8947334304713794,0.0194687000083721,0.0140878266796527,0.0053808733287194,0.0593692904090754,1.0190446495458132,0.7549553504541866,0.2640892990916266,0.91
2022-08-25,MTNGH,1.11,0.75,0.91,0.91,0.91,0.91,0.0,3076.0,2799.16,0.872,2022,8,August,3,3,0.91,0.95,0.95,0.95,0.91,0.95,15392.0,2179.0,14006.72,2070.05,0.9328571428571428,0.91,0.0213808993529762,0.91,0.95,0.0,0.0,-4.210526315789466,-0.0399999999999999,78.94736842105266,0.9135556488674822,0.8958642874734994,0.0176913613939827,0.0148085336225187,0.002882827771464,0.059561616892891,1.0190446495458132,0.7549553504541866,0.2640892990916266,0.91
2022-08-26,MTNGH,1.11,0.75,0.91,0.91,0.91,0.91,0.0,9219.0,8389.29,0.8733333333333333,2022,8,August,3,4,0.91,0.91,0.95,0.95,0.91,0.95,3076.0,933028.0,2799.16,849515.96,0.9271428571428572,0.9178571428571428,0.0213808993529764,0.91,0.95,0.0,0.0,-4.210526315789466,-0.0399999999999999,78.94736842105266,0.9130086259647926,0.8969113772902773,0.0160972486745153,0.015066276632918,0.0010309720415972,0.0599616735827941,1.0190446495458132,0.7549553504541866,0.2640892990916266,0.91
2022-08-29,MTNGH,1.11,0.75,0.91,0.91,0.91,0.91,0.0,28011.0,25490.01,0.876,2022,8,August,3,0,0.91,0.91,0.95,0.95,0.91,0.91,9219.0,15392.0,8389.29,14006.72,0.9214285714285716,0.9257142857142858,0.0195180014589516,0.91,0.95,0.0,0.0,-4.210526315789466,-0.0399999999999999,78.94736842105266,0.9125457604317476,0.8978809048984048,0.0146648555333428,0.014985992413003,-0.0003211368796601,0.0597465913037119,1.0190446495458132,0.7549553504541866,0.2640892990916266,0.91
2022-08-30,MTNGH,1.11,0.75,0.91,0.91,0.91,0.91,0.0,1372705.0,1249161.55,0.8786666666666668,2022,8,August,3,1,0.91,0.91,0.91,0.95,0.91,0.91,28011.0,3076.0,25490.01,2799.16,0.9157142857142856,0.9278571428571428,0.0151185789203448,0.91,0.95,0.0,0.0,-4.210526315789466,-0.0399999999999999,63.63636363636366,0.9121541049807096,0.898778615646671,0.0133754893340384,0.01466389179721,-0.0012884024631716,0.0594070315896851,1.0205985704924123,0.7614014295075875,0.259197140984825,0.91
2022-08-31,MTNGH,1.11,0.75,0.91,0.91,0.91,0.91,0.0,13727.0,12491.57,0.8813333333333334,2022,8,August,3,2,0.91,0.91,0.91,0.95,0.91,0.91,1372705.0,9219.0,1249161.55,8389.29,0.91,0.93,0.0,0.91,0.91,0.0,0.0,-4.210526315789466,-0.0399999999999999,63.63636363636366,0.9118227042144464,0.8996098293024731,0.0122128749119733,0.0141736884201627,-0.0019608135081894,0.0589408431268569,1.010430884880522,0.787569115119478,0.2228617697610441,0.91
2022-09-01,MTNGH,1.11,0.75,0.91,0.91,0.91,0.91,0.0,3826.0,3481.66,0.8840000000000001,2022,9,September,3,3,0.91,0.91,0.91,0.91,0.91,0.91,13727.0,28011.0,12491.57,25490.01,0.91,0.9271428571428572,0.0,0.91,0.91,0.0,0.0,0.0,0.0,0.0,0.9115422881814548,0.900379471576364,0.0111628166050906,0.0135715140571483,-0.0024086974520576,0.0583449906250185,1.0057500812215066,0.8032499187784934,0.2025001624430131,0.91
2022-09-02,MTNGH,1.11,0.75,0.91,0.91,0.91,0.91,0.0,2851.0,2594.41,0.8866666666666666,2022,9,September,3,4,0.91,0.91,0.91,0.91,0.91,0.91,3826.0,1372705.0,3481.66,1249161.55,0.91,0.9242857142857144,0.0,0.91,0.91,0.0,0.0,0.0,0.0,0.0,0.9113050130766156,0.901092103311448,0.0102129097651674,0.0128997931987521,-0.0026868834335847,0.0576154513119882,0.9984962086609472,0.8215037913390526,0.1769924173218946,0.91
2022-09-05,MTNGH,1.11,0.75,0.91,0.91,0.91,0.91,0.0,18255.0,16612.05,0.8893333333333333,2022,9,September,3,0,0.91,0.91,0.91,0.91,0.91,0.91,2851.0,13727.0,2594.41,12491.57,0.91,0.9214285714285714,0.0,0.91,0.91,0.0,0.0,0.0,0.0,0.0,0.9111042418340592,0.9017519475106,0.0093522943234591,0.0121902934236935,-0.0028379991002343,0.0567470693961944,0.9873111558551796,0.8436888441448203,0.1436223117103594,0.91
2022-09-06,MTNGH,1.11,0.75,0.91,0.91,0.91,0.91,0.0,1285019.0,1169367.29,0.8919999999999999,2022,9,September,3,1,0.91,0.91,0.91,0.91,0.91,0.91,18255.0,3826.0,16612.05,3481.66,0.91,0.9185714285714284,0.0,0.91,0.91,0.0,0.0,0.0,0.0,0.0,0.9109343584749732,0.9023629143616668,0.0085714441133064,0.0114665235616161,-0.0028950794483096,0.0557333553318905,0.9681950041958536,0.8738049958041464,0.0943900083917073,0.91
2022-09-07,MTNGH,1.11,0.75,0.91,0.91,0.91,0.91,0.0,7667.0,6976.97,0.8946666666666666,2022,9,September,3,2,0.91,0.91,0.91,0.91,0.91,0.91,1285019.0,2851.0,1169367.29,2594.41,0.91,0.9157142857142856,0.0,0.91,0.91,0.0,0.0,0.0,0.0,0.0,0.910790611017285,0.9029286244089506,0.0078619866083343,0.0107456161709597,-0.0028836295626254,0.0545662099138915,0.9659680766103655,0.8790319233896344,0.0869361532207311,0.91
2022-09-08,MTNGH,1.11,0.75,0.91,0.91,0.91,0.91,0.0,20145.0,18331.95,0.8946666666666666,2022,9,September,3,3,0.91,0.91,0.91,0.91,0.91,0.91,7667.0,18255.0,6976.97,16612.05,0.91,0.9128571428571428,0.0,0.91,0.91,0.0,0.0,0.0,0.0,0.0,0.9106689785530871,0.9034524300082876,0.0072165485447996,0.0100398026457277,-0.002823254100928,0.0545662099138915,0.9631488387942928,0.8848511612057073,0.0782976775885855,0.91
2022-09-09,MTNGH,1.11,0.75,0.91,0.91,0.91,0.91,0.0,119095.0,108376.45,0.8946666666666666,2022,9,September,3,4,0.91,0.91,0.91,0.91,0.91,0.91,20145.0,1285019.0,18331.95,1169367.29,0.91,0.91,0.0,0.91,0.91,0.0,0.0,0.0,0.0,0.0,0.9105660587756892,0.9039374351928589,0.0066286235828303,0.0093575668331482,-0.0027289432503179,0.0545662099138915,0.9596129876784512,0.8843870123215488,0.0752259753569024,0.88
2022-09-27,MTNGH,1.11,0.75,0.91,0.91,0.91,0.88,-0.03,12267117.0,10796977.77,0.917,2022,9,September,3,1,0.91,0.91,0.91,0.91,0.91,0.91,561433.0,6202.0,510904.03,5643.82,0.9057142857142856,0.9078571428571428,0.0113389341902452,0.88,0.91,-0.0329670329670329,-0.0335226920386435,-3.2967032967033,-0.03,0.0,0.905491116671676,0.9049696372380184,0.0005214794336576,0.0038660929688844,-0.0033446135352267,0.0176459431695777,0.9219164078647542,0.895083592135246,0.0268328157295081,0.88
2022-09-28,MTNGH,1.11,0.75,0.88,0.88,0.88,0.88,0.0,3380.0,2974.4,0.9146666666666668,2022,9,September,3,2,0.88,0.91,0.91,0.91,0.91,0.91,12267117.0,34434.0,10796977.77,31334.94,0.9014285714285714,0.9057142857142858,0.0146385010942037,0.88,0.91,0.0,0.0,-3.2967032967033,-0.03,0.0,0.9015694064144952,0.9031200344796468,-0.0015506280651516,0.0027827487620772,-0.0043333768272288,0.0177595692191479,0.9254676103373533,0.8885323896626469,0.0369352206747062,0.88
2022-09-29,MTNGH,1.11,0.75,0.88,0.88,0.88,0.88,0.0,1545.0,1359.6,0.9123333333333332,2022,9,September,3,3,0.88,0.91,0.91,0.91,0.88,0.91,3380.0,561433.0,2974.4,510904.03,0.897142857142857,0.9035714285714286,0.0160356745147235,0.88,0.91,0.0,0.0,-3.2967032967033,-0.03,0.0,0.8982510361968805,0.9014074393330064,-0.0031564031361257,0.0015949183824366,-0.0047513215185623,0.0175545127969805,0.9274808529117988,0.8835191470882011,0.0439617058235977,0.88
2022-09-30,MTNGH,1.11,0.75,0.88,0.88,0.88,0.88,0.0,18329904.0,16130315.52,0.91,2022,9,September,3,4,0.88,0.88,0.91,0.91,0.88,0.91,1545.0,12267117.0,1359.6,10796977.77,0.8928571428571429,0.9014285714285716,0.0160356745147236,0.88,0.91,0.0,0.0,-3.2967032967033,-0.03,0.0,0.8954431844742834,0.8998217030861169,-0.0043785186118334,0.0004002309835825,-0.004778749595416,0.0170192588679092,0.9286234804499064,0.879376519550094,0.0492469608998122,0.88
2022-10-03,MTNGH,1.11,0.75,0.88,0.88,0.88,0.88,0.0,3212346.0,2826864.48,0.9076666666666668,2022,10,October,4,0,0.88,0.88,0.91,0.91,0.88,0.88,18329904.0,3380.0,16130315.52,2974.4,0.8885714285714287,0.8992857142857142,0.0146385010942043,0.88,0.91,0.0,0.0,-3.2967032967033,-0.03,0.0,0.8930673099397783,0.8983534287834416,-0.0052861188436632,-0.0007370389818665,-0.0045490798617966,0.016120950886048,0.9291556994990308,0.8758443005009694,0.0533113989980613,0.88
2022-10-04,MTNGH,1.11,0.75,0.88,0.88,0.88,0.88,0.0,0.0,0.0,0.9053333333333332,2022,10,October,4,1,0.88,0.88,0.88,0.91,0.88,0.88,3212346.0,1545.0,2826864.48,1359.6,0.8842857142857143,0.8971428571428571,0.0113389341902465,0.88,0.91,0.0,0.0,-3.2967032967033,-0.03,0.0,0.8910569545644278,0.8969939155402238,-0.0059369609757959,-0.0017770233806524,-0.0041599375951435,0.0147935991128509,0.929209740758775,0.872790259241225,0.05641948151755,0.88
2022-10-05,MTNGH,1.11,0.75,0.88,0.88,0.88,0.88,0.0,339426.0,298694.88,0.903,2022,10,October,4,2,0.88,0.88,0.88,0.91,0.88,0.88,0.0,18329904.0,0.0,16130315.52,0.88,0.8950000000000001,0.0,0.88,0.88,0.0,0.0,-3.2967032967033,-0.03,0.0,0.8893558846314389,0.8957351069816888,-0.0063792223502499,-0.0026974631745719,-0.0036817591756779,0.012905492014527,0.9288616290956568,0.8701383709043434,0.0587232581913133,0.88
2022-10-06,MTNGH,1.11,0.75,0.88,0.88,0.88,0.88,0.0,843.0,741.84,0.902,2022,10,October,4,3,0.88,0.88,0.88,0.88,0.88,0.88,339426.0,3212346.0,298694.88,2826864.48,0.88,0.8928571428571429,0.0,0.88,0.88,0.0,0.0,0.0,0.0,0.0,0.8879165177650636,0.8945695435015637,-0.0066530257365,-0.0034885756869575,-0.0031644500495424,0.0134932933532303,0.9281574813968853,0.8678425186031149,0.0603149627937702,0.88
2022-10-07,MTNGH,1.11,0.75,0.88,0.88,0.88,0.88,0.0,93027.0,81863.76,0.901,2022,10,October,4,4,0.88,0.88,0.88,0.88,0.88,0.88,843.0,0.0,741.84,0.0,0.88,0.8907142857142858,0.0,0.88,0.88,0.0,0.0,0.0,0.0,0.0,0.8866985919550538,0.8934903180570035,-0.0067917261019496,-0.0041492057699559,-0.0026425203319936,0.0139827479909492,0.927125067131926,0.8658749328680739,0.061250134263852,0.88
2022-10-10,MTNGH,1.11,0.75,0.88,0.88,0.88,0.88,0.0,36628.0,32232.64,0.9,2022,10,October,4,0,0.88,0.88,0.88,0.88,0.88,0.88,93027.0,339426.0,81863.76,298694.88,0.88,0.8885714285714286,0.0,0.88,0.88,0.0,0.0,0.0,0.0,0.0,0.8856680393465841,0.8924910352379662,-0.0068229958913821,-0.0046839637942412,-0.0021390320971409,0.0143838990445295,0.9257793505624377,0.8642206494375623,0.0615587011248752,0.88
2022-10-11,MTNGH,1.11,0.75,0.88,0.88,0.88,0.88,0.0,43656.0,38417.28,0.8989999999999999,2022,10,October,4,1,0.88,0.88,0.88,0.88,0.88,0.88,36628.0,843.0,32232.64,741.84,0.88,0.8864285714285715,0.0,0.88,0.88,0.0,0.0,0.0,0.0,0.0,0.8847960332932634,0.8915657733684872,-0.0067697400752237,-0.0051011190504377,-0.001668621024786,0.0147039755355754,0.9241250671319238,0.8628749328680764,0.0612501342638474,0.88
2022-10-12,MTNGH,1.11,0.75,0.88,0.88,0.88,0.88,0.0,152429.0,134137.52,0.8979999999999999,2022,10,October,4,2,0.88,0.88,0.88,0.88,0.88,0.88,43656.0,93027.0,38417.28,81863.76,0.88,0.8842857142857142,0.0,0.88,0.88,0.0,0.0,0.0,0.0,0.0,0.8840581820173767,0.8907090494152659,-0.0066508673978891,-0.005411068719928,-0.0012397986779611,0.0149481863736422,0.9221574813968804,0.8618425186031198,0.0603149627937604,0.88
2022-10-13,MTNGH,1.11,0.75,0.88,0.88,0.88,0.88,0.0,2571308.0,2262751.04,0.897,2022,10,October,4,3,0.88,0.88,0.88,0.88,0.88,0.88,152429.0,36628.0,134137.52,32232.64,0.88,0.8821428571428571,0.0,0.88,0.88,0.0,0.0,0.0,0.0,0.0,0.8834338463223956,0.8899157864956164,-0.0064819401732207,-0.0056252430105865,-0.0008566971626342,0.0151202079897812,0.9198616290956492,0.8611383709043507,0.0587232581912984,0.88
2022-10-14,MTNGH,1.11,0.75,0.88,0.88,0.88,0.88,0.0,2727.0,2399.76,0.896,2022,10,October,4,4,0.88,0.88,0.88,0.88,0.88,0.88,2571308.0,43656.0,2262751.04,38417.28,0.88,0.88,0.0,0.88,0.88,0.0,0.0,0.0,0.0,0.0,0.8829055622727964,0.8891812837922375,-0.0062757215194411,-0.0057553387123574,-0.0005203828070836,0.0152224879021171,0.9172097407587648,0.860790259241235,0.0564194815175298,0.8
2022-10-20,MTNGH,1.11,0.75,0.88,0.88,0.8,0.8,-0.08,195348.0,156367.76,0.8893333333333334,2022,10,October,4,3,0.88,0.88,0.88,0.88,0.88,0.88,22767.0,4562.0,20034.96,4014.56,0.8685714285714285,0.8742857142857143,0.0302371578407271,0.8,0.88,-0.0909090909090908,-0.0953101798043247,-9.090909090909086,-0.0799999999999999,0.0,0.8691817631468088,0.8808225917483649,-0.011640828601556,-0.0069300878733236,-0.0047107407282323,0.0224274052388182,0.92049825614589,0.8375017438541097,0.0829965122917804,0.8
2022-10-21,MTNGH,1.11,0.75,0.8,0.8,0.8,0.8,0.0,104128.0,83302.4,0.8856666666666667,2022,10,October,4,4,0.8,0.88,0.88,0.88,0.88,0.88,195348.0,31665.0,156367.76,27746.42,0.8571428571428571,0.8685714285714285,0.0390360029179329,0.8,0.88,0.0,0.0,-9.090909090909086,-0.0799999999999999,0.0,0.8585384149703768,0.8748357331003378,-0.016297318129961,-0.0088035339246511,-0.0074937842053098,0.0273777323729356,0.9255222624408572,0.8214777375591427,0.1040445248817145,0.87
2022-10-24,MTNGH,1.11,0.75,0.8,0.8,0.88,0.87,0.07,471355.0,409199.92,0.8843333333333334,2022,10,October,4,0,0.8,0.88,0.88,0.88,0.8,0.88,104128.0,22767.0,83302.4,20034.96,0.8557142857142858,0.8678571428571429,0.0382348631736025,0.8,0.88,0.0874999999999999,0.083881483980702,-1.1363636363636374,-0.01,46.66666666666666,0.8603017357441649,0.8744775306484609,-0.0141757949042959,-0.0098779861205801,-0.0042978087837158,0.0271246590104983,0.9206078297968874,0.8223921702031125,0.0982156595937748,0.88
2022-10-25,MTNGH,1.11,0.75,0.87,0.87,0.88,0.88,0.01,10876638.0,9571441.44,0.8833333333333333,2022,10,October,4,1,0.87,0.8,0.88,0.88,0.8,0.88,471355.0,195348.0,409199.92,156367.76,0.8557142857142858,0.8678571428571428,0.0382348631736025,0.8,0.88,0.0114942528735633,0.0114286958236228,0.0,0.0,50.0,0.8633322379373702,0.8748866024522786,-0.0115543645149083,-0.0102132617994457,-0.0013411027154625,0.0266953868329332,0.9206078297968874,0.8223921702031125,0.0982156595937748,0.88
2022-10-26,MTNGH,1.11,0.75,0.88,0.88,0.88,0.88,0.0,25705.0,22620.4,0.8823333333333334,2022,10,October,4,2,0.88,0.8,0.88,0.88,0.87,0.8,10876638.0,104128.0,9571441.44,83302.4,0.8557142857142858,0.8678571428571429,0.0382348631736025,0.8,0.88,0.0,0.0,0.0,0.0,50.0,0.8658965090239286,0.8752653726409987,-0.0093688636170701,-0.0100443821629706,0.0006755185459005,0.0262196732315038,0.9206078297968874,0.8223921702031125,0.0982156595937748,0.88
2022-10-27,MTNGH,1.11,0.75,0.88,0.88,0.88,0.88,0.0,13456.0,11841.28,0.8813333333333334,2022,10,October,4,3,0.88,0.87,0.8,0.88,0.88,0.8,25705.0,471355.0,22620.4,409199.92,0.8557142857142858,0.8678571428571428,0.0382348631736025,0.8,0.88,0.0,0.0,0.0,0.0,50.0,0.8680662768664011,0.8756160857787025,-0.0075498089123013,-0.0095454675128367,0.0019956586005353,0.025694938899645,0.9206078297968874,0.8223921702031125,0.0982156595937748,0.88
2022-10-28,MTNGH,1.11,0.75,0.88,0.88,0.88,0.88,0.0,1098947.0,967073.36,0.8803333333333333,2022,10,October,4,4,0.88,0.88,0.8,0.88,0.88,0.87,13456.0,10876638.0,11841.28,9571441.44,0.8557142857142858,0.8678571428571429,0.0382348631736025,0.8,0.88,0.0,0.0,0.0,0.0,50.0,0.8699022342715701,0.8759408201654653,-0.0060385858938951,-0.0088440911890484,0.0028055052951532,0.0251181117966478,0.9206078297968874,0.8223921702031125,0.0982156595937748,0.88
2022-10-31,MTNGH,1.11,0.75,0.88,0.88,0.88,0.88,0.0,23588.0,20757.44,0.8793333333333334,2022,10,October,4,0,0.88,0.88,0.87,0.8,0.88,0.88,1098947.0,25705.0,967073.36,22620.4,0.8671428571428571,0.8678571428571429,0.0298408476835951,0.8,0.88,0.0,0.0,9.999999999999996,0.0799999999999999,50.0,0.8714557366913285,0.8762415001532087,-0.0047857634618801,-0.0080324256436148,0.0032466621817346,0.0244855106110546,0.9206078297968874,0.8223921702031125,0.0982156595937748,0.88
2022-11-01,MTNGH,1.11,0.75,0.88,0.88,0.88,0.88,0.0,57887.0,50940.56,0.8783333333333334,2022,11,November,4,1,0.88,0.88,0.88,0.8,0.88,0.88,23588.0,13456.0,20757.44,11841.28,0.8785714285714284,0.8678571428571429,0.0037796447300025,0.87,0.88,0.0,0.0,9.999999999999996,0.0799999999999999,50.0,0.8727702387388163,0.8765199075492673,-0.003749668810451,-0.007175874276982,0.003426205466531,0.0237926869861728,0.9206078297968874,0.8223921702031125,0.0982156595937748,0.87
2022-11-02,MTNGH,1.11,0.75,0.88,0.88,0.88,0.87,-0.01,103236.0,89427.7,0.8770000000000001,2022,11,November,4,2,0.88,0.88,0.88,0.87,0.88,0.88,57887.0,1098947.0,50940.56,967073.36,0.8785714285714284,0.8671428571428572,0.0037796447300025,0.87,0.88,-0.0113636363636363,-0.0114286958236227,0.0,0.0,47.05882352941176,0.8723440481636138,0.8760369514345068,-0.003692903270893,-0.0064792800757642,0.0027863768048712,0.0230666201580605,0.9199468024867388,0.822053197513261,0.0978936049734777,0.87
2022-11-03,MTNGH,1.11,0.75,0.87,0.87,0.88,0.87,0.0,13009.0,11317.83,0.8756666666666667,2022,11,November,4,3,0.87,0.88,0.88,0.88,0.88,0.88,103236.0,23588.0,89427.7,20757.44,0.8771428571428571,0.8664285714285714,0.0048795003646733,0.87,0.88,0.0,0.0,-1.1363636363636374,-0.01,47.05882352941176,0.8719834253692116,0.8755897698467655,-0.0036063444775539,-0.0059046929561221,0.0022983484785682,0.0222343836454027,0.9192636620531488,0.8217363379468513,0.0975273241062975,0.88
2022-11-04,MTNGH,1.11,0.75,0.87,0.87,0.88,0.88,0.01,155589.0,136160.22,0.8746666666666667,2022,11,November,4,4,0.87,0.88,0.88,0.88,0.87,0.88,13009.0,57887.0,11317.83,50940.56,0.8771428571428571,0.8664285714285714,0.0048795003646733,0.87,0.88,0.0114942528735633,0.0114286958236228,0.0,0.0,50.0,0.8732167445431791,0.87591645356182,-0.0026997090186409,-0.0052636961686259,0.002563987149985,0.0212916258968715,0.9192636620531488,0.8217363379468513,0.0975273241062975,0.88
2022-11-07,MTNGH,1.11,0.75,0.88,0.88,0.88,0.88,0.0,29648.0,26090.24,0.8736666666666667,2022,11,November,4,0,0.88,0.87,0.88,0.88,0.87,0.88,155589.0,103236.0,136160.22,89427.7,0.8771428571428571,0.8664285714285713,0.0048795003646733,0.87,0.88,0.0,0.0,0.0,0.0,50.0,0.874260322305767,0.8762189384831667,-0.0019586161773996,-0.0046026801703806,0.002644063992981,0.0202541325426803,0.9192636620531488,0.8217363379468513,0.0975273241062975,0.88
2022-11-08,MTNGH,1.11,0.75,0.88,0.88,0.88,0.88,0.0,175416.0,154366.08,0.8736666666666667,2022,11,November,4,1,0.88,0.87,0.88,0.88,0.88,0.87,29648.0,13009.0,26090.24,11317.83,0.8771428571428572,0.8664285714285714,0.0048795003646733,0.87,0.88,0.0,0.0,0.0,0.0,50.0,0.8751433496433414,0.8764990171140432,-0.0013556674707018,-0.0039532776304449,0.002597610159743,0.0202541325426803,0.9192636620531488,0.8217363379468513,0.0975273241062975,0.88
2022-11-09,MTNGH,1.11,0.75,0.88,0.88,0.88,0.88,0.0,22626.0,19910.88,0.8736666666666666,2022,11,November,4,2,0.88,0.88,0.87,0.88,0.88,0.87,175416.0,155589.0,154366.08,136160.22,0.8771428571428572,0.8721428571428571,0.0048795003646733,0.87,0.88,0.0,0.0,0.0,0.0,89.99999999999999,0.8758905266212889,0.8767583491796695,-0.0008678225583806,-0.003336186616032,0.0024683640576513,0.0202541325426803,0.9192636620531488,0.8217363379468513,0.0975273241062975,0.88
2022-11-10,MTNGH,1.11,0.75,0.88,0.88,0.88,0.88,0.0,2406.0,2117.28,0.8736666666666667,2022,11,November,4,3,0.88,0.88,0.87,0.88,0.88,0.88,22626.0,29648.0,19910.88,26090.24,0.8771428571428572,0.8778571428571429,0.0048795003646733,0.87,0.88,0.0,0.0,0.0,0.0,89.99999999999999,0.8765227532949367,0.8769984714626571,-0.0004757181677204,-0.0027640929263697,0.0022883747586493,0.0202541325426803,0.9192636620531488,0.8217363379468513,0.0975273241062975,0.87
2022-11-11,MTNGH,1.11,0.75,0.88,0.88,0.87,0.87,-0.01,30268.0,26347.95,0.8733333333333333,2022,11,November,4,4,0.88,0.88,0.88,0.87,0.88,0.88,2406.0,175416.0,2117.28,154366.08,0.8771428571428572,0.8778571428571428,0.0048795003646733,0.87,0.88,-0.0113636363636363,-0.0114286958236227,0.0,0.0,50.0,0.8755192527880233,0.8764800661691269,-0.0009608133811035,-0.0024034370173164,0.0014426236362129,0.0202285788501773,0.918558158293264,0.8214418417067362,0.0971163165865278,0.87
2022-11-14,MTNGH,1.11,0.75,0.87,0.87,0.87,0.87,0.0,17164.0,14932.68,0.873,2022,11,November,4,0,0.87,0.88,0.88,0.87,0.88,0.88,30268.0,22626.0,26347.95,19910.88,0.8771428571428572,0.8771428571428572,0.0048795003646733,0.87,0.88,0.0,0.0,0.0,0.0,33.33333333333333,0.8746701369744813,0.87600006126771,-0.0013299242932287,-0.0021887344724989,0.0008588101792701,0.0201973026536156,0.9178300059349858,0.8211699940650143,0.0966600118699714,0.87
2022-11-15,MTNGH,1.11,0.75,0.87,0.87,0.87,0.87,0.0,26359.0,22932.33,0.8726666666666667,2022,11,November,4,1,0.87,0.88,0.88,0.88,0.87,0.88,17164.0,2406.0,14932.68,2117.28,0.8757142857142857,0.8764285714285714,0.0053452248381853,0.87,0.88,0.0,0.0,-1.1363636363636374,-0.01,33.33333333333333,0.8739516543630226,0.8755556122849166,-0.001603957921894,-0.0020717791623779,0.0004678212404839,0.0201602773197241,0.9170788825510736,0.8209211174489263,0.0961577651021474,0.88
2022-11-16,MTNGH,1.11,0.75,0.87,0.87,0.88,0.88,0.01,1105454.0,972574.48,0.8726666666666667,2022,11,November,4,2,0.87,0.87,0.88,0.88,0.87,0.88,26359.0,30268.0,22932.33,26347.95,0.8757142857142858,0.8764285714285716,0.0053452248381853,0.87,0.88,0.0114942528735633,0.0114286958236228,0.0,0.0,50.0,0.8748821690764037,0.8758848261897376,-0.0010026571133339,-0.0018579547525691,0.0008552976392352,0.0201602773197241,0.9170788825510738,0.8209211174489264,0.0961577651021474,0.88
2022-11-17,MTNGH,1.11,0.75,0.88,0.88,0.88,0.88,0.0,307394.0,270506.72,0.8726666666666667,2022,11,November,4,3,0.88,0.87,0.88,0.88,0.87,0.87,1105454.0,17164.0,972574.48,14932.68,0.8757142857142857,0.8764285714285714,0.0053452248381853,0.87,0.88,0.0,0.0,0.0,0.0,50.0,0.8756695276800339,0.8761896538793867,-0.0005201261993528,-0.0015903890419258,0.001070262842573,0.0201602773197241,0.9086001182728984,0.8373998817271017,0.0712002365457966,0.88
2022-11-18,MTNGH,1.11,0.75,0.88,0.88,0.88,0.88,0.0,1770.0,1557.6,0.8726666666666667,2022,11,November,4,4,0.88,0.87,0.87,0.88,0.88,0.87,307394.0,26359.0,270506.72,22932.33,0.8757142857142857,0.8764285714285714,0.0053452248381853,0.87,0.88,0.0,0.0,0.0,0.0,50.0,0.8763357541907979,0.876471901740173,-0.000136147549375,-0.0012995407434157,0.0011633931940406,0.0201602773197241,0.8864032469192031,0.8675967530807969,0.0188064938384062,0.88
2022-11-21,MTNGH,1.11,0.75,0.88,0.88,0.88,0.88,0.0,5342.0,4700.96,0.8726666666666667,2022,11,November,4,0,0.88,0.88,0.87,0.88,0.88,0.87,1770.0,1105454.0,1557.6,972574.48,0.8757142857142857,0.8764285714285714,0.0053452248381853,0.87,0.88,0.0,0.0,0.0,0.0,50.0,0.8768994843152904,0.876733242352012,0.0001662419632784,-0.0010063842020768,0.0011726261653553,0.0201602773197241,0.8863852331659332,0.8686147668340665,0.0177704663318667,0.88
2022-11-22,MTNGH,1.11,0.75,0.88,0.88,0.88,0.88,0.0,3569.0,3140.72,0.8726666666666667,2022,11,November,4,1,0.88,0.88,0.87,0.87,0.88,0.88,5342.0,307394.0,4700.96,270506.72,0.8771428571428571,0.8771428571428571,0.0048795003646733,0.87,0.88,0.0,0.0,1.1494252873563229,0.01,66.66666666666666,0.8773764867283227,0.8769752244000111,0.0004012623283116,-0.0007248548959991,0.0011261172243108,0.0201602773197241,0.8863852331659334,0.8686147668340667,0.0177704663318667,0.88
2022-11-23,MTNGH,1.11,0.75,0.88,0.88,0.88,0.88,0.0,2093784.0,1842537.92,0.8726666666666668,2022,11,November,4,2,0.88,0.88,0.88,0.87,0.88,0.88,3569.0,1770.0,3140.72,1557.6,0.8785714285714284,0.8778571428571429,0.0037796447300025,0.87,0.88,0.0,0.0,1.1494252873563229,0.01,66.66666666666666,0.8777801041547346,0.8771992818518621,0.0005808223028724,-0.0004637194562248,0.0010445417590973,0.0201602773197241,0.8863852331659334,0.8686147668340667,0.0177704663318667,0.88
2022-11-24,MTNGH,1.11,0.75,0.88,0.88,0.88,0.88,0.0,128096.0,112724.48,0.8726666666666667,2022,11,November,4,3,0.88,0.88,0.88,0.87,0.88,0.88,2093784.0,5342.0,1842537.92,4700.96,0.88,0.8778571428571428,0.0,0.88,0.88,0.0,0.0,1.1494252873563229,0.01,50.0,0.8781216265924678,0.8774067424554279,0.0007148841370399,-0.0002279987375719,0.0009428828746118,0.0201602773197241,0.8863852331659334,0.8686147668340667,0.0177704663318667,0.88
2022-11-25,MTNGH,1.11,0.75,0.88,0.88,0.88,0.88,0.0,1451.0,1276.88,0.8726666666666667,2022,11,November,4,4,0.88,0.88,0.88,0.88,0.88,0.88,128096.0,3569.0,112724.48,3140.72,0.88,0.8778571428571429,0.0,0.88,0.88,0.0,0.0,0.0,0.0,50.0,0.8784106071167035,0.8775988356068778,0.0008117715098256,-2.0044688092385957e-05,0.000831816197918,0.0201602773197241,0.8863852331659334,0.8686147668340667,0.0177704663318667,0.88
2022-11-28,MTNGH,1.11,0.75,0.88,0.88,0.88,0.88,0.0,8574.0,7545.12,0.8726666666666667,2022,11,November,4,0,0.88,0.88,0.88,0.88,0.88,0.88,1451.0,2093784.0,1276.88,1842537.92,0.88,0.8778571428571428,0.0,0.88,0.88,0.0,0.0,0.0,0.0,50.0,0.878655129098749,0.8777766996359979,0.000878429462751,0.0001596501420763,0.0007187793206747,0.0201602773197241,0.8863852331659334,0.8686147668340667,0.0177704663318667,0.88
2022-11-29,MTNGH,1.11,0.75,0.88,0.88,0.88,0.88,0.0,23155.0,20376.4,0.8726666666666667,2022,11,November,4,1,0.88,0.88,0.88,0.88,0.88,0.88,8574.0,128096.0,7545.12,112724.48,0.88,0.8778571428571429,0.0,0.88,0.88,0.0,0.0,0.0,0.0,50.0,0.8788620323143261,0.8779413885518499,0.0009206437624762,0.0003118488661562,0.0006087948963199,0.0201602773197241,0.8863852331659334,0.8686147668340667,0.0177704663318667,0.88
2022-11-30,MTNGH,1.11,0.75,0.88,0.88,0.88,0.88,0.0,1578.0,1388.64,0.8726666666666667,2022,11,November,4,2,0.88,0.88,0.88,0.88,0.88,0.88,23155.0,1451.0,20376.4,1276.88,0.88,0.8778571428571428,0.0,0.88,0.88,0.0,0.0,0.0,0.0,50.0,0.8790371042659681,0.87809387828875,0.0009432259772181,0.0004381242883686,0.0005051016888495,0.0201602773197241,0.8862078268161923,0.8697921731838075,0.0164156536323847,0.88
2022-12-01,MTNGH,1.11,0.75,0.88,0.88,0.88,0.88,0.0,28146.0,24768.48,0.8753333333333333,2022,12,December,4,3,0.88,0.88,0.88,0.88,0.88,0.88,1578.0,8574.0,1388.64,7545.12,0.88,0.8785714285714287,0.0,0.88,0.88,0.0,0.0,0.0,0.0,100.0,0.8791852420712039,0.8782350724895833,0.0009501695816205,0.000540533347019,0.0004096362346014,0.0147935991128475,0.8858269509701047,0.8711730490298955,0.0146539019402092,0.88
2022-12-05,MTNGH,1.11,0.75,0.88,0.88,0.88,0.88,0.0,123056.0,108289.28,0.8780000000000001,2022,12,December,4,0,0.88,0.88,0.88,0.88,0.88,0.88,28146.0,23155.0,24768.48,20376.4,0.88,0.8792857142857142,0.0,0.88,0.88,0.0,0.0,0.0,0.0,100.0,0.8793105894448647,0.8783658078607253,0.0009447815841394,0.0006213829944431,0.0003233985896963,0.0040683810216029,0.8858269509701047,0.8711730490298955,0.0146539019402092,0.88
2022-12-06,MTNGH,1.11,0.75,0.88,0.88,0.88,0.88,0.0,24676.0,21714.88,0.8783333333333334,2022,12,December,4,1,0.88,0.88,0.88,0.88,0.88,0.88,123056.0,1578.0,108289.28,1388.64,0.88,0.88,0.0,0.88,0.88,0.0,0.0,0.0,0.0,100.0,0.8794166526071932,0.8784868591303012,0.0009297934768919,0.0006830650909328,0.000246728385959,0.0037904902177637,0.8858269509701047,0.8711730490298955,0.0146539019402092,1.4
2023-01-09,MTNGH,1.4,1.4,1.4,1.4,1.4,1.4,0.0,28039.0,39254.6,0.8973333333333334,2023,1,January,1,0,0.88,0.88,0.88,0.88,0.88,0.88,7529.0,27511.0,6625.52,24209.68,0.9542857142857144,0.9171428571428571,0.1965415259647961,0.88,1.4,0.5909090909090908,0.4643056081310978,59.09090909090908,0.5199999999999999,100.0,0.9599825271700178,0.91821792438783,0.0417646027821878,0.0086797839386141,0.0330848188435737,0.0949385766342238,1.138551069659964,0.673448930340036,0.4651021393199279,0.88
2023-01-10,MTNGH,0.88,0.88,0.88,0.88,0.88,0.88,0.0,100.0,88.0,0.8973333333333333,2023,1,January,1,1,1.4,0.88,0.88,0.88,1.4,0.88,28039.0,4291.0,39254.6,3776.08,0.9542857142857144,0.9171428571428571,0.1965415259647961,0.88,1.4,-0.3714285714285713,-0.4643056081310976,0.0,0.0,50.0,0.947677522990015,0.9153869670257684,0.0322905559642465,0.0134019383437406,0.0188886176205059,0.0949385766342238,1.138551069659964,0.6734489303400361,0.4651021393199278,0.88
2023-01-11,MTNGH,0.88,0.88,0.88,0.88,0.88,0.88,0.0,43816.0,38558.08,0.8973333333333333,2023,1,January,1,2,0.88,0.88,0.88,0.88,0.88,0.88,100.0,7529.0,88.0,6625.52,0.9542857142857144,0.9171428571428571,0.1965415259647961,0.88,1.4,0.0,0.0,0.0,0.0,50.0,0.9372655963761664,0.9127657102090448,0.0244998861671217,0.0156215279084168,0.0088783582587048,0.0949385766342238,1.138551069659964,0.6734489303400361,0.4651021393199278,0.88
2023-01-12,MTNGH,0.88,0.88,0.88,0.88,0.88,0.88,0.0,7456.0,6599.78,0.8973333333333334,2023,1,January,1,3,0.88,1.4,0.88,0.88,0.88,1.4,43816.0,28039.0,38558.08,39254.6,0.9542857142857144,0.9171428571428571,0.1965415259647961,0.88,1.4,0.0,0.0,0.0,0.0,50.0,0.928455504625987,0.9103386205639304,0.0181168840620566,0.0161205991391448,0.0019962849229118,0.0949385766342238,1.138551069659964,0.6734489303400361,0.4651021393199278,0.88
2023-01-13,MTNGH,0.88,0.88,0.88,0.88,0.88,0.88,0.0,21045.0,18519.6,0.8973333333333334,2023,1,January,1,4,0.88,0.88,0.88,0.88,0.88,0.88,7456.0,100.0,6599.78,88.0,0.9542857142857144,0.9171428571428571,0.1965415259647961,0.88,1.4,0.0,0.0,0.0,0.0,50.0,0.9210008116066044,0.9080913153369724,0.0129094962696318,0.0154783785652422,-0.0025688822956103,0.0949385766342238,1.138551069659964,0.673448930340036,0.4651021393199279,0.88
2023-01-16,MTNGH,0.88,0.88,0.88,0.88,0.88,0.88,0.0,31851.0,28028.88,0.8973333333333333,2023,1,January,1,0,0.88,0.88,1.4,0.88,0.88,0.88,21045.0,43816.0,18519.6,38558.08,0.9542857142857144,0.9171428571428571,0.1965415259647961,0.88,1.4,0.0,0.0,0.0,0.0,50.0,0.9146929944363577,0.9060104771638636,0.008682517272494,0.0141192063066925,-0.0054366890341985,0.0949385766342238,1.138551069659964,0.6734489303400361,0.4651021393199278,0.88
2023-01-17,MTNGH,0.88,0.88,0.88,0.88,0.88,0.88,0.0,225761.0,198669.68,0.8973333333333333,2023,1,January,1,1,0.88,0.88,0.88,0.88,0.88,0.88,31851.0,7456.0,28028.88,6599.78,0.9542857142857144,0.9171428571428571,0.1965415259647961,0.88,1.4,0.0,0.0,0.0,0.0,50.0,0.9093556106769178,0.9040837751517254,0.0052718355251923,0.0123497321503925,-0.0070778966252001,0.0949385766342238,1.138551069659964,0.6734489303400361,0.4651021393199278,0.88
2023-01-18,MTNGH,0.88,0.88,0.88,0.88,0.88,0.88,0.0,49199.0,43295.12,0.8973333333333334,2023,1,January,1,2,0.88,0.88,0.88,1.4,0.88,0.88,225761.0,21045.0,198669.68,18519.6,0.88,0.9171428571428571,0.0,0.88,0.88,0.0,0.0,-37.14285714285714,-0.5199999999999999,50.0,0.904839362880469,0.9022997918071533,0.0025395710733158,0.0103876999349772,-0.0078481288616613,0.0949385766342238,1.138551069659964,0.673448930340036,0.4651021393199279,0.88
2023-01-19,MTNGH,0.88,0.88,0.88,0.88,0.88,0.88,0.0,19376.0,17050.88,0.8973333333333333,2023,1,January,1,3,0.88,0.88,0.88,0.88,0.88,0.88,49199.0,31851.0,43295.12,28028.88,0.88,0.9171428571428571,0.0,0.88,0.88,0.0,0.0,0.0,0.0,50.0,0.9010179224373198,0.9006479553769937,0.0003699670603261,0.0083841533600469,-0.0080141862997208,0.0949385766342238,1.138551069659964,0.673448930340036,0.4651021393199279,0.88
2023-01-20,MTNGH,0.88,0.88,0.88,0.88,0.88,0.88,0.0,3241.0,2852.08,0.8973333333333333,2023,1,January,1,4,0.88,0.88,0.88,0.88,0.88,0.88,19376.0,225761.0,17050.88,198669.68,0.88,0.9171428571428571,0.0,0.88,0.88,0.0,0.0,0.0,0.0,50.0,0.8977843959085015,0.8991184772009202,-0.0013340812924187,0.0064405064295538,-0.0077745877219725,0.0949385766342238,1.138551069659964,0.6734489303400361,0.4651021393199278,0.88
2023-01-23,MTNGH,0.88,0.88,0.88,0.88,0.88,0.88,0.0,2142.0,1884.96,0.8973333333333334,2023,1,January,1,0,0.88,0.88,0.88,0.88,0.88,0.88,3241.0,49199.0,2852.08,43295.12,0.88,0.9171428571428571,0.0,0.88,0.88,0.0,0.0,0.0,0.0,50.0,0.8950483349995013,0.8977022937045558,-0.0026539587050544,0.0046216134026321,-0.0072755721076866,0.0949385766342238,1.138551069659964,0.6734489303400361,0.4651021393199278,0.88
2023-01-24,MTNGH,0.88,0.88,0.88,0.88,0.88,0.88,0.0,27150.0,23892.0,0.8973333333333334,2023,1,January,1,1,0.88,0.88,0.88,0.88,0.88,0.88,2142.0,19376.0,1884.96,17050.88,0.88,0.9171428571428571,0.0,0.88,0.88,0.0,0.0,0.0,0.0,50.0,0.8927332065380396,0.8963910126894035,-0.0036578061513639,0.0029657294918329,-0.0066235356431968,0.0949385766342238,1.138551069659964,0.673448930340036,0.4651021393199279,0.88
2023-01-26,MTNGH,0.88,0.88,0.88,0.88,0.88,0.88,0.0,11737.0,10328.56,0.8973333333333333,2023,1,January,1,3,0.88,0.88,0.88,0.88,0.88,0.88,27150.0,3241.0,23892.0,2852.08,0.88,0.9171428571428571,0.0,0.88,0.88,0.0,0.0,0.0,0.0,50.0,0.8907742516860335,0.8951768636012996,-0.004402611915266,0.0014920612104131,-0.0058946731256791,0.0949385766342238,1.138551069659964,0.6734489303400361,0.4651021393199278,0.88
2023-01-27,MTNGH,0.88,0.88,0.88,0.88,0.88,0.88,0.0,5870.0,5165.6,0.8973333333333333,2023,1,January,1,4,0.88,0.88,0.88,0.88,0.88,0.88,11737.0,2142.0,10328.56,1884.96,0.88,0.9171428571428571,0.0,0.88,0.88,0.0,0.0,0.0,0.0,50.0,0.8891166745035668,0.8940526514826848,-0.0049359769791179,0.0002064535725069,-0.0051424305516248,0.0949385766342238,1.138551069659964,0.6734489303400361,0.4651021393199278,0.82
2023-01-30,MTNGH,0.88,0.82,0.88,0.88,0.82,0.82,-0.06,102831.0,84491.28,0.8953333333333333,2023,1,January,1,0,0.88,0.88,0.88,0.88,0.88,0.88,5870.0,27150.0,5165.6,23892.0,0.8714285714285713,0.8757142857142857,0.0226778683805389,0.82,0.88,-0.0681818181818182,-0.0706175672139534,-6.818181818181825,-0.06,0.0,0.8784833399645565,0.8885672698913748,-0.0100839299268182,-0.0018516231273581,-0.0082323067994601,0.095942990735454,1.1384927644435312,0.6675072355564691,0.4709855288870621,0.82
2023-01-31,MTNGH,0.88,0.82,0.82,0.82,0.82,0.82,0.0,38790.0,31807.8,0.8933333333333333,2023,1,January,1,1,0.82,0.88,0.88,0.88,0.88,0.88,102831.0,11737.0,84491.28,10328.56,0.8628571428571429,0.8714285714285713,0.0292770021884447,0.82,0.88,0.0,0.0,-6.818181818181825,-0.06,0.0,0.8694859030469324,0.8834882128623841,-0.0140023098154516,-0.0042817604649768,-0.0097205493504748,0.0968943019332173,1.1382391544999169,0.6617608455000832,0.4764783089998337,0.87
2023-02-01,MTNGH,0.88,0.82,0.82,0.82,0.87,0.87,0.05,19702.0,17140.59,0.893,2023,2,February,1,2,0.82,0.88,0.88,0.88,0.82,0.88,38790.0,5870.0,31807.8,5165.6,0.8614285714285714,0.8707142857142857,0.0285356919363287,0.82,0.88,0.0609756097560976,0.0591888713903306,-1.1363636363636374,-0.01,45.45454545454546,0.8695649948858659,0.8824890859836889,-0.0129240910978229,-0.006010226591546,-0.0069138645062769,0.0969589319390311,1.137957764107506,0.661042235892494,0.476915528215012,0.82
2023-02-03,MTNGH,0.88,0.82,0.87,0.87,0.82,0.82,-0.05,147601.0,121227.37,0.891,2023,2,February,1,4,0.87,0.82,0.88,0.88,0.82,0.88,19702.0,102831.0,17140.59,84491.28,0.8528571428571429,0.8664285714285713,0.0309377254681434,0.82,0.88,-0.0574712643678161,-0.0591888713903306,-6.818181818181825,-0.06,31.25,0.8619396110572711,0.877860264799712,-0.0159206537424408,-0.007992312021725,-0.0079283417207158,0.0978510479566056,1.137487005546146,0.655512994453854,0.4819740110922919,0.88
2023-02-06,MTNGH,0.88,0.82,0.82,0.82,0.88,0.88,0.06,188568.0,165939.84,0.891,2023,2,February,1,0,0.82,0.82,0.88,0.88,0.87,0.82,147601.0,38790.0,121227.37,31807.8,0.852857142857143,0.8664285714285714,0.0309377254681434,0.82,0.88,0.0731707317073171,0.0706175672139534,0.0,0.0,50.0,0.8647181324330755,0.8780187637034371,-0.0133006312703616,-0.0090539758714523,-0.0042466553989092,0.0978510479566056,1.137487005546146,0.655512994453854,0.4819740110922919,0.88
2023-02-07,MTNGH,0.88,0.82,0.88,0.88,0.88,0.88,0.0,29775.0,26202.0,0.8909999999999999,2023,2,February,1,1,0.88,0.87,0.82,0.88,0.82,0.82,188568.0,19702.0,165939.84,17140.59,0.8528571428571429,0.8664285714285713,0.0309377254681434,0.82,0.88,0.0,0.0,0.0,0.0,50.0,0.8670691889818332,0.878165521947627,-0.0110963329657938,-0.0094624472903206,-0.0016338856754731,0.0978510479566056,1.137487005546146,0.655512994453854,0.4819740110922919,0.88
2023-02-08,MTNGH,0.88,0.82,0.88,0.88,0.88,0.88,0.0,2406.0,2117.28,0.891,2023,2,February,1,2,0.88,0.82,0.82,0.88,0.88,0.87,29775.0,147601.0,26202.0,121227.37,0.8528571428571429,0.8664285714285714,0.0309377254681434,0.82,0.88,0.0,0.0,0.0,0.0,50.0,0.8690585445230896,0.8783014092107657,-0.0092428646876761,-0.0094185307697917,0.0001756660821156,0.0978510479566056,0.9142577060881496,0.8267422939118504,0.0875154121762993,0.88
2023-02-09,MTNGH,0.88,0.82,0.88,0.88,0.88,0.88,0.0,13812.0,12154.56,0.891,2023,2,February,1,3,0.88,0.88,0.87,0.82,0.88,0.82,2406.0,188568.0,2117.28,165939.84,0.8614285714285714,0.8664285714285713,0.0285356919363287,0.82,0.88,0.0,0.0,7.317073170731714,0.06,50.0,0.8707418453656912,0.878427230750709,-0.0076853853850178,-0.0090719016928369,0.0013865163078191,0.0978510479566056,0.9142577060881496,0.8267422939118502,0.0875154121762993,0.88
2023-02-10,MTNGH,0.88,0.82,0.88,0.88,0.88,0.88,0.0,2751.0,2420.88,0.891,2023,2,February,1,4,0.88,0.88,0.82,0.82,0.88,0.88,13812.0,29775.0,12154.56,26202.0,0.87,0.8664285714285714,0.0223606797749829,0.82,0.88,0.0,0.0,7.317073170731714,0.06,50.0,0.8721661768478925,0.8785437321765825,-0.0063775553286899,-0.0085330324200075,0.0021554770913175,0.0978510479566056,0.9142577060881496,0.8267422939118504,0.0875154121762993,0.9
2023-02-13,MTNGH,0.9,0.82,0.88,0.88,0.9,0.9,0.02,21828.0,19633.0,0.8916666666666667,2023,2,February,1,0,0.88,0.88,0.88,0.87,0.88,0.88,2751.0,2406.0,2420.88,2117.28,0.8742857142857143,0.8678571428571429,0.0250713268211068,0.82,0.9,0.0227272727272727,0.0224728558520585,3.448275862068969,0.03,54.16666666666666,0.8764483034866783,0.8801330853486875,-0.0036847818620091,-0.0075633823084078,0.0038786004463987,0.0978416501585402,0.9170492792708834,0.8259507207291165,0.0910985585417669,0.9
2023-02-14,MTNGH,0.9,0.82,0.9,0.9,0.9,0.9,0.0,4734.0,4260.6,0.8923333333333333,2023,2,February,1,1,0.9,0.88,0.88,0.82,0.88,0.88,21828.0,13812.0,19633.0,12154.56,0.8857142857142858,0.8692857142857143,0.0097590007294496,0.88,0.9,0.0,0.0,9.756097560975618,0.08,54.16666666666666,0.8800716414118048,0.8816047086561921,-0.0015330672443872,-0.0063573192956037,0.0048242520512164,0.097827551768694,0.9196838509393356,0.8253161490606649,0.0943677018786706,0.9
2023-02-15,MTNGH,0.9,0.82,0.9,0.9,0.9,0.9,0.0,1331.0,1197.9,0.893,2023,2,February,1,2,0.9,0.88,0.88,0.88,0.9,0.88,4734.0,2751.0,4260.6,2420.88,0.8885714285714287,0.8707142857142857,0.0106904496764642,0.88,0.9,0.0,0.0,2.2727272727272747,0.02,54.16666666666666,0.8831375427330657,0.8829673228298075,0.0001702199032581,-0.0050518114558313,0.0052220313590895,0.0978087507544032,0.9221772398991798,0.8248227601008201,0.0973544797983596,0.9
2023-02-16,MTNGH,0.9,0.82,0.9,0.9,0.9,0.9,0.0,3139.0,2825.1,0.8936666666666666,2023,2,February,1,3,0.9,0.9,0.88,0.88,0.9,0.88,1331.0,21828.0,1197.9,19633.0,0.8914285714285715,0.8721428571428571,0.010690449676464,0.88,0.9,0.0,0.0,2.2727272727272747,0.02,54.16666666666666,0.8857317669279787,0.8842290026201921,0.0015027643077866,-0.0037408963031077,0.0052436606108944,0.0977852444031693,0.924542087549458,0.824457912450542,0.1000841750989158,0.9
2023-02-17,MTNGH,0.9,0.82,0.9,0.9,0.9,0.9,0.0,200.0,180.0,0.8943333333333333,2023,2,February,1,4,0.9,0.9,0.88,0.88,0.9,0.9,3139.0,4734.0,2825.1,4260.6,0.8942857142857142,0.8735714285714286,0.0097590007294489,0.88,0.9,0.0,0.0,2.2727272727272747,0.02,54.16666666666666,0.8879268797082898,0.885397224648326,0.0025296550599637,-0.0024867860304934,0.0050164410904572,0.0977570293207002,0.9267886567944742,0.8242113432055259,0.1025773135889482,0.9
2023-02-20,MTNGH,0.9,0.82,0.9,0.9,0.9,0.9,0.0,0.0,0.0,0.895,2023,2,February,1,0,0.9,0.9,0.9,0.88,0.9,0.9,200.0,1331.0,180.0,1197.9,0.8971428571428571,0.8792857142857143,0.0075592894601372,0.88,0.9,0.0,0.0,2.2727272727272747,0.02,72.22222222222223,0.8897842828300913,0.886478911711413,0.0033053711186782,-0.0013283546006591,0.0046337257193373,0.0977241014284555,0.9289253855743904,0.8240746144256096,0.1048507711487809,0.9
2023-02-21,MTNGH,0.9,0.82,0.9,0.9,0.9,0.9,0.0,3324.0,2991.6,0.8956666666666667,2023,2,February,1,1,0.9,0.9,0.9,0.88,0.9,0.9,0.0,3139.0,0.0,2825.1,0.9,0.885,0.0,0.9,0.9,0.0,0.0,2.2727272727272747,0.02,72.22222222222223,0.8913559316254618,0.8874804738068639,0.0038754578185978,-0.0002875921168077,0.0041630499354056,0.0976864559606907,0.9309592811103377,0.8240407188896626,0.1069185622206749,0.9
2023-02-22,MTNGH,0.9,0.82,0.9,0.9,0.9,0.9,0.0,156830.0,141787.0,0.8789999999999999,2023,2,February,1,2,0.9,0.9,0.9,0.9,0.9,0.9,3324.0,200.0,2991.6,180.0,0.9,0.8871428571428572,0.0,0.9,0.9,0.0,0.0,0.0,0.0,61.53846153846153,0.8926857882984676,0.8884078461174666,0.0042779421810009,0.000625514742754,0.0036524274382469,0.0220266296512225,0.932896207298056,0.824103792701944,0.1087924145961121,0.92
2023-02-23,MTNGH,0.92,0.82,0.9,0.9,0.92,0.92,0.02,14221.0,13083.32,0.8803333333333333,2023,2,February,1,3,0.9,0.9,0.9,0.9,0.9,0.9,156830.0,0.0,141787.0,0.0,0.9028571428571428,0.8942857142857144,0.0075592894601366,0.9,0.92,0.0222222222222221,0.0219789067187751,2.222222222222224,0.02,100.0,0.8968879747140879,0.890748005664321,0.0061399690497668,0.0017284056041565,0.0044115634456102,0.0232650890351854,0.9379822627104044,0.8230177372895959,0.1149645254208084,0.92
2023-02-24,MTNGH,0.92,0.82,0.92,0.92,0.92,0.92,0.0,10744.0,9884.48,0.8816666666666667,2023,2,February,1,4,0.92,0.9,0.9,0.9,0.9,0.9,14221.0,3324.0,13083.32,2991.6,0.9057142857142856,0.8971428571428571,0.0097590007294479,0.9,0.92,0.0,0.0,2.222222222222224,0.02,100.0,0.9004436709119206,0.8929148200595565,0.007528850852364,0.002888494653798,0.004640356198566,0.024365511710583,0.9426314349876704,0.8223685650123294,0.1202628699753411,0.92
2023-02-27,MTNGH,0.92,0.82,0.92,0.92,0.92,0.92,0.0,6248.0,5748.16,0.8829999999999999,2023,2,February,1,0,0.92,0.9,0.9,0.9,0.92,0.9,10744.0,156830.0,9884.48,141787.0,0.9085714285714284,0.9000000000000001,0.0106904496764625,0.9,0.92,0.0,0.0,2.222222222222224,0.02,100.0,0.9034523369254712,0.8949211296847746,0.0085312072406966,0.0040170371711778,0.0045141700695188,0.0253458831588578,0.9468993927095342,0.822100607290466,0.1247987854190681,0.92
2023-02-28,MTNGH,0.92,0.82,0.92,0.92,0.92,0.92,0.0,3236.0,2977.12,0.8843333333333334,2023,2,February,1,1,0.92,0.92,0.9,0.9,0.92,0.9,6248.0,14221.0,5748.16,13083.32,0.9114285714285716,0.9028571428571428,0.0106904496764623,0.9,0.92,0.0,0.0,2.222222222222224,0.02,100.0,0.9059981312446296,0.8967788237821986,0.0092193074624308,0.0050574912294284,0.0041618162330024,0.0262196732315039,0.9458728191315168,0.8331271808684833,0.1127456382630334,0.92
2023-03-01,MTNGH,0.92,0.82,0.92,0.92,0.92,0.92,0.0,10933.0,10058.36,0.8856666666666667,2023,3,March,1,2,0.92,0.92,0.9,0.9,0.92,0.92,3236.0,10744.0,2977.12,9884.48,0.9142857142857144,0.9057142857142858,0.0097590007294471,0.9,0.92,0.0,0.0,2.222222222222224,0.02,100.0,0.908152264899302,0.8984989109094432,0.0096533539898586,0.0059766637815144,0.0036766902083442,0.0269972327232195,0.941950805550183,0.8470491944498172,0.0949016111003657,0.93
2023-03-02,MTNGH,0.93,0.82,0.92,0.92,0.93,0.93,0.01,199123.0,185084.52,0.8873333333333334,2023,3,March,1,3,0.92,0.92,0.92,0.9,0.92,0.92,10933.0,6248.0,10058.36,5748.16,0.9185714285714288,0.9092857142857144,0.0089973541083824,0.9,0.93,0.0108695652173913,0.0108109161042156,3.333333333333336,0.03,100.0,0.911513454914794,0.9008323249161512,0.0106811299986427,0.0069175570249401,0.0037635729737026,0.0281539282900265,0.946003933643988,0.8489960663560123,0.0970078672879757,0.93
2023-03-03,MTNGH,0.93,0.82,0.93,0.93,0.93,0.93,0.0,29866.0,27775.38,0.8889999999999999,2023,3,March,1,4,0.93,0.92,0.92,0.9,0.92,0.92,199123.0,3236.0,185084.52,2977.12,0.9228571428571428,0.9114285714285714,0.0048795003646646,0.92,0.93,0.0,0.0,3.333333333333336,0.03,100.0,0.9143575387740565,0.9029928934408809,0.0113646453331757,0.0078069746865872,0.0035576706465884,0.0291665845647284,0.9373970622979656,0.8686029377020346,0.0687941245959311,0.93
2023-03-07,MTNGH,0.93,0.82,0.93,0.93,0.93,0.93,0.0,13334.0,12400.62,0.8906666666666666,2023,3,March,1,1,0.93,0.92,0.92,0.92,0.93,0.92,29866.0,10933.0,27775.38,10058.36,0.9242857142857144,0.9135714285714284,0.0053452248381769,0.92,0.93,0.0,0.0,1.0869565217391313,0.01,100.0,0.9167640712703556,0.9049934198526672,0.0117706514176881,0.0085997100328074,0.0031709413848807,0.0300497671496165,0.9401258193897916,0.8708741806102085,0.0692516387795829,0.93
2023-03-08,MTNGH,0.93,0.82,0.93,0.93,0.93,0.93,0.0,35724.0,33277.78,0.8923333333333334,2023,3,March,1,2,0.93,0.93,0.92,0.92,0.93,0.92,13334.0,199123.0,12400.62,185084.52,0.9257142857142858,0.9157142857142858,0.0053452248381767,0.92,0.93,0.0,0.0,1.0869565217391313,0.01,100.0,0.9188003679979933,0.9068457591228402,0.0119546088751529,0.0092706898012765,0.0026839190738764,0.0308146106560525,0.9420896650489768,0.8739103349510232,0.0681793300979536,0.95
2023-03-09,MTNGH,0.95,0.82,0.93,0.93,0.95,0.95,0.02,6628.0,6298.11,0.8946666666666666,2023,3,March,1,3,0.93,0.93,0.92,0.92,0.93,0.93,35724.0,29866.0,33277.78,27775.38,0.93,0.9192857142857144,0.0099999999999612,0.92,0.95,0.021505376344086,0.0212773984472848,3.2608695652173822,0.0299999999999999,100.0,0.9236003113829172,0.9100423695581854,0.0135579418247319,0.0101281402059676,0.0034298016187642,0.032455097185687,0.9477883191296712,0.8752116808703286,0.0725766382593426,1.0
2023-03-10,MTNGH,1.0,0.82,0.95,0.95,1.0,1.0,0.05,3198378.0,3198375.08,0.8986666666666667,2023,3,March,1,4,0.95,0.93,0.93,0.92,0.93,0.93,6628.0,13334.0,6298.11,12400.62,0.9414285714285714,0.9264285714285716,0.0273426232760912,0.92,1.0,0.0526315789473683,0.0512932943875504,8.69565217391304,0.0799999999999999,100.0,0.9353541096316992,0.9167058977390604,0.0186482118926387,0.0118321545433018,0.0068160573493369,0.0375759766737682,0.9685417785533456,0.8664582214466546,0.1020835571066909,1.03
2023-03-13,MTNGH,1.03,0.82,1.0,1.0,1.03,1.03,0.03,2000.0,2060.0,0.9036666666666666,2023,3,March,1,0,1.0,0.93,0.93,0.92,0.95,0.93,3198378.0,35724.0,3198375.08,33277.78,0.9571428571428572,0.9357142857142856,0.0411154008915803,0.93,1.03,0.03,0.0295588022415444,11.956521739130432,0.1099999999999999,100.0,0.9499150158422072,0.9250980534620932,0.0248169623801141,0.0144291161106643,0.0103878462694498,0.0443717317073801,0.993824720161128,0.8561752798388722,0.1376494403222556,1.1
2023-03-14,MTNGH,1.1,0.82,1.03,1.03,1.1,1.1,0.07,10040.0,10911.05,0.911,2023,3,March,1,1,1.03,0.95,0.93,0.93,1.0,0.93,2000.0,6628.0,2060.0,6298.11,0.9814285714285714,0.95,0.0654289873141218,0.93,1.1,0.0679611650485436,0.0657513775627804,18.27956989247312,0.17,100.0,0.9730050134049446,0.9380537532056418,0.0349512601993028,0.018533544928392,0.0164177152709108,0.0567723827954663,1.0381095482841591,0.8318904517158411,0.206219096568318,1.16
2023-03-15,MTNGH,1.16,0.82,1.1,1.1,1.16,1.16,0.06,5006.0,5805.55,0.9223333333333332,2023,3,March,1,2,1.1,1.0,0.93,0.93,1.03,0.95,10040.0,3198378.0,10911.05,3198375.08,1.0142857142857145,0.9685714285714286,0.0888551523280285,0.93,1.16,0.0545454545454544,0.0531098253139483,24.73118279569891,0.2299999999999998,100.0,1.001773472881107,0.9544942159311498,0.0472792569499571,0.024282687332705,0.0229965696172521,0.0703039378567093,1.0905482374496285,0.805451762550372,0.2850964748992562,1.2
2023-03-16,MTNGH,1.2,0.82,1.16,1.16,1.2,1.2,0.04,1914765.0,2296063.0,0.935,2023,3,March,1,3,1.16,1.03,0.95,0.93,1.1,1.0,5006.0,2000.0,5805.55,2060.0,1.0528571428571427,0.9885714285714284,0.1035558280533187,0.93,1.2,0.0344827586206897,0.0339015516756814,29.03225806451612,0.2699999999999999,100.0,1.032269861668629,0.9726798295658796,0.0595900321027494,0.0313441562867139,0.0282458758160355,0.0841078945821,1.1426018989466968,0.7833981010533033,0.3592037978933935,1.2
2023-03-17,MTNGH,1.2,0.82,1.2,1.2,1.2,1.2,0.0,45540.0,54648.0,0.946,2023,3,March,1,4,1.2,1.1,1.0,0.93,1.16,1.03,1914765.0,10040.0,2296063.0,10911.05,1.0914285714285714,1.0085714285714285,0.1004039460427294,0.95,1.2,0.0,0.0,29.03225806451612,0.2699999999999999,100.0,1.0580744983349937,0.9895183607091476,0.068556137625846,0.0387865525545403,0.0297695850713056,0.096045966006939,1.1836670789611652,0.772332921038835,0.4113341579223302,1.2
2023-03-20,MTNGH,1.2,0.82,1.2,1.2,1.2,1.2,0.0,124584.0,149500.8,0.9586666666666666,2023,3,March,1,0,1.2,1.16,1.03,0.95,1.2,1.1,45540.0,5006.0,54648.0,5805.55,1.127142857142857,1.0285714285714285,0.0849929969103832,1.0,1.2,0.0,0.0,26.31578947368421,0.25,100.0,1.079909190898841,1.005109593249211,0.0747995976496302,0.0459891615735583,0.0288104360760719,0.1036151145056657,1.2176025729805238,0.7683974270194762,0.4492051459610475,1.2
2023-03-21,MTNGH,1.2,0.82,1.2,1.2,1.2,1.2,0.0,311574.0,373888.8,0.9693333333333334,2023,3,March,1,1,1.2,1.2,1.1,1.0,1.2,1.16,124584.0,1914765.0,149500.8,2296063.0,1.1557142857142857,1.0485714285714285,0.0667974906856808,1.03,1.2,0.0,0.0,20.0,0.1999999999999999,100.0,1.098384699991327,1.019545919675195,0.0788387803161319,0.052559085322073,0.0262796949940588,0.1114151396055877,1.2461154076669958,0.7698845923330041,0.4762308153339917,1.2
2023-03-22,MTNGH,1.2,0.82,1.2,1.2,1.2,1.2,0.0,1256189.0,1507426.8,0.98,2023,3,March,1,2,1.2,1.2,1.16,1.03,1.2,1.2,311574.0,45540.0,373888.8,54648.0,1.18,1.0685714285714285,0.0382970843102382,1.1,1.2,0.0,0.0,16.50485436893203,0.1699999999999999,100.0,1.1140178230695843,1.0329128885881436,0.0811049344814407,0.0582682551539465,0.0228366793274941,0.1177079963884884,1.270096827388096,0.7759031726119039,0.494193654776192,1.3
2023-03-23,MTNGH,1.3,0.82,1.2,1.2,1.3,1.3,0.1,9544.0,12211.2,0.994,2023,3,March,1,3,1.2,1.2,1.2,1.1,1.2,1.2,1256189.0,124584.0,1507426.8,149500.8,1.2085714285714284,1.095,0.0429839394148308,1.16,1.3,0.0833333333333334,0.0800427076735365,18.181818181818176,0.1999999999999999,100.0,1.1426304656742636,1.0526971190630958,0.0899333466111678,0.0646012734453908,0.0253320731657769,0.1297637109890685,1.3119629205514751,0.7740370794485245,0.5379258411029508,1.3
2023-03-24,MTNGH,1.3,0.82,1.3,1.3,1.3,1.3,0.0,159785010.0,142993514.42,1.008,2023,3,March,1,4,1.3,1.2,1.2,1.16,1.2,1.2,9544.0,311574.0,12211.2,373888.8,1.2285714285714284,1.1214285714285714,0.0487950036474141,1.2,1.3,0.0,0.0,12.068965517241391,0.1400000000000001,100.0,1.1668411632628384,1.071015850984348,0.0958253122784904,0.0708460812120107,0.0249792310664796,0.1393432873307405,1.3475539399685812,0.7764460600314184,0.5711078799371628,1.3
2023-03-27,MTNGH,1.3,0.82,1.3,1.3,1.3,1.3,0.0,607703.0,790013.9,1.022,2023,3,March,1,0,1.3,1.2,1.2,1.2,1.3,1.2,159785010.0,1256189.0,142993514.42,1507426.8,1.242857142857143,1.147857142857143,0.0534522483824733,1.2,1.3,0.0,0.0,8.333333333333341,0.1,100.0,1.1873271381454786,1.087977639800322,0.0993494983451566,0.0765467646386399,0.0228027337065166,0.1469318396986876,1.3771436351360284,0.7848563648639715,0.592287270272057,1.3
2023-03-28,MTNGH,1.3,0.82,1.3,1.3,1.3,1.3,0.0,912656.0,1186452.8,1.0353333333333332,2023,3,March,1,1,1.3,1.3,1.2,1.2,1.3,1.2,607703.0,9544.0,790013.9,12211.2,1.2571428571428571,1.1742857142857142,0.0534522483824731,1.2,1.3,0.0,0.0,8.333333333333341,0.1,100.0,1.2046614245846357,1.103682999815113,0.1009784247695226,0.0814330966648164,0.0195453281047061,0.1534821866184962,1.4013653142476454,0.7986346857523546,0.6027306284952908,1.3
2023-03-29,MTNGH,1.3,0.82,1.3,1.3,1.3,1.3,0.0,1947.0,2531.1,1.0486666666666666,2023,3,March,1,2,1.3,1.3,1.2,1.2,1.3,1.3,912656.0,159785010.0,1186452.8,142993514.42,1.2714285714285716,1.1992857142857145,0.0487950036474137,1.2,1.3,0.0,0.0,8.333333333333341,0.1,100.0,1.2193288977254608,1.1182249998288083,0.1011038978966525,0.0853672569111837,0.0157366409854688,0.1586088951137197,1.420498014307861,0.8175019856921394,0.6029960286157215,1.22
2023-03-30,MTNGH,1.3,0.82,1.3,1.3,1.23,1.22,-0.08,32760.0,40212.68,1.0593333333333337,2023,3,March,1,3,1.3,1.3,1.3,1.2,1.3,1.3,1947.0,607703.0,2531.1,790013.9,1.2742857142857142,1.215,0.0442933941113513,1.2,1.3,-0.0615384615384615,-0.0635134057223258,1.6666666666666683,0.02,78.94736842105262,1.219432144229236,1.125763888730378,0.0936682554988579,0.0870274566287185,0.0066407988701393,0.1590257696170605,1.423420473578357,0.8445795264216426,0.5788409471567145,1.25
2023-03-31,MTNGH,1.3,0.82,1.22,1.22,1.25,1.25,0.03,1189699.0,1487405.15,1.0710000000000002,2023,3,March,1,4,1.22,1.3,1.3,1.2,1.3,1.3,32760.0,912656.0,40212.68,1186452.8,1.2814285714285716,1.2307142857142856,0.0328778402719994,1.22,1.3,0.0245901639344261,0.0242926925690444,4.166666666666671,0.05,78.94736842105262,1.224134891270892,1.134966563639239,0.089168327631653,0.0874556308293054,0.0017126968023475,0.1597703092697061,1.4270521516553294,0.8729478483446703,0.5541043033106591,1.26
2023-04-03,MTNGH,1.3,0.82,1.25,1.25,1.26,1.26,0.01,2776.0,3497.76,1.083,2023,4,April,2,0,1.25,1.3,1.3,1.3,1.22,1.3,1189699.0,1947.0,1487405.15,2531.1,1.2757142857142856,1.2421428571428572,0.0325868802112674,1.22,1.3,0.008,0.0079681696491768,-3.0769230769230798,-0.04,74.99999999999999,1.2296526003061394,1.144228299665962,0.0854243006401773,0.0870493647914798,-0.0016250641513024,0.1600032327259618,1.427209558099079,0.905790441900921,0.521419116198158,1.26
2023-04-04,MTNGH,1.3,0.82,1.26,1.26,1.26,1.26,0.0,129179.0,162765.54,1.095,2023,4,April,2,1,1.26,1.22,1.3,1.3,1.25,1.3,2776.0,32760.0,3497.76,40212.68,1.27,1.249285714285714,0.0310912635102756,1.22,1.3,0.0,0.0,-3.0769230769230798,-0.04,69.23076923076923,1.2343214310282715,1.152803981172187,0.0815174498560846,0.0859429818044008,-0.0044255319483161,0.1593034406624548,1.4215129368664077,0.9444870631335928,0.4770258737328148,1.26
2023-04-05,MTNGH,1.3,0.82,1.26,1.26,1.26,1.26,0.0,29316.0,36938.16,1.107,2023,4,April,2,2,1.26,1.25,1.3,1.3,1.26,1.22,129179.0,1189699.0,162765.54,1487405.15,1.2642857142857142,1.2535714285714286,0.028199966227583,1.22,1.3,0.0,0.0,-3.0769230769230798,-0.04,63.63636363636363,1.2382719801008453,1.1607444270112843,0.0775275530895609,0.0842598960614328,-0.0067323429718719,0.1576585135555688,1.4081018620293533,0.9908981379706469,0.4172037240587065,1.26
2023-04-06,MTNGH,1.3,0.82,1.26,1.26,1.26,1.26,0.0,80120.0,100951.2,1.119,2023,4,April,2,3,1.26,1.26,1.22,1.3,1.26,1.25,29316.0,2776.0,36938.16,3497.76,1.2585714285714285,1.2578571428571428,0.0234012616672217,1.22,1.3,0.0,0.0,-3.0769230769230798,-0.04,63.63636363636363,1.2416147523930228,1.1680966916771152,0.0735180607159076,0.0821115289923278,-0.0085934682764202,0.1550383712237843,1.3886905899945086,1.0413094100054916,0.3473811799890169,1.26
2023-04-11,MTNGH,1.3,0.82,1.26,1.26,1.26,1.26,0.0,10700.0,13482.0,1.1303333333333334,2023,4,April,2,1,1.26,1.26,1.25,1.3,1.26,1.26,80120.0,129179.0,100951.2,162765.54,1.252857142857143,1.2621428571428572,0.0149602648308195,1.22,1.26,0.0,0.0,-3.0769230769230798,-0.04,63.63636363636363,1.2444432520248654,1.174904344145477,0.0695389078793884,0.0795970047697399,-0.0100580968903515,0.1523943010368353,1.3699562571617678,1.0860437428382326,0.2839125143235352,1.2
2023-04-12,MTNGH,1.3,0.82,1.26,1.26,1.2,1.2,-0.06,3505303.0,4206787.78,1.1396666666666666,2023,4,April,2,2,1.26,1.26,1.26,1.22,1.26,1.26,10700.0,29316.0,13482.0,36938.16,1.25,1.2621428571428572,0.0223606797749695,1.2,1.26,-0.0476190476190476,-0.048790164169432,-1.6393442622950831,-0.02,50.0,1.2376058286364249,1.1767632816161824,0.0608425470202422,0.0758461132198404,-0.0150035661995981,0.1475660771533778,1.3449386802226535,1.128061319777346,0.2168773604453076,1.2
2023-04-13,MTNGH,1.3,0.82,1.2,1.2,1.2,1.2,0.0,66547.0,79856.4,1.149,2023,4,April,2,3,1.2,1.26,1.26,1.25,1.26,1.26,3505303.0,80120.0,4206787.78,100951.2,1.2428571428571429,1.262142857142857,0.0292770021884343,1.2,1.26,0.0,0.0,-4.000000000000004,-0.05,50.0,1.231820316538513,1.1784845200149836,0.0533357965235294,0.0713440498805782,-0.0180082533570487,0.1419409785062448,1.3310074239791234,1.1519925760208762,0.1790148479582471,1.2
2023-04-14,MTNGH,1.3,0.82,1.2,1.2,1.2,1.2,0.0,67693.0,81232.2,1.1583333333333334,2023,4,April,2,4,1.2,1.26,1.26,1.26,1.2,1.26,66547.0,10700.0,79856.4,13482.0,1.2342857142857144,1.255,0.0320713490294711,1.2,1.26,0.0,0.0,-4.761904761904765,-0.06,22.22222222222221,1.2269248832248958,1.180078259273133,0.0468466239517628,0.0664445646948151,-0.0195979407430522,0.1354197391340214,1.326920305492316,1.160079694507684,0.1668406109846318,1.2
2023-04-17,MTNGH,1.3,0.82,1.2,1.2,1.2,1.2,0.0,11550.0,13860.0,1.1676666666666666,2023,4,April,2,0,1.2,1.2,1.26,1.26,1.2,1.26,67693.0,3505303.0,81232.2,4206787.78,1.2257142857142858,1.247857142857143,0.0320713490294711,1.2,1.26,0.0,0.0,-4.761904761904765,-0.06,22.22222222222221,1.2227825934979888,1.181553943771419,0.0412286497265694,0.061401381701166,-0.0201727319745965,0.1278653206693865,1.3269203054923158,1.160079694507684,0.1668406109846318,1.2
2023-04-18,MTNGH,1.3,0.82,1.2,1.2,1.2,1.2,0.0,75625.0,90750.0,1.1766666666666663,2023,4,April,2,1,1.2,1.2,1.26,1.26,1.2,1.2,11550.0,66547.0,13860.0,79856.4,1.217142857142857,1.240714285714286,0.0292770021884343,1.2,1.26,0.0,0.0,-4.761904761904765,-0.06,22.22222222222221,1.2192775791136827,1.1829203183068695,0.036357260806813,0.0563925575222954,-0.0200352967154824,0.1198082759599927,1.326920305492316,1.160079694507684,0.1668406109846318,1.2
2023-04-19,MTNGH,1.3,0.82,1.2,1.2,1.2,1.2,0.0,17153.0,20583.6,1.1856666666666666,2023,4,April,2,2,1.2,1.2,1.2,1.26,1.2,1.2,75625.0,67693.0,90750.0,81232.2,1.2085714285714284,1.2335714285714283,0.0226778683805257,1.2,1.26,0.0,0.0,-4.761904761904765,-0.06,22.22222222222221,1.2163117977115776,1.184185479913768,0.0321263177978095,0.0515393095773982,-0.0194129917795887,0.1104124972103699,1.326920305492316,1.160079694507684,0.1668406109846318,1.2
2023-04-20,MTNGH,1.3,0.82,1.2,1.2,1.2,1.2,0.0,10980.0,13238.0,1.1946666666666668,2023,4,April,2,3,1.2,1.2,1.2,1.26,1.2,1.2,17153.0,11550.0,20583.6,13860.0,1.2,1.2264285714285716,0.0,1.2,1.2,0.0,0.0,-4.761904761904765,-0.06,22.22222222222221,1.2138022903713348,1.1853569258460814,0.0284453645252533,0.0469205205669692,-0.0184751560417159,0.0992986902484498,1.326920305492316,1.160079694507684,0.1668406109846318,1.26
2023-04-21,MTNGH,1.3,0.82,1.2,1.2,1.26,1.26,0.06,3559.0,4461.74,1.2056666666666669,2023,4,April,2,4,1.2,1.2,1.2,1.2,1.2,1.2,10980.0,75625.0,13238.0,90750.0,1.2085714285714284,1.2292857142857143,0.0226778683805257,1.2,1.26,0.05,0.048790164169432,5.000000000000004,0.06,62.50000000000001,1.2209096303142062,1.1908860424500751,0.0300235878641308,0.0435411340264015,-0.0135175461622707,0.0864105410768591,1.327617199162757,1.1653828008372429,0.1622343983255141,1.26
2023-04-25,MTNGH,1.3,0.82,1.26,1.26,1.26,1.26,0.0,551025.0,694291.5,1.216,2023,4,April,2,1,1.26,1.2,1.2,1.2,1.2,1.2,3559.0,17153.0,4461.74,20583.6,1.217142857142857,1.23,0.0292770021884343,1.2,1.26,0.0,0.0,5.000000000000004,0.06,53.846153846153854,1.2269235333427897,1.1960055948611807,0.0309179384816089,0.041016494917443,-0.0100985564358341,0.0721397111931748,1.3219528719185505,1.1670471280814496,0.1549057438371006,1.26
2023-04-26,MTNGH,1.3,0.82,1.26,1.26,1.26,1.26,0.0,3979.0,5013.54,1.2246666666666668,2023,4,April,2,2,1.26,1.2,1.2,1.2,1.26,1.2,551025.0,10980.0,694291.5,13238.0,1.2257142857142858,1.23,0.0320713490294711,1.2,1.26,0.0,0.0,5.000000000000004,0.06,50.0,1.232012220520822,1.2007459211677598,0.0312662993530621,0.0390664558045668,-0.0078001564515047,0.0598695900778699,1.3158771798744406,1.1691228201255597,0.1467543597488809,1.26
2023-04-27,MTNGH,1.3,0.82,1.26,1.26,1.26,1.26,0.0,3659.0,4610.34,1.2323333333333333,2023,4,April,2,3,1.26,1.26,1.2,1.2,1.26,1.2,3979.0,3559.0,5013.54,4461.74,1.2342857142857144,1.23,0.0320713490294711,1.2,1.26,0.0,0.0,5.000000000000004,0.06,50.0,1.2363180327483878,1.20513511219237,0.0311829205560176,0.037489748754857,-0.0063068281988393,0.0475382483635181,1.3093170725452217,1.1716829274547782,0.1376341450904434,1.26
2023-04-28,MTNGH,1.3,0.82,1.26,1.26,1.26,1.26,0.0,3279.0,4131.54,1.2376666666666667,2023,4,April,2,4,1.26,1.26,1.2,1.2,1.26,1.26,3659.0,551025.0,4610.34,694291.5,1.2428571428571429,1.23,0.0292770021884343,1.2,1.26,0.0,0.0,5.000000000000004,0.06,50.0,1.239961412325559,1.2091991779558982,0.0307622343696607,0.0361442458778177,-0.005382011508157,0.0406569613442448,1.3021685496186015,1.1748314503813984,0.1273370992372031,1.25
2023-05-02,MTNGH,1.3,0.82,1.26,1.26,1.25,1.25,-0.01,4108756.0,5135962.01,1.2406666666666666,2023,5,May,2,1,1.26,1.26,1.26,1.2,1.26,1.26,3279.0,3979.0,4131.54,5013.54,1.25,1.229285714285714,0.0223606797749695,1.2,1.26,-0.0079365079365079,-0.0079681696491768,4.166666666666671,0.05,46.15384615384615,1.241505810429319,1.212221461070276,0.0292843493590431,0.0347722665740628,-0.0054879172150197,0.0379594459947743,1.293087190931337,1.178912809068663,0.1141743818626741,1.25
2023-05-03,MTNGH,1.3,0.82,1.25,1.25,1.25,1.25,0.0,2682.0,3370.5,1.2423333333333333,2023,5,May,2,2,1.25,1.26,1.26,1.2,1.26,1.26,4108756.0,3659.0,5135962.01,4610.34,1.2571428571428571,1.2285714285714284,0.0048795003646128,1.25,1.26,0.0,0.0,4.166666666666671,0.05,46.15384615384615,1.2428126088248084,1.215019871361367,0.0277927374634416,0.0333763607519386,-0.0055836232884969,0.0372024594416291,1.2943932518430186,1.1806067481569815,0.113786503686037,1.25
2023-05-04,MTNGH,1.3,0.82,1.25,1.25,1.25,1.25,0.0,13776.0,17220.0,1.244,2023,5,May,2,3,1.25,1.26,1.26,1.26,1.25,1.26,2682.0,3279.0,3370.5,4131.54,1.2557142857142856,1.2321428571428572,0.0053452248381299,1.25,1.26,0.0,0.0,-0.7936507936507943,-0.01,85.71428571428571,1.2439183613132994,1.2176109920012654,0.0263073693120339,0.0319625624639576,-0.0056551931519237,0.0363507814268847,1.2943932518430186,1.1806067481569815,0.113786503686037,1.2
2023-05-05,MTNGH,1.3,0.82,1.25,1.25,1.2,1.2,-0.05,1420493.0,1705162.1,1.244,2023,5,May,2,4,1.25,1.25,1.26,1.26,1.25,1.26,13776.0,4108756.0,17220.0,5135962.01,1.247142857142857,1.2321428571428572,0.0213808993529643,1.2,1.26,-0.04,-0.0408219945202551,-4.761904761904765,-0.06,50.0,1.2371616903420226,1.2163064740752456,0.020855216266777,0.0297410932245215,-0.0088858769577445,0.0363507814268847,1.2927101456160472,1.176289854383953,0.1164202912320941,1.25
2023-05-08,MTNGH,1.3,0.82,1.2,1.2,1.25,1.25,0.05,2992356.0,3740090.2,1.245666666666667,2023,5,May,2,0,1.2,1.25,1.26,1.26,1.25,1.25,1420493.0,2682.0,1705162.1,3370.5,1.2457142857142858,1.2357142857142858,0.0207019667802399,1.2,1.26,0.0416666666666667,0.0408219945202552,-0.7936507936507943,-0.01,64.70588235294119,1.2391368149047883,1.2188022908104126,0.0203345240943757,0.0278597793984923,-0.0075252553041166,0.0353975776819185,1.2914547877168538,1.176545212283146,0.1149095754337077,1.25
2023-05-09,MTNGH,1.3,0.82,1.25,1.25,1.25,1.25,0.0,15369.0,19211.25,1.2473333333333334,2023,5,May,2,1,1.25,1.25,1.25,1.26,1.2,1.25,2992356.0,13776.0,3740090.2,17220.0,1.2442857142857144,1.239285714285714,0.0198805959477281,1.2,1.26,0.0,0.0,-0.7936507936507943,-0.01,64.70588235294119,1.2408080741502054,1.2211132322318634,0.019694841918342,0.0262267919024623,-0.0065319499841202,0.0343343934665079,1.2901707944833862,1.176829205516614,0.1133415889667723,1.25
2023-05-10,MTNGH,1.3,0.82,1.25,1.25,1.25,1.25,0.0,10761.0,13451.25,1.245666666666667,2023,5,May,2,2,1.25,1.2,1.25,1.26,1.25,1.25,15369.0,1420493.0,19211.25,1705162.1,1.2428571428571429,1.2428571428571429,0.0188982236504277,1.2,1.25,0.0,0.0,-0.7936507936507943,-0.01,64.70588235294119,1.2422222165886354,1.2232529928072808,0.0189692237813545,0.0247752782782407,-0.0058060544968861,0.0328720962617842,1.2888569601751632,1.177143039824837,0.1117139203503261,1.25
2023-05-11,MTNGH,1.3,0.82,1.25,1.25,1.25,1.25,0.0,16172.0,20215.0,1.244,2023,5,May,2,3,1.25,1.25,1.25,1.25,1.25,1.2,10761.0,2992356.0,13451.25,3740090.2,1.2428571428571429,1.2464285714285714,0.0188982236504277,1.2,1.25,0.0,0.0,0.0,0.0,64.70588235294119,1.2434187986519225,1.225234252599334,0.0181845460525882,0.0234571318331102,-0.005272585780522,0.0312498275857364,1.2875119604221064,1.1774880395778935,0.1100239208442128,1.26
2023-05-12,MTNGH,1.3,0.82,1.25,1.25,1.26,1.26,0.01,2741135.0,3453853.28,1.2426666666666668,2023,5,May,2,4,1.25,1.25,1.2,1.25,1.25,1.25,16172.0,15369.0,20215.0,19211.25,1.2442857142857142,1.250714285714286,0.0198805959477281,1.2,1.26,0.008,0.0079681696491768,0.8000000000000007,0.01,66.66666666666666,1.2459697527054727,1.2278094931475314,0.0181602595579413,0.0223977573780764,-0.0042374978201351,0.029587198225768,1.28958570197293,1.18141429802707,0.1081714039458598,1.26
2023-05-15,MTNGH,1.3,0.82,1.26,1.26,1.26,1.26,0.0,124960.0,157449.6,1.2413333333333332,2023,5,May,2,0,1.26,1.25,1.25,1.25,1.25,1.25,2741135.0,10761.0,3453853.28,13451.25,1.2457142857142856,1.2507142857142857,0.0207019667802399,1.2,1.26,0.0,0.0,0.8000000000000007,0.01,50.0,1.248128252289246,1.2301939751366031,0.0179342771526429,0.0215050613329897,-0.0035707841803468,0.0277592275224651,1.2909253855745628,1.186074614425437,0.1048507711491257,1.26
2023-05-16,MTNGH,1.3,0.82,1.26,1.26,1.26,1.26,0.0,3552.0,4475.52,1.24,2023,5,May,2,1,1.26,1.25,1.25,1.2,1.26,1.25,124960.0,16172.0,157449.6,20215.0,1.2542857142857144,1.250714285714286,0.00534522483813,1.25,1.26,0.0,0.0,5.000000000000004,0.06,50.0,1.2499546750139774,1.232401828830188,0.0175528461837892,0.0207146183031496,-0.0031617721193604,0.0257307008361129,1.291457876993467,1.191542123006533,0.0999157539869339,1.14
2023-05-17,MTNGH,1.3,0.82,1.26,1.26,1.14,1.14,-0.12,2939658.0,3354644.02,1.2373333333333332,2023,5,May,2,2,1.26,1.26,1.25,1.25,1.26,1.25,3552.0,2741135.0,4475.52,3453853.28,1.2385714285714289,1.2421428571428572,0.0437525509460242,1.14,1.26,-0.0952380952380953,-0.1000834585569826,-8.800000000000008,-0.1100000000000001,25.0,1.2330385711656733,1.2255572489168407,0.0074813222488325,0.0180679590922862,-0.0105866368434536,0.0313966101106005,1.3038009228596794,1.1731990771403205,0.1306018457193589,1.14
2023-05-18,MTNGH,1.3,0.82,1.14,1.14,1.14,1.14,0.0,11548.0,13164.72,1.2336666666666667,2023,5,May,2,3,1.14,1.26,1.25,1.25,1.26,1.26,2939658.0,124960.0,3354644.02,157449.6,1.2228571428571429,1.2335714285714283,0.056778600932114,1.14,1.26,0.0,0.0,-8.800000000000008,-0.1100000000000001,25.0,1.2187249448324928,1.2192196749230004,-0.0004947300905076,0.0143554212557274,-0.014850151346235,0.0359581493648851,1.312680581141068,1.1583194188589316,0.1543611622821363,1.14
2023-05-19,MTNGH,1.3,0.82,1.14,1.14,1.14,1.14,0.0,18478.0,21064.92,1.229666666666667,2023,5,May,2,4,1.14,1.26,1.26,1.25,1.14,1.26,11548.0,3552.0,13164.72,4475.52,1.207142857142857,1.225,0.0629058253037156,1.14,1.26,0.0,0.0,-8.800000000000008,-0.1100000000000001,25.0,1.2066134148582632,1.2133515508546302,-0.0067381359963669,0.0101367098053085,-0.0168748458016755,0.0394342170109235,1.3195269165863988,1.145473083413601,0.1740538331727976,1.13
2023-05-22,MTNGH,1.3,0.82,1.14,1.14,1.13,1.13,-0.01,1969446.0,2225473.98,1.2253333333333332,2023,5,May,2,0,1.14,1.14,1.26,1.25,1.14,1.26,18478.0,2939658.0,21064.92,3354644.02,1.19,1.2164285714285714,0.0655743852430103,1.13,1.26,-0.0087719298245614,-0.0088106296821549,-9.600000000000009,-0.1200000000000001,25.0,1.1948267356492996,1.2071773619024353,-0.0123506262531356,0.0056392425936197,-0.0179898688467554,0.0429701847984089,1.3265273241065183,1.1314726758934812,0.1950546482130373,1.11
2023-05-23,MTNGH,1.3,0.82,1.13,1.13,1.11,1.11,-0.02,27300.0,30306.93,1.2203333333333333,2023,5,May,2,1,1.13,1.14,1.26,1.26,1.14,1.14,1969446.0,11548.0,2225473.98,13164.72,1.1685714285714286,1.2064285714285714,0.0633583910329519,1.11,1.26,-0.0176991150442475,-0.0178576174000062,-11.904761904761898,-0.1499999999999999,23.07692307692309,1.1817764686263306,1.1999790387985512,-0.0182025701722206,0.0008708800404516,-0.0190734502126722,0.0473055608988436,1.3312892718371674,1.111710728162833,0.2195785436743347,1.1
2023-05-24,MTNGH,1.3,0.82,1.11,1.11,1.1,1.1,-0.01,648752.0,713631.22,1.215,2023,5,May,2,2,1.11,1.14,1.14,1.26,1.13,1.14,27300.0,18478.0,30306.93,21064.92,1.1457142857142857,1.1957142857142855,0.0528700113035435,1.1,1.26,-0.009009009009009,-0.0090498355199179,-12.698412698412692,-0.1599999999999999,22.222222222222243,1.169195473453049,1.1925731840727325,-0.0233777106196835,-0.0039788380915753,-0.0193988725281081,0.0515116324325119,1.3342476707850246,1.0927523292149754,0.2414953415700491,1.1
2023-05-25,MTNGH,1.3,0.82,1.1,1.1,1.1,1.1,0.0,1097201.0,1206915.1,1.209666666666667,2023,5,May,2,3,1.1,1.13,1.14,1.26,1.11,1.14,648752.0,1969446.0,713631.22,2225473.98,1.122857142857143,1.1885714285714286,0.0188982236504277,1.1,1.14,0.0,0.0,-12.698412698412692,-0.1599999999999999,27.27272727272729,1.1585500159987336,1.185715911178456,-0.0271658951797224,-0.0086162495092047,-0.0185496456705176,0.0548655619223715,1.3342142898867912,1.0767857101132088,0.2574285797735824,1.1
2023-05-26,MTNGH,1.3,0.82,1.1,1.1,1.1,1.1,0.0,14372.0,15809.2,1.2063333333333333,2023,5,May,2,4,1.1,1.11,1.14,1.14,1.1,1.13,1097201.0,27300.0,1206915.1,30306.93,1.1171428571428572,1.177857142857143,0.0188982236504277,1.1,1.14,0.0,0.0,-3.508771929824545,-0.0399999999999998,5.882352941176464,1.1495423212296978,1.1793665844244965,-0.0298242631947986,-0.0128578522463235,-0.0169664109484751,0.0583971736050433,1.3317229096454553,1.0632770903545448,0.2684458192909105,1.08
2023-05-29,MTNGH,1.3,0.82,1.1,1.1,1.08,1.08,-0.02,26028.0,28245.86,1.2023333333333333,2023,5,May,2,0,1.1,1.1,1.13,1.14,1.1,1.11,14372.0,648752.0,15809.2,713631.22,1.1085714285714283,1.1657142857142857,0.0203540097839331,1.08,1.14,-0.0181818181818181,-0.0183491386681965,-5.263157894736828,-0.0599999999999998,5.26315789473685,1.1388435025789752,1.1720060966893486,-0.0331625941103734,-0.0169188006191335,-0.0162437934912399,0.0627904744221685,1.3290665229292822,1.0479334770707176,0.2811330458585646,1.09
2023-05-30,MTNGH,1.3,0.82,1.08,1.08,1.09,1.09,0.01,173350.0,189118.0,1.1986666666666668,2023,5,May,2,1,1.08,1.1,1.11,1.14,1.1,1.1,26028.0,1097201.0,28245.86,1206915.1,1.1014285714285716,1.1542857142857144,0.0157359158493487,1.08,1.13,0.0092592592592593,0.009216655104924,-4.385964912280686,-0.0499999999999998,10.0,1.1313291175668252,1.1659315710086562,-0.0346024534418309,-0.020455531183673,-0.0141469222581579,0.0660581422757225,1.3244992690040167,1.036500730995983,0.2879985380080336,1.09
2023-05-31,MTNGH,1.3,0.82,1.09,1.09,1.09,1.09,0.0,230.0,250.7,1.195,2023,5,May,2,2,1.09,1.1,1.1,1.13,1.08,1.1,173350.0,14372.0,189118.0,15809.2,1.095714285714286,1.1428571428571428,0.0097590007294207,1.08,1.11,0.0,0.0,-3.5398230088495417,-0.0399999999999998,10.0,1.1249707917873135,1.1603070101932005,-0.0353362184058865,-0.0234316686281157,-0.0119045497777707,0.0689702584577162,1.3180118009322022,1.0269881990677976,0.2910236018644045,1.09
2023-06-01,MTNGH,1.3,0.82,1.09,1.09,1.09,1.09,0.0,54524.0,59431.16,1.1913333333333334,2023,6,June,2,3,1.09,1.08,1.1,1.11,1.09,1.1,230.0,26028.0,250.7,28245.86,1.092857142857143,1.1307142857142858,0.0075592894601012,1.08,1.1,0.0,0.0,-1.8018018018018032,-0.02,5.26315789473685,1.119590669973881,1.1550990835122226,-0.0355084135383416,-0.0258470176101609,-0.0096613959281807,0.0715702371840049,1.3096641539049965,1.0193358460950033,0.2903283078099932,1.09
2023-06-02,MTNGH,1.3,0.82,1.09,1.09,1.09,1.09,0.0,17643.0,19230.87,1.1876666666666666,2023,6,June,2,4,1.09,1.09,1.1,1.1,1.09,1.08,54524.0,173350.0,59431.16,189118.0,1.0914285714285714,1.1185714285714283,0.0069006555933322,1.08,1.1,0.0,0.0,-0.9090909090909096,-0.01,5.26315789473685,1.1150382592086685,1.150276929177984,-0.0352386699693154,-0.0277253480819918,-0.0075133218873236,0.0738910350277437,1.306812114025331,1.011187885974669,0.295624228050662,1.09
2023-06-05,MTNGH,1.3,0.82,1.09,1.09,1.09,1.09,0.0,6204.0,6762.36,1.184,2023,6,June,2,0,1.09,1.09,1.08,1.1,1.09,1.09,17643.0,230.0,19230.87,250.7,1.09,1.1064285714285715,0.0057735026917872,1.08,1.1,0.0,0.0,-0.9090909090909096,-0.01,5.26315789473685,1.1111862193304118,1.1458119714610964,-0.0346257521306845,-0.0291054288917303,-0.0055203232389541,0.0759582462436684,1.295353367597876,1.006646632402124,0.2887067351957522,1.19
2023-06-07,MTNGH,1.3,0.82,1.1,1.1,1.19,1.19,0.09,66300.0,78897.0,1.1816666666666669,2023,6,June,2,2,1.09,1.09,1.09,1.1,1.09,1.09,6204.0,54524.0,6762.36,59431.16,1.102857142857143,1.11,0.0386066858260965,1.08,1.19,0.0917431192660549,0.0877756108823855,8.181818181818167,0.0899999999999998,64.70588235294122,1.1233114163565023,1.1490851587602744,-0.025773742403772,-0.0284390915941387,0.0026653491903666,0.0746062460791517,1.2860465215254209,1.0099534784745794,0.2760930430508415,1.19
2023-06-08,MTNGH,1.3,0.82,1.19,1.19,1.19,1.19,0.0,440.0,523.6,1.1793333333333331,2023,6,June,2,3,1.19,1.09,1.09,1.08,1.1,1.09,66300.0,17643.0,78897.0,19230.87,1.1185714285714283,1.1135714285714289,0.0487950036474136,1.09,1.19,0.0,0.0,10.185185185185173,0.1099999999999998,64.70588235294122,1.133571198455502,1.1521158877409947,-0.0185446892854928,-0.0264602111324095,0.0079155218469167,0.0731523367215021,1.2761487704860597,1.0138512295139404,0.2622975409721193,1.19
2023-06-09,MTNGH,1.3,0.82,1.19,1.19,1.19,1.19,0.0,596.0,709.24,1.1769999999999998,2023,6,June,2,4,1.19,1.09,1.09,1.09,1.19,1.09,440.0,6204.0,523.6,6762.36,1.132857142857143,1.1171428571428572,0.0534522483824729,1.09,1.19,0.0,0.0,9.17431192660549,0.0999999999999998,64.70588235294122,1.1422525525392708,1.1549221182786988,-0.012669565739428,-0.0237020820538132,0.0110325163143852,0.0715903094964188,1.2655611930221524,1.0184388069778474,0.247122386044305,1.19
2023-06-12,MTNGH,1.3,0.82,1.19,1.19,1.19,1.19,0.0,8031.0,9556.89,1.1746666666666667,2023,6,June,2,0,1.19,1.19,1.09,1.09,1.19,1.1,596.0,66300.0,709.24,78897.0,1.147142857142857,1.1214285714285714,0.0534522483824728,1.09,1.19,0.0,0.0,9.17431192660549,0.0999999999999998,68.75000000000006,1.149598313687075,1.157520479887684,-0.0079221662006088,-0.0205460988831723,0.0126239326825635,0.0699129179190365,1.251502095928418,1.025497904071582,0.2260041918568358,1.19
2023-06-13,MTNGH,1.3,0.82,1.19,1.19,1.19,1.19,0.0,2127.0,2531.13,1.1723333333333334,2023,6,June,2,1,1.19,1.19,1.09,1.09,1.19,1.19,8031.0,440.0,9556.89,523.6,1.1614285714285713,1.1271428571428572,0.0487950036474135,1.09,1.19,0.0,0.0,9.17431192660549,0.0999999999999998,78.57142857142854,1.1558139577352176,1.1599263702663742,-0.0041124125311566,-0.0172593616127692,0.0131469490816125,0.0681116392571691,1.235838589104748,1.034161410895252,0.2016771782094961,1.19
2023-06-14,MTNGH,1.3,0.82,1.19,1.19,1.19,1.19,0.0,5396.0,6421.24,1.1703333333333332,2023,6,June,2,2,1.19,1.19,1.19,1.09,1.19,1.19,2127.0,596.0,2531.13,709.24,1.1757142857142855,1.1335714285714285,0.0377964473009057,1.09,1.19,0.0,0.0,9.17431192660549,0.0999999999999998,84.61538461538458,1.1610733488528764,1.162154046542939,-0.0010806976900625,-0.0140236288282278,0.0129429311381653,0.0666169354740512,1.217895662659188,1.0451043373408118,0.1727913253183763,1.19
2023-06-15,MTNGH,1.3,0.82,1.19,1.19,1.19,1.19,0.0,3108.0,3698.52,1.1683333333333332,2023,6,June,2,3,1.19,1.19,1.19,1.09,1.19,1.19,5396.0,8031.0,6421.24,9556.89,1.19,1.14,0.0,1.19,1.19,0.0,0.0,9.17431192660549,0.0999999999999998,84.61538461538458,1.1655236028755107,1.1642167097619804,0.0013068931135302,-0.0109575244398762,0.0122644175534065,0.0650243102196409,1.2242394475533924,1.0437605524466078,0.1804788951067846,1.19
2023-06-16,MTNGH,1.3,0.82,1.19,1.19,1.19,1.19,0.0,150.0,178.5,1.1663333333333334,2023,6,June,2,4,1.19,1.19,1.19,1.19,1.19,1.19,3108.0,2127.0,3698.52,2531.13,1.19,1.1464285714285716,0.0,1.19,1.19,0.0,0.0,0.0,0.0,84.61538461538458,1.1692892024331245,1.1661265831129448,0.0031626193201796,-0.008133495687865,0.0112961150080447,0.0633263759033889,1.23014546803885,1.0428545319611502,0.1872909360776997,1.24
2023-06-19,MTNGH,1.3,0.82,1.19,1.19,1.24,1.24,0.05,102771.0,127145.14,1.1676666666666666,2023,6,June,2,0,1.19,1.19,1.19,1.19,1.19,1.19,150.0,5396.0,178.5,6421.24,1.1971428571428573,1.157857142857143,0.0188982236504275,1.19,1.24,0.0420168067226891,0.0411580724935075,4.201680672268911,0.05,100.0,1.1801677866741822,1.1715986880675415,0.0085690986066406,-0.0047929768289639,0.0133620754356045,0.064470433390889,1.2459836930112451,1.037016306988755,0.2089673860224903,1.24
2023-06-20,MTNGH,1.3,0.82,1.24,1.24,1.24,1.24,0.0,117275.0,145421.0,1.1673333333333331,2023,6,June,2,1,1.24,1.19,1.19,1.19,1.19,1.19,102771.0,3108.0,127145.14,3698.52,1.2042857142857142,1.1685714285714286,0.0243975018236871,1.19,1.24,0.0,0.0,4.201680672268911,0.05,100.0,1.189372742570462,1.1766654519143902,0.0127072906560716,-0.0012929233319567,0.0140002139880284,0.0640545744326428,1.2601556915330423,1.0338443084669575,0.226311383066085,1.23
2023-06-21,MTNGH,1.3,0.82,1.24,1.24,1.23,1.23,-0.01,7675.0,9451.32,1.1666666666666667,2023,6,June,2,2,1.24,1.19,1.19,1.19,1.24,1.19,117275.0,150.0,145421.0,178.5,1.2100000000000002,1.1785714285714286,0.0251661147842104,1.19,1.24,-0.0080645161290322,-0.0080972102326193,3.361344537815129,0.04,93.75,1.195623089867314,1.180616159179991,0.0150069306873228,0.0019670474718991,0.0130398832154237,0.0632637246024494,1.2705361086735087,1.0354638913264913,0.2350722173470174,1.24
2023-06-22,MTNGH,1.3,0.82,1.23,1.23,1.29,1.24,0.01,13593.0,16934.79,1.1663333333333332,2023,6,June,2,3,1.23,1.24,1.19,1.19,1.24,1.19,7675.0,102771.0,9451.32,127145.14,1.217142857142857,1.1892857142857145,0.0256347977784413,1.19,1.24,0.0081300813008129,0.0080972102326193,4.201680672268911,0.05,94.11764705882352,1.202450306810804,1.1850149622036954,0.0174353446071087,0.005060706898941,0.0123746377081676,0.0628343928079207,1.2808740100923082,1.0391259899076917,0.2417480201846165,1.26
2023-06-23,MTNGH,1.3,0.82,1.24,1.24,1.3,1.26,0.02,12023.0,15066.72,1.1666666666666667,2023,6,June,2,4,1.24,1.24,1.19,1.19,1.23,1.24,13593.0,117275.0,16934.79,145421.0,1.227142857142857,1.2014285714285715,0.0269037083653582,1.19,1.26,0.0161290322580645,0.0160003413464411,5.882352941176476,0.07,94.73684210526316,1.211304105762988,1.190569409447866,0.020734696315122,0.0081955047821772,0.0125391915329447,0.0633182075101522,1.2932534273089482,1.0427465726910516,0.2505068546178965,1.3
2023-06-26,MTNGH,1.3,0.82,1.26,1.28,1.3,1.3,0.04,7999.0,10327.72,1.168,2023,6,June,2,0,1.26,1.23,1.24,1.19,1.24,1.24,12023.0,7675.0,15066.72,9451.32,1.2428571428571429,1.2164285714285712,0.0330223589477631,1.19,1.3,0.0317460317460318,0.0312525435041045,9.243697478991605,0.1100000000000001,95.65217391304348,1.2249496279532976,1.1986753791183946,0.026274248834903,0.0118112535927224,0.0144629952421806,0.0657267069006189,1.3120227788965924,1.043977221103408,0.2680455577931844,1.32
2023-06-27,MTNGH,1.32,0.82,1.3,1.3,1.32,1.32,0.02,11939.0,15759.48,1.1700000000000002,2023,6,June,2,1,1.3,1.24,1.24,1.19,1.28,1.23,7999.0,13593.0,10327.72,16934.79,1.2614285714285711,1.2257142857142858,0.0348466026218401,1.23,1.32,0.0153846153846153,0.0152674721307883,10.924369747899169,0.1300000000000001,93.33333333333331,1.2395727621143289,1.2076623880725876,0.0319103740417412,0.0158310776825261,0.016079296359215,0.0694311864738914,1.3299247918291417,1.0500752081708584,0.279849583658283,1.32
2023-06-29,MTNGH,1.32,0.82,1.32,1.32,1.32,1.32,0.0,5778.0,7626.96,1.172,2023,6,June,2,3,1.32,1.26,1.23,1.24,1.3,1.24,11939.0,12023.0,15759.48,15066.72,1.272857142857143,1.235,0.0394606494769355,1.23,1.32,0.0,0.0,6.451612903225811,0.08,93.33333333333331,1.2519461833275092,1.215983692659803,0.0359624906677058,0.0198573602795621,0.0161051303881437,0.0728910381890377,1.3445899606615137,1.0584100393384863,0.2861799213230269,1.32
2023-06-30,MTNGH,1.32,0.82,1.32,1.32,1.32,1.32,0.0,8360.0,11035.2,1.1780000000000002,2023,6,June,2,4,1.32,1.3,1.24,1.24,1.32,1.28,5778.0,7999.0,7626.96,10327.72,1.2842857142857145,1.2442857142857142,0.0399404318358829,1.23,1.32,0.0,0.0,6.451612903225811,0.08,93.33333333333331,1.2624160012771233,1.2236886043146329,0.0387273969624906,0.0236313676161478,0.0150960293463428,0.0774329520873733,1.35532653338458,1.07067346661542,0.28465306676916,1.32
2023-07-03,MTNGH,1.32,0.82,1.32,1.32,1.32,1.32,0.0,33629.0,44390.28,1.1840000000000002,2023,7,July,3,0,1.32,1.32,1.26,1.23,1.32,1.3,8360.0,11939.0,11035.2,15759.48,1.2971428571428572,1.2535714285714286,0.0335232683938819,1.24,1.32,0.0,0.0,7.317073170731714,0.09,93.33333333333331,1.27127507800372,1.230822781772808,0.0404522962309119,0.0269955533391006,0.0134567428918113,0.0812658472609155,1.3620691213823228,1.0869308786176777,0.2751382427646454,1.32
2023-07-04,MTNGH,1.32,0.82,1.32,1.32,1.32,1.32,0.0,171453.0,226876.15,1.1900000000000002,2023,7,July,3,1,1.32,1.32,1.3,1.24,1.32,1.32,33629.0,5778.0,44390.28,7626.96,1.3085714285714285,1.262857142857143,0.0226778683805254,1.26,1.32,0.0,0.0,6.451612903225811,0.08,93.33333333333331,1.2787712198493015,1.2374285016414888,0.0413427182078127,0.029864986312843,0.0114777318949697,0.084486277196257,1.364374452287089,1.1076255477129109,0.2567489045741782,1.33
2023-07-05,MTNGH,1.33,0.82,1.32,1.32,1.33,1.33,0.01,23675.0,31392.99,1.1966666666666663,2023,7,July,3,2,1.32,1.32,1.32,1.26,1.32,1.32,171453.0,8360.0,226876.15,11035.2,1.3185714285714287,1.272857142857143,0.0089973541083534,1.3,1.33,0.0075757575757575,0.0075472056353829,5.55555555555556,0.07,93.75,1.286652570641717,1.244285649668045,0.0423669209736716,0.0323653732450087,0.0100015477286628,0.0874281314047121,1.3630926400317782,1.1329073599682218,0.2301852800635564,1.33
2023-07-06,MTNGH,1.33,0.82,1.33,1.33,1.33,1.33,0.0,7815.0,10393.95,1.204,2023,7,July,3,3,1.33,1.32,1.32,1.3,1.32,1.32,23675.0,33629.0,31392.99,44390.28,1.3228571428571427,1.282857142857143,0.0048795003646119,1.32,1.33,0.0,0.0,2.3076923076923097,0.03,93.75,1.2933214059276064,1.2506348608037454,0.0426865451238609,0.0344296076207792,0.0082569375030817,0.0891182863699553,1.372249172368353,1.1377508276316468,0.2344983447367061,1.45
2023-07-07,MTNGH,1.45,0.82,1.33,1.33,1.45,1.45,0.12,4519006.0,6552558.7,1.215666666666667,2023,7,July,3,4,1.33,1.32,1.32,1.32,1.33,1.32,7815.0,171453.0,10393.95,226876.15,1.3414285714285714,1.3014285714285714,0.0481070235442231,1.32,1.45,0.0902255639097744,0.0863846141988206,9.84848484848484,0.1299999999999999,96.42857142857144,1.317425805015667,1.2654026488923569,0.0520231561233102,0.0379483173212854,0.0140748388020247,0.0975451560625363,1.4099562571617763,1.1260437428382242,0.2839125143235521,1.45
2023-07-10,MTNGH,1.45,0.82,1.45,1.45,1.45,1.45,0.0,2238.0,3245.1,1.2273333333333334,2023,7,July,3,0,1.45,1.33,1.32,1.32,1.33,1.32,4519006.0,23675.0,6552558.7,31392.99,1.36,1.3164285714285715,0.0616441400296794,1.32,1.45,0.0,0.0,9.84848484848484,0.1299999999999999,95.65217391304348,1.337821835013257,1.2790765267521822,0.0587453082610747,0.0421077155092432,0.0166375927518314,0.1039540128211002,1.439532746077774,1.1224672539222262,0.3170654921555478,1.45
2023-07-11,MTNGH,1.45,0.82,1.45,1.45,1.45,1.45,0.0,76500.0,110925.0,1.239,2023,7,July,3,1,1.45,1.33,1.32,1.32,1.45,1.33,2238.0,7815.0,3245.1,10393.95,1.3785714285714283,1.3314285714285714,0.0669399162006579,1.32,1.45,0.0,0.0,9.84848484848484,0.1299999999999999,95.65217391304348,1.3550800142419868,1.2917375247705392,0.0633424894714476,0.0463546703016841,0.0169878191697634,0.1087023776030317,1.4633827804583537,1.1246172195416464,0.3387655609167073,1.36
2023-07-12,MTNGH,1.45,0.82,1.45,1.45,1.32,1.36,-0.09,47034.0,64374.05,1.2483333333333333,2023,7,July,3,2,1.45,1.45,1.33,1.32,1.45,1.33,76500.0,4519006.0,110925.0,6552558.7,1.3842857142857146,1.3407142857142855,0.0626783170527908,1.32,1.45,-0.0620689655172412,-0.0640788566845222,3.030303030303033,0.04,70.9677419354839,1.355836935127835,1.296794004417166,0.059042930710669,0.0488923223834811,0.0101506083271878,0.1065795261872527,1.466896824146598,1.138103175853402,0.3287936482931961,1.36
2023-07-13,MTNGH,1.45,0.82,1.36,1.36,1.36,1.36,0.0,35394.0,48135.84,1.2573333333333332,2023,7,July,3,3,1.36,1.45,1.33,1.32,1.45,1.45,47034.0,2238.0,64374.05,3245.1,1.39,1.3492857142857144,0.0574456264653693,1.33,1.45,0.0,0.0,3.030303030303033,0.04,70.00000000000003,1.3564774066466296,1.3014759300158945,0.0550014766307351,0.0501141532329319,0.0048873233978032,0.1041197365547492,1.468333035979544,1.1536669640204558,0.3146660719590883,1.36
2023-07-14,MTNGH,1.45,0.82,1.36,1.36,1.36,1.36,0.0,2873.0,3907.28,1.266333333333333,2023,7,July,3,4,1.36,1.45,1.45,1.33,1.36,1.45,35394.0,76500.0,48135.84,110925.0,1.3942857142857146,1.356428571428571,0.0531843156256633,1.33,1.45,0.0,0.0,2.2556390977443628,0.03,67.85714285714289,1.3570193440856098,1.3058110463110135,0.0512082977745962,0.0503329821412648,0.0008753156333314,0.1007723050806368,1.4673939876362865,1.1716060123637138,0.2957879752725727,1.36
2023-07-17,MTNGH,1.45,0.82,1.36,1.36,1.36,1.36,0.0,3380.0,4596.8,1.2753333333333334,2023,7,July,3,0,1.36,1.36,1.45,1.33,1.36,1.45,2873.0,47034.0,3907.28,64374.05,1.3985714285714288,1.3607142857142858,0.0481070235442234,1.36,1.45,0.0,0.0,2.2556390977443628,0.03,62.50000000000002,1.3574779065339777,1.3098250428805682,0.0476528636534092,0.0497969584436936,-0.0021440947902844,0.0964448505385483,1.4635845046262734,1.1924154953737267,0.2711690092525467,1.36
2023-07-18,MTNGH,1.45,0.82,1.36,1.36,1.36,1.36,0.0,8672.0,11793.92,1.284333333333333,2023,7,July,3,1,1.36,1.36,1.45,1.45,1.36,1.36,3380.0,35394.0,4596.8,48135.84,1.3857142857142857,1.3635714285714289,0.0439155032826696,1.36,1.45,0.0,0.0,-6.206896551724128,-0.0899999999999998,59.09090909090911,1.3578659209133657,1.3135417063708963,0.0443242145424691,0.0487024096634487,-0.0043781951209796,0.0909976632262849,1.4636797675247708,1.2043202324752291,0.2593595350495414,1.36
2023-07-19,MTNGH,1.45,0.82,1.36,1.36,1.36,1.36,0.0,1112.0,1512.32,1.2933333333333334,2023,7,July,3,2,1.36,1.36,1.36,1.45,1.36,1.36,8672.0,2873.0,11793.92,3907.28,1.372857142857143,1.3664285714285715,0.0340168025708118,1.36,1.45,0.0,0.0,-6.206896551724128,-0.0899999999999998,59.09090909090911,1.358194240772848,1.316983061454534,0.041211179318314,0.0472041635944218,-0.0059929842761077,0.0842137401080683,1.4622594308062506,1.2177405691937495,0.2445188616125011,1.36
2023-07-20,MTNGH,1.45,0.82,1.36,1.36,1.36,1.36,0.0,14225.0,19346.0,1.299,2023,7,July,3,3,1.36,1.36,1.36,1.45,1.36,1.36,1112.0,3380.0,1512.32,4596.8,1.36,1.3692857142857144,0.0,1.36,1.36,0.0,0.0,-6.206896551724128,-0.0899999999999998,59.09090909090911,1.3584720498847176,1.320169501346791,0.0383025485379269,0.0454238405831228,-0.0071212920451959,0.0827272210547959,1.457433835187871,1.235566164812129,0.221867670375742,1.36
2023-07-21,MTNGH,1.45,0.82,1.36,1.36,1.36,1.36,0.0,2100.0,2856.0,1.3046666666666666,2023,7,July,3,4,1.36,1.36,1.36,1.36,1.36,1.36,14225.0,8672.0,19346.0,11793.92,1.36,1.372142857142857,0.0,1.36,1.36,0.0,0.0,0.0,0.0,59.09090909090911,1.3587071191332227,1.323119908654436,0.0355872104787868,0.0434565145622556,-0.0078693040834687,0.0808034368223264,1.4515215287597154,1.253478471240285,0.1980430575194303,1.36
2023-07-24,MTNGH,1.45,0.82,1.36,1.36,1.36,1.36,0.0,3114940.0,4236318.4,1.3103333333333331,2023,7,July,3,0,1.36,1.36,1.36,1.36,1.36,1.36,2100.0,1112.0,2856.0,1512.32,1.36,1.375,0.0,1.36,1.36,0.0,0.0,0.0,0.0,59.09090909090911,1.3589060238819577,1.3258517672726258,0.0330542566093319,0.0413760629716709,-0.008321806362339,0.0784102092813245,1.446441139613826,1.2685588603861742,0.1778822792276519,1.4
2023-07-25,MTNGH,1.45,0.82,1.36,1.36,1.4,1.4,0.04,3205.0,4484.2,1.3173333333333332,2023,7,July,3,1,1.36,1.36,1.36,1.36,1.36,1.36,3114940.0,14225.0,4236318.4,19346.0,1.3657142857142854,1.38,0.0151185789203272,1.36,1.4,0.0294117647058822,0.0289875368732521,2.9411764705882213,0.0399999999999998,64.0,1.3652281740539642,1.3313442289561348,0.0338839450978294,0.0398776393969026,-0.0059936942990731,0.0766511728472011,1.4490417453269078,1.2759582546730923,0.1730834906538154,1.4
2023-07-26,MTNGH,1.45,0.82,1.4,1.4,1.4,1.4,0.0,11392.0,15948.8,1.3243333333333331,2023,7,July,3,2,1.4,1.36,1.36,1.36,1.36,1.36,3205.0,2100.0,4484.2,2856.0,1.3714285714285714,1.385,0.0195180014589382,1.36,1.4,0.0,0.0,2.9411764705882213,0.0399999999999998,64.0,1.37057768573797,1.3364298416260507,0.0341478441119191,0.0387316803399059,-0.0045838362279867,0.0741705087471906,1.4521615125762972,1.2808384874237024,0.1713230251525948,1.4
2023-07-27,MTNGH,1.45,0.82,1.4,1.4,1.4,1.4,0.0,1428.0,2012.32,1.3313333333333337,2023,7,July,3,3,1.4,1.36,1.36,1.36,1.4,1.36,11392.0,3114940.0,15948.8,4236318.4,1.3771428571428572,1.3814285714285717,0.0213808993529643,1.36,1.4,0.0,0.0,2.9411764705882213,0.0399999999999998,30.769230769230703,1.375104195624436,1.3411387422463432,0.0339654533780928,0.0377784349475433,-0.0038129815694504,0.0708925040214959,1.4544736800871896,1.2865263199128103,0.167947360174379,1.43
2023-07-28,MTNGH,1.45,0.82,1.4,1.4,1.45,1.43,0.03,29639.0,42279.27,1.3393333333333333,2023,7,July,3,4,1.4,1.4,1.36,1.36,1.4,1.36,1428.0,3205.0,2012.32,4484.2,1.387142857142857,1.38,0.0275162289774888,1.36,1.43,0.0214285714285713,0.0212022076506029,5.1470588235294,0.0699999999999998,43.74999999999999,1.3835497039899074,1.347721057635503,0.0358286463544044,0.0373884772289155,-0.0015598308745111,0.0678707358263507,1.460454908554594,1.2915450914454056,0.1689098171091885,1.43
2023-07-31,MTNGH,1.45,0.82,1.43,1.43,1.45,1.43,0.0,2593.0,3707.99,1.3473333333333335,2023,7,July,3,0,1.43,1.4,1.36,1.36,1.4,1.4,29639.0,11392.0,42279.27,15948.8,1.397142857142857,1.3785714285714286,0.0287020822207773,1.36,1.43,0.0,0.0,5.1470588235294,0.0699999999999998,43.74999999999999,1.3906959033760755,1.3538157941069473,0.0368801092691282,0.037286803636958,-0.0004066943678298,0.0636766255676234,1.464920305492361,1.2980796945076394,0.1668406109847215,1.55
2023-08-01,MTNGH,1.55,0.82,1.43,1.43,1.55,1.55,0.12,5004292.0,7756525.4,1.3576666666666666,2023,8,August,3,1,1.43,1.4,1.4,1.36,1.43,1.4,2593.0,1428.0,3707.99,2012.32,1.4242857142857144,1.3921428571428571,0.0602376246922982,1.36,1.55,0.0839160839160839,0.0805804866593393,13.970588235294112,0.1899999999999999,100.0,1.4152042259336024,1.3683479575064328,0.0468562684271696,0.0392006965950003,0.0076555718321692,0.0704509285484199,1.5006250802311207,1.2853749197688795,0.215250160462241,1.55
2023-08-02,MTNGH,1.55,0.82,1.55,1.55,1.55,1.55,0.0,415725.0,644373.75,1.368,2023,8,August,3,2,1.55,1.43,1.4,1.36,1.43,1.4,5004292.0,29639.0,7756525.4,42279.27,1.4514285714285715,1.4057142857142857,0.0686606562325505,1.4,1.55,0.0,0.0,13.970588235294112,0.1899999999999999,100.0,1.4359420373284328,1.381803664357808,0.0541383729706248,0.0421882318701252,0.0119501411004995,0.0751733628538722,1.5282069580219702,1.27979304197803,0.24841391604394,1.54
2023-08-07,MTNGH,1.55,0.82,1.55,1.55,1.54,1.54,-0.01,32858.0,50601.36,1.3783333333333334,2023,8,August,3,0,1.55,1.43,1.4,1.4,1.55,1.43,415725.0,2593.0,644373.75,3707.99,1.4714285714285715,1.4185714285714286,0.0715142343473275,1.4,1.55,-0.0064516129032258,-0.0064725145056174,10.000000000000009,0.1400000000000001,95.0,1.4519509546625202,1.3935219114424149,0.0584290432201055,0.0454363941401213,0.0129926490799842,0.0768376404407835,1.5475571701425186,1.2814428298574816,0.266114340285037,1.53
2023-08-08,MTNGH,1.55,0.82,1.54,1.54,1.41,1.53,-0.01,23524.0,36096.96,1.388,2023,8,August,3,1,1.54,1.55,1.43,1.4,1.55,1.43,32858.0,5004292.0,50601.36,7756525.4,1.49,1.4307142857142858,0.0665832811847847,1.4,1.55,-0.0064935064935065,-0.0065146810211937,9.285714285714294,0.1300000000000001,90.47619047619048,1.4639585000990554,1.4036313994837173,0.060327100615338,0.0484145354351647,0.0119125651801733,0.0770758694740051,1.5605563268567066,1.276443673143293,0.2841126537134135,1.53
2023-08-09,MTNGH,1.55,0.82,1.53,1.53,1.41,1.53,0.0,13145.0,20111.85,1.3969999999999998,2023,8,August,3,2,1.53,1.55,1.43,1.4,1.54,1.55,23524.0,415725.0,36096.96,644373.75,1.508571428571429,1.4428571428571428,0.0542919795883133,1.43,1.55,0.0,0.0,9.285714285714294,0.1300000000000001,90.47619047619048,1.4741187308530468,1.4129920365589974,0.0611266942940493,0.0509569672069416,0.0101697270871077,0.0773772665536323,1.57257015903103,1.2724298409689698,0.3001403180620601,1.53
2023-08-10,MTNGH,1.55,0.82,1.53,1.53,1.41,1.53,0.0,30777.0,47088.81,1.4046666666666667,2023,8,August,3,3,1.53,1.54,1.55,1.43,1.53,1.55,13145.0,32858.0,20111.85,50601.36,1.522857142857143,1.455,0.0419182878603319,1.43,1.55,0.0,0.0,6.993006993006999,0.1,90.47619047619048,1.4827158491833474,1.4216592931101828,0.0610565560731646,0.0529768849801862,0.0080796710929783,0.0788159503082345,1.583749382895681,1.2692506171043192,0.3144987657913618,1.5
2023-08-11,MTNGH,1.55,0.82,1.53,1.53,1.5,1.5,-0.03,964994.0,1447491.0,1.4106666666666667,2023,8,August,3,4,1.53,1.53,1.55,1.43,1.53,1.54,30777.0,23524.0,47088.81,36096.96,1.532857142857143,1.465,0.0170433620648917,1.5,1.55,-0.0196078431372549,-0.0198026272961797,4.895104895104899,0.07,79.16666666666664,1.4853749493089865,1.4274623084353546,0.0579126408736316,0.0539640361588753,0.0039486047147563,0.0789994907593177,1.590749382895682,1.276250617104318,0.314498765791364,1.5
2023-08-15,MTNGH,1.55,0.82,1.5,1.5,1.5,1.5,0.0,195034.0,292551.0,1.4166666666666667,2023,8,August,3,1,1.5,1.53,1.54,1.55,1.53,1.53,964994.0,13145.0,1447491.0,20111.85,1.5257142857142856,1.475,0.0190237946241951,1.5,1.55,0.0,0.0,-3.2258064516129057,-0.05,79.16666666666664,1.487624957107604,1.4328354707734765,0.0547894863341273,0.0541291261939257,0.0006603601402016,0.0787108778940513,1.5964318339599897,1.2845681660400106,0.3118636679199791,1.5
2023-08-16,MTNGH,1.55,0.82,1.5,1.5,1.5,1.5,0.0,10127.0,15190.5,1.4226666666666667,2023,8,August,3,2,1.5,1.53,1.53,1.55,1.5,1.53,195034.0,30777.0,292551.0,47088.81,1.5185714285714285,1.485,0.0177281052085241,1.5,1.54,0.0,0.0,-3.2258064516129057,-0.05,79.16666666666664,1.4895288098602804,1.4378106210865524,0.0517181887737279,0.0536469387098861,-0.0019287499361582,0.0779448670462161,1.600762760265602,1.294237239734398,0.3065255205312041,1.5
2023-08-18,MTNGH,1.55,0.82,1.5,1.5,1.5,1.5,0.0,18225.0,27291.2,1.4286666666666668,2023,8,August,3,4,1.5,1.5,1.53,1.54,1.5,1.53,10127.0,964994.0,15190.5,1447491.0,1.512857142857143,1.4921428571428572,0.0160356745147075,1.5,1.53,0.0,0.0,-2.5974025974026,-0.04,75.0,1.491139762189468,1.442417241746808,0.04872252044266,0.0526620550564409,-0.0039395346137809,0.07668715368451,1.6036696314515444,1.3053303685484554,0.298339262903089,1.5
2023-08-21,MTNGH,1.55,0.82,1.5,1.5,1.5,1.5,0.0,226.0,339.0,1.4346666666666663,2023,8,August,3,0,1.5,1.5,1.53,1.53,1.5,1.5,18225.0,195034.0,27291.2,292551.0,1.508571428571429,1.4992857142857143,0.0146385010941863,1.5,1.53,0.0,0.0,-1.960784313725492,-0.03,75.0,1.4925028756987806,1.4466826312470444,0.0458202444517361,0.0512936929355,-0.0054734484837638,0.0749129763324774,1.6050306679131694,1.3179693320868306,0.2870613358263387,1.5
2023-08-22,MTNGH,1.55,0.82,1.5,1.5,1.5,1.5,0.0,74864.0,112296.0,1.4403333333333337,2023,8,August,3,1,1.5,1.5,1.5,1.53,1.5,1.5,226.0,10127.0,339.0,15190.5,1.5042857142857142,1.5064285714285717,0.011338934190223,1.5,1.53,0.0,0.0,-1.960784313725492,-0.03,75.0,1.4936562794374295,1.4506320659694856,0.0430242134679441,0.0496397970419888,-0.0066155835740446,0.0731311214158657,1.604653937647297,1.3323460623527033,0.2723078752945937,1.5
2023-08-23,MTNGH,1.55,0.82,1.5,1.5,1.5,1.5,0.0,5694.0,8541.0,1.4460000000000002,2023,8,August,3,2,1.5,1.5,1.5,1.53,1.5,1.5,74864.0,18225.0,112296.0,27291.2,1.5,1.5114285714285711,0.0,1.5,1.5,0.0,0.0,-1.960784313725492,-0.03,70.58823529411765,1.494632236447056,1.454288949971746,0.0403432864753099,0.047780494928653,-0.0074372084533431,0.0708373562076159,1.6022363612511428,1.3487636387488573,0.2534727225022855,1.5
2023-08-24,MTNGH,1.55,0.82,1.5,1.5,1.5,1.5,0.0,21895.0,32842.5,1.4476666666666669,2023,8,August,3,3,1.5,1.5,1.5,1.5,1.5,1.5,5694.0,226.0,8541.0,339.0,1.5,1.5164285714285717,0.0,1.5,1.5,0.0,0.0,0.0,0.0,70.58823529411765,1.495458046224432,1.4576749536775426,0.0377830925468893,0.0457810144523003,-0.0079979219054109,0.071519629971542,1.5972766710205035,1.367723328979496,0.2295533420410076,1.5
2023-08-25,MTNGH,1.55,0.82,1.5,1.5,1.5,1.5,0.0,82368.0,123552.0,1.4493333333333331,2023,8,August,3,4,1.5,1.5,1.5,1.5,1.5,1.5,21895.0,74864.0,32842.5,112296.0,1.5,1.5128571428571431,0.0,1.5,1.5,0.0,0.0,0.0,0.0,0.0,1.4961568083437502,1.460810142294021,0.0353466660497292,0.0436941447717861,-0.0083474787220568,0.0721556427565518,1.588861117037654,1.390138882962346,0.1987222340753081,1.5
2023-08-28,MTNGH,1.55,0.82,1.5,1.5,1.5,1.5,0.0,2089.0,3133.5,1.451,2023,8,August,3,0,1.5,1.5,1.5,1.5,1.5,1.5,82368.0,5694.0,123552.0,8541.0,1.5,1.5092857142857146,0.0,1.5,1.5,0.0,0.0,0.0,0.0,0.0,1.496748068598558,1.463713094716686,0.0330349738818718,0.0415623105938032,-0.0085273367119314,0.0727466079313612,1.584523388773913,1.404476611226087,0.180046777547826,1.5
2023-08-29,MTNGH,1.55,0.82,1.5,1.5,1.5,1.5,0.0,36989.0,55483.5,1.4556666666666669,2023,8,August,3,1,1.5,1.5,1.5,1.5,1.5,1.5,2089.0,21895.0,3133.5,32842.5,1.5,1.5064285714285717,0.0,1.5,1.5,0.0,0.0,0.0,0.0,0.0,1.4972483657372413,1.4664010136265613,0.03084735211068,0.0394193188971786,-0.0085719667864985,0.0711813290772052,1.577764060448703,1.4212359395512968,0.1565281208974065,1.5
2023-08-30,MTNGH,1.55,0.82,1.5,1.5,1.5,1.5,0.0,85879.0,128818.5,1.4603333333333337,2023,8,August,3,2,1.5,1.5,1.5,1.5,1.5,1.5,36989.0,82368.0,55483.5,123552.0,1.5,1.5042857142857144,0.0,1.5,1.5,0.0,0.0,0.0,0.0,0.0,1.497671694085358,1.4688898274320012,0.0287818666533568,0.0372918284484142,-0.0085099617950574,0.0692563122149253,1.5672358707097305,1.4417641292902694,0.125471741419461,1.45
2023-09-01,MTNGH,1.55,0.82,1.48,1.48,1.45,1.45,-0.03,206493.0,299609.64,1.4633333333333336,2023,9,September,3,4,1.5,1.5,1.5,1.5,1.5,1.5,85879.0,2089.0,128818.5,3133.5,1.4928571428571429,1.4985714285714289,0.018898223650429,1.45,1.5,-0.0333333333333333,-0.0339015516756813,-3.333333333333336,-0.05,0.0,1.4903375873029954,1.4674905809555567,0.0228470063474386,0.0344028640282191,-0.0115558576807804,0.0666609192925029,1.5637101456161675,1.4472898543838324,0.1164202912323353,1.45
2023-09-04,MTNGH,1.55,0.82,1.45,1.45,1.45,1.45,0.0,28199436.0,38071670.0,1.4663333333333333,2023,9,September,3,0,1.45,1.5,1.5,1.5,1.48,1.5,206493.0,36989.0,299609.64,55483.5,1.4857142857142858,1.4928571428571429,0.0243975018236883,1.45,1.5,0.0,0.0,-3.333333333333336,-0.05,0.0,1.484131804640996,1.4661949823662563,0.0179368222747398,0.0311096556775232,-0.0131728334027834,0.0638145661316974,1.5597224724996055,1.4532775275003942,0.1064449449992115,1.45
2023-09-05,MTNGH,1.55,0.82,1.45,1.45,1.45,1.45,0.0,35293.0,51174.85,1.4693333333333334,2023,9,September,3,1,1.45,1.5,1.5,1.5,1.45,1.5,28199436.0,85879.0,38071670.0,128818.5,1.4785714285714284,1.489285714285714,0.0267261241912196,1.45,1.5,0.0,0.0,-3.333333333333336,-0.05,0.0,1.4788807577731506,1.46499535404283,0.0138854037303206,0.0276648052880827,-0.013779401557762,0.0606819483090054,1.5562818640756464,1.4467181359243533,0.1095637281512931,1.45
2023-09-06,MTNGH,1.55,0.82,1.45,1.45,1.45,1.45,0.0,33842.0,49070.9,1.4723333333333335,2023,9,September,3,2,1.45,1.45,1.5,1.5,1.45,1.48,35293.0,206493.0,51174.85,299609.64,1.4714285714285715,1.4857142857142855,0.0267261241912196,1.45,1.5,0.0,0.0,-3.333333333333336,-0.05,0.0,1.474437564269589,1.4638845870766943,0.0105529771928947,0.0242424396690451,-0.0136894624761504,0.0572160655840792,1.5508962072983443,1.4421037927016556,0.1087924145966887,1.45
2023-09-07,MTNGH,1.55,0.82,1.45,1.45,1.45,1.45,0.0,3965196.0,5749534.2,1.4753333333333332,2023,9,September,3,3,1.45,1.45,1.5,1.5,1.45,1.45,33842.0,28199436.0,49070.9,38071670.0,1.4642857142857142,1.4821428571428572,0.0243975018236884,1.45,1.5,0.0,0.0,-3.333333333333336,-0.05,0.0,1.4706779389973446,1.4628560991450874,0.0078218398522571,0.0209583197056875,-0.0131364798534303,0.053352008224727,1.5461343358305304,1.4378656641694696,0.1082686716610608,1.45
2023-09-08,MTNGH,1.55,0.82,1.45,1.45,1.45,1.45,0.0,286024.0,414734.8,1.4783333333333333,2023,9,September,3,4,1.45,1.45,1.45,1.5,1.45,1.45,3965196.0,35293.0,5749534.2,51174.85,1.457142857142857,1.4785714285714284,0.0188982236504293,1.45,1.5,0.0,0.0,-3.333333333333336,-0.05,0.0,1.4674967176131375,1.4619037955047105,0.0055929221084272,0.0178852401862354,-0.0122923180778082,0.0489956601409334,1.5421343358305284,1.4338656641694716,0.1082686716610568,1.45
2023-09-11,MTNGH,1.55,0.82,1.45,1.45,1.45,1.45,0.0,5196648.0,7535118.48,1.4813333333333332,2023,9,September,3,0,1.45,1.45,1.45,1.5,1.45,1.45,286024.0,33842.0,414734.8,49070.9,1.45,1.475,0.0,1.45,1.45,0.0,0.0,-3.333333333333336,-0.05,0.0,1.4648049149034243,1.461022032874732,0.0037828820286924,0.0150647685547268,-0.0112818865260344,0.0440010449196969,1.5368752255192066,1.4311247744807931,0.1057504510384133,1.45
2023-09-12,MTNGH,1.55,0.82,1.45,1.45,1.45,1.45,0.0,24638.0,35725.1,1.483,2023,9,September,3,1,1.45,1.45,1.45,1.45,1.45,1.45,5196648.0,3965196.0,7535118.48,5749534.2,1.45,1.4714285714285713,0.0,1.45,1.45,0.0,0.0,0.0,0.0,0.0,1.462527235687513,1.4602055859951222,0.0023216496923907,0.0125161447822596,-0.0101944950898688,0.0417009054727063,1.5302624689952278,1.4297375310047722,0.1005249379904555,1.45
2023-09-13,MTNGH,1.55,0.82,1.45,1.45,1.45,1.45,0.0,113487.0,164556.15,1.4846666666666668,2023,9,September,3,2,1.45,1.45,1.45,1.45,1.45,1.45,24638.0,286024.0,35725.1,414734.8,1.45,1.4678571428571427,0.0,1.45,1.45,0.0,0.0,0.0,0.0,0.0,1.4605999686586648,1.4594496166621502,0.0011503519965145,0.0102429862251106,-0.009092634228596,0.0391930089942735,1.5285417785536235,1.4264582214463764,0.1020835571072473,1.45
2023-09-14,MTNGH,1.55,0.82,1.45,1.45,1.45,1.45,0.0,25186.0,36519.7,1.4863333333333333,2023,9,September,3,3,1.45,1.45,1.45,1.45,1.45,1.45,113487.0,5196648.0,164556.15,7535118.48,1.45,1.464285714285714,0.0,1.45,1.45,0.0,0.0,0.0,0.0,0.0,1.4589692042496396,1.4587496450575466,0.000219559192093,0.0082383008185071,-0.008018741626414,0.0364344790599516,1.526298917604475,1.4237010823955252,0.1025978352089498,1.45
2023-09-15,MTNGH,1.55,0.82,1.45,1.45,1.45,1.45,0.0,39364.0,57077.8,1.487,2023,9,September,3,4,1.45,1.45,1.45,1.45,1.45,1.45,25186.0,24638.0,36519.7,35725.1,1.45,1.4607142857142856,0.0,1.45,1.45,0.0,0.0,0.0,0.0,0.0,1.457589326672772,1.458101523201432,-0.00051219652866,0.0064882013490736,-0.0070003978777337,0.0355401666889465,1.523541778553621,1.421458221446379,0.102083557107242,1.45
2023-09-18,MTNGH,1.55,0.82,1.45,1.45,1.45,1.45,0.0,38573.0,55930.85,1.4876666666666665,2023,9,September,3,0,1.45,1.45,1.45,1.45,1.45,1.45,39364.0,113487.0,57077.8,164556.15,1.45,1.457142857142857,0.0,1.45,1.45,0.0,0.0,0.0,0.0,0.0,1.456421737953884,1.4575014103716963,-0.0010796724178123,0.0049746265956964,-0.0060542990135088,0.0346094797989838,1.5202624689952224,1.4197375310047775,0.1005249379904449,1.45
2023-09-19,MTNGH,1.55,0.82,1.45,1.45,1.45,1.45,0.0,6092.0,8833.4,1.4843333333333333,2023,9,September,3,1,1.45,1.45,1.45,1.45,1.45,1.45,38573.0,25186.0,55930.85,36519.7,1.45,1.4535714285714283,0.0,1.45,1.45,0.0,0.0,0.0,0.0,0.0,1.455433778268671,1.4569457503441632,-0.0015119720754921,0.0036773068614587,-0.0051892789369508,0.0331853034914299,1.516436048493183,1.4185639515068167,0.0978720969863662,1.45
2023-09-20,MTNGH,1.55,0.82,1.45,1.45,1.45,1.45,0.0,8538.0,12380.1,1.481,2023,9,September,3,2,1.45,1.45,1.45,1.45,1.45,1.45,6092.0,39364.0,8833.4,57077.8,1.45,1.45,0.0,1.45,1.45,0.0,0.0,0.0,0.0,0.0,1.4545978123811834,1.4564312503186696,-0.0018334379374862,0.0025751579016697,-0.004408595839156,0.0313324773666754,1.512016234598394,1.4179837654016056,0.0940324691967884,1.44
2023-10-02,MTNGH,1.55,0.82,1.45,1.45,1.44,1.44,-0.01,4505550.0,6487992.0,1.4646666666666666,2023,10,October,4,0,1.45,1.45,1.45,1.45,1.45,1.45,5004057.0,47454.0,7155882.65,68788.3,1.4485714285714286,1.4492857142857145,0.0037796447299324,1.44,1.45,-0.0068965517241379,-0.0069204428445737,-0.6896551724137937,-0.01,0.0,1.4498894344562443,1.4530118320497294,-0.003122397593485,-0.0014544514839758,-0.0016679461095092,0.0235962202311615,1.4539721359573428,1.4450278640426573,0.0089442719146854,1.44
2023-10-03,MTNGH,1.55,0.82,1.44,1.44,1.44,1.44,0.0,20144.0,29008.36,1.4626666666666668,2023,10,October,4,1,1.44,1.45,1.45,1.45,1.45,1.45,4505550.0,14960.0,6487992.0,21692.0,1.447142857142857,1.4485714285714286,0.0048795003646189,1.44,1.45,0.0,0.0,-0.6896551724137937,-0.01,0.0,1.448367983001437,1.4520479926386385,-0.0036800096372009,-0.0018995631146208,-0.00178044652258,0.023034207445574,1.455155870114211,1.4428441298857888,0.0123117402284225,1.4
2023-10-04,MTNGH,1.55,0.82,1.44,1.44,1.4,1.4,-0.04,93858.0,131789.52,1.4593333333333334,2023,10,October,4,2,1.44,1.45,1.45,1.45,1.44,1.45,20144.0,5004057.0,29008.36,7155882.65,1.44,1.445,0.0182574185834725,1.4,1.45,-0.0277777777777777,-0.0281708769666963,-3.448275862068969,-0.05,0.0,1.44092675484737,1.4481925857765168,-0.0072658309291466,-0.002972816677526,-0.0042930142516206,0.0246259371722423,1.469234161635828,1.4237658383641718,0.0454683232716561,1.4
2023-10-05,MTNGH,1.55,0.82,1.4,1.4,1.4,1.4,0.0,235617.0,329863.8,1.456,2023,10,October,4,3,1.4,1.44,1.45,1.45,1.44,1.45,93858.0,4505550.0,131789.52,6487992.0,1.4328571428571428,1.4414285714285715,0.0228868854108269,1.4,1.45,0.0,0.0,-3.448275862068969,-0.05,0.0,1.4346303310246975,1.4446227646078855,-0.009992433583188,-0.0043767400586584,-0.0056156935245295,0.0256770392535742,1.4747108758383332,1.4132891241616667,0.0614217516766664,1.4
2023-10-06,MTNGH,1.55,0.82,1.4,1.4,1.4,1.4,0.0,8789.0,12304.6,1.4526666666666666,2023,10,October,4,4,1.4,1.44,1.45,1.45,1.4,1.44,235617.0,20144.0,329863.8,29008.36,1.4257142857142855,1.4378571428571427,0.0243975018236888,1.4,1.45,0.0,0.0,-3.448275862068969,-0.05,0.0,1.4293025877901289,1.4413173746369312,-0.0120147868468023,-0.0059043494162872,-0.0061104374305151,0.0262525313503447,1.477788319130041,1.405211680869959,0.0725766382600818,1.4
2023-10-09,MTNGH,1.55,0.82,1.4,1.4,1.4,1.4,0.0,3423.0,4792.2,1.4493333333333331,2023,10,October,4,0,1.4,1.4,1.44,1.45,1.4,1.44,8789.0,93858.0,12304.6,131789.52,1.4185714285714286,1.4342857142857142,0.0234012616672233,1.4,1.45,0.0,0.0,-3.448275862068969,-0.05,0.0,1.4247944973608782,1.4382568283675288,-0.0134623310066506,-0.0074159457343598,-0.0060463852722907,0.0263835546131476,1.4794709122316574,1.3985290877683425,0.0809418244633151,1.4
2023-10-10,MTNGH,1.55,0.82,1.4,1.4,1.4,1.4,0.0,913.0,1280.6,1.4460000000000002,2023,10,October,4,1,1.4,1.4,1.44,1.45,1.4,1.4,3423.0,235617.0,4792.2,329863.8,1.4114285714285713,1.4307142857142856,0.0195180014589402,1.4,1.44,0.0,0.0,-3.448275862068969,-0.05,0.0,1.4209799593053585,1.4354229892291932,-0.0144430299238349,-0.0088213625722549,-0.00562166735158,0.0260768096208475,1.4801613764040251,1.3928386235959749,0.0873227528080504,1.4
2023-10-11,MTNGH,1.55,0.82,1.4,1.4,1.4,1.4,0.0,8703.0,12184.2,1.4426666666666668,2023,10,October,4,2,1.4,1.4,1.4,1.44,1.4,1.4,913.0,8789.0,1280.6,12304.6,1.4057142857142857,1.4271428571428573,0.0151185789203299,1.4,1.44,0.0,0.0,-2.7777777777777803,-0.04,0.0,1.41775227325838,1.4327990641011048,-0.0150467908427247,-0.0100664482263488,-0.0049803426163758,0.0253163887675906,1.4800663137572136,1.3879336862427862,0.0921326275144274,1.4
2023-10-12,MTNGH,1.55,0.82,1.4,1.4,1.4,1.4,0.0,760.0,1064.0,1.4393333333333334,2023,10,October,4,3,1.4,1.4,1.4,1.44,1.4,1.4,8703.0,3423.0,12184.2,4792.2,1.4,1.4235714285714285,0.0,1.4,1.4,0.0,0.0,-2.7777777777777803,-0.04,0.0,1.4150211542955522,1.4303695037973192,-0.015348349501767,-0.0111228284814325,-0.0042255210203344,0.0240593136792079,1.4793044261330972,1.3836955738669023,0.0956088522661948,1.4
2023-10-13,MTNGH,1.55,0.82,1.4,1.4,1.4,1.4,0.0,274061.0,383685.4,1.436,2023,10,October,4,4,1.4,1.4,1.4,1.4,1.4,1.4,760.0,913.0,1064.0,1280.6,1.4,1.42,0.0,1.4,1.4,0.0,0.0,0.0,0.0,0.0,1.4127102074808515,1.4281199109234437,-0.0154097034425919,-0.0119802034736643,-0.0034294999689275,0.0222214559255267,1.4779468024870277,1.3800531975129722,0.0978936049740553,1.4
2023-10-16,MTNGH,1.55,0.82,1.4,1.4,1.4,1.4,0.0,14470.0,20258.0,1.4343333333333332,2023,10,October,4,0,1.4,1.4,1.4,1.4,1.4,1.4,274061.0,8703.0,383685.4,12184.2,1.4,1.4164285714285714,0.0,1.4,1.4,0.0,0.0,0.0,0.0,0.0,1.4107547909453362,1.426036954558744,-0.0152821636134079,-0.0126405955016131,-0.0026415681117948,0.0229967513948053,1.4760346768491133,1.3769653231508865,0.0990693536982267,1.4
2023-10-17,MTNGH,1.55,0.82,1.4,1.4,1.4,1.4,0.0,41940.0,58716.0,1.4326666666666668,2023,10,October,4,1,1.4,1.4,1.4,1.4,1.4,1.4,14470.0,760.0,20258.0,1064.0,1.4,1.4128571428571426,0.0,1.4,1.4,0.0,0.0,0.0,0.0,0.0,1.4091002077229766,1.4241082912580965,-0.0150080835351198,-0.0131140931083144,-0.0018939904268053,0.0236254295102132,1.473587774384829,1.3744122256151712,0.0991755487696575,1.38
2023-10-18,MTNGH,1.55,0.82,1.4,1.4,1.38,1.38,-0.02,173815.0,239878.3,1.4303333333333332,2023,10,October,4,2,1.4,1.4,1.4,1.4,1.4,1.4,41940.0,274061.0,58716.0,383685.4,1.397142857142857,1.407857142857143,0.0075592894601066,1.38,1.4,-0.0142857142857143,-0.0143887374520996,-1.42857142857143,-0.02,0.0,1.4046232526886726,1.420841010424163,-0.0162177577354907,-0.0137348260337497,-0.002482931701741,0.0252550211236465,1.4721975007032917,1.3688024992967087,0.1033950014065827,1.38
2023-10-19,MTNGH,1.55,0.82,1.38,1.38,1.38,1.38,0.0,16120.0,22245.6,1.428,2023,10,October,4,3,1.38,1.4,1.4,1.4,1.4,1.4,173815.0,14470.0,239878.3,20258.0,1.3942857142857144,1.4028571428571428,0.0097590007294251,1.38,1.4,0.0,0.0,-1.42857142857143,-0.02,0.0,1.4008350599673385,1.4178157503927438,-0.0169806904254055,-0.0143839989120808,-0.0025966915133246,0.0265745535532305,1.4697556432503305,1.3642443567496698,0.1055112865006604,1.38
2023-10-20,MTNGH,1.55,0.82,1.38,1.38,1.38,1.38,0.0,25056.0,34577.28,1.4256666666666666,2023,10,October,4,4,1.38,1.4,1.4,1.4,1.38,1.4,16120.0,41940.0,22245.6,58716.0,1.3914285714285712,1.3985714285714284,0.0106904496764421,1.38,1.4,0.0,0.0,-1.42857142857143,-0.02,0.0,1.397629666126209,1.415014583696985,-0.0173849175707756,-0.0149841826438198,-0.0024007349269558,0.0276284877135016,1.466325432471571,1.3606745675284284,0.1056508649431426,1.38
2023-10-23,MTNGH,1.55,0.82,1.38,1.38,1.38,1.38,0.0,10952.0,15113.76,1.4233333333333331,2023,10,October,4,0,1.38,1.38,1.4,1.4,1.38,1.4,25056.0,173815.0,34577.28,239878.3,1.3885714285714286,1.394285714285714,0.0106904496764422,1.38,1.4,0.0,0.0,-1.42857142857143,-0.02,0.0,1.3949174097991002,1.4124209108305417,-0.0175035010314414,-0.0154880463213441,-0.0020154547100973,0.0284463600887812,1.461910854762026,1.358089145237974,0.1038217095240519,1.38
2023-10-24,MTNGH,1.55,0.82,1.38,1.38,1.38,1.38,0.0,210661.0,290712.18,1.421,2023,10,October,4,1,1.38,1.38,1.4,1.4,1.38,1.38,10952.0,16120.0,15113.76,22245.6,1.3857142857142857,1.3928571428571428,0.0097590007294255,1.38,1.4,0.0,0.0,-1.42857142857143,-0.02,0.0,1.3926224236761615,1.410019361880131,-0.0173969382039693,-0.0158698246978692,-0.0015271135061001,0.0290481170379427,1.456457876993552,1.3565421230064476,0.0999157539871045,1.38
2023-10-25,MTNGH,1.55,0.82,1.38,1.38,1.38,1.38,0.0,49535.0,68358.3,1.4186666666666663,2023,10,October,4,2,1.38,1.38,1.38,1.4,1.38,1.38,210661.0,25056.0,290712.18,34577.28,1.3828571428571428,1.3914285714285717,0.0075592894601074,1.38,1.4,0.0,0.0,-1.42857142857143,-0.02,0.0,1.3906805123413677,1.4077957054445658,-0.017115193103198,-0.0161188983789349,-0.0009962947242631,0.0294470106595446,1.4498367826664558,1.3561632173335445,0.0936735653329114,1.38
2023-10-26,MTNGH,1.55,0.82,1.38,1.38,1.38,1.38,0.0,165204.0,227981.52,1.4163333333333334,2023,10,October,4,3,1.38,1.38,1.38,1.4,1.38,1.38,49535.0,10952.0,68358.3,15113.76,1.38,1.39,0.0,1.38,1.38,0.0,0.0,-1.42857142857143,-0.02,0.0,1.389037356596542,1.405736764300524,-0.0166994077039819,-0.0162350002439443,-0.0004644074600375,0.0296512293556365,1.441789727507397,1.357210272492603,0.084579455014794,1.37
2023-10-27,MTNGH,1.55,0.82,1.38,1.38,1.37,1.37,-0.0099999999999998,3003110.0,4114264.87,1.4136666666666666,2023,10,October,4,4,1.38,1.38,1.38,1.38,1.38,1.38,165204.0,210661.0,227981.52,290712.18,1.3785714285714286,1.387857142857143,0.0037796447299382,1.37,1.38,-0.007246376811594,-0.0072727593290795,-0.7246376811594049,-0.0099999999999997,0.0,1.3861085325047662,1.4030895965745591,-0.0169810640697929,-0.016384213009114,-0.0005968510606788,0.0301128147006734,1.4324779450628438,1.3585220549371555,0.073955890125688,1.37
2023-10-30,MTNGH,1.55,0.82,1.37,1.37,1.37,1.37,0.0,90495.0,123978.15,1.411,2023,10,October,4,0,1.37,1.38,1.38,1.38,1.38,1.38,3003110.0,49535.0,4114264.87,68358.3,1.377142857142857,1.385714285714286,0.0048795003646234,1.37,1.38,0.0,0.0,-0.7246376811594049,-0.0099999999999997,0.0,1.3836302967348022,1.400638515346814,-0.0170082186120117,-0.0165090141296936,-0.0004992044823181,0.0303258169290699,1.4241836833457902,1.3598163166542097,0.0643673666915805,1.37
2023-10-31,MTNGH,1.55,0.82,1.37,1.37,1.37,1.37,0.0,33836.0,46355.32,1.4083333333333334,2023,10,October,4,1,1.37,1.38,1.38,1.38,1.37,1.38,90495.0,165204.0,123978.15,227981.52,1.375714285714286,1.3835714285714285,0.0053452248381397,1.37,1.38,0.0,0.0,-0.7246376811594049,-0.0099999999999997,0.0,1.381533328006371,1.3983689956914944,-0.0168356676851233,-0.0165743448407795,-0.0002613228443437,0.0302954797280993,1.413016374764566,1.3639836252354345,0.0490327495291316,1.37
2023-11-01,MTNGH,1.55,0.82,1.37,1.37,1.37,1.37,0.0,68274.0,93531.98,1.4056666666666664,2023,11,November,4,2,1.37,1.37,1.38,1.38,1.37,1.38,33836.0,3003110.0,46355.32,4114264.87,1.374285714285714,1.3814285714285717,0.0053452248381397,1.37,1.38,0.0,0.0,-0.7246376811594049,-0.0099999999999997,0.0,1.379758969851545,1.3962675886032356,-0.0165086187516907,-0.0165611996229618,5.258087127106223e-05,0.03002106540111,1.412214866125003,1.3617851338749971,0.0504297322500058,1.37
2023-11-02,MTNGH,1.55,0.82,1.37,1.37,1.37,1.37,0.0,15220.0,20851.4,1.403,2023,11,November,4,3,1.37,1.37,1.38,1.38,1.37,1.37,68274.0,90495.0,93531.98,123978.15,1.372857142857143,1.3792857142857142,0.0048795003646236,1.37,1.38,0.0,0.0,-0.7246376811594049,-0.0099999999999997,0.0,1.378257589874384,1.3943218412992924,-0.0160642514249083,-0.0164618099833511,0.0003975585584427,0.0294957624075326,1.4110260444915763,1.3599739555084234,0.0510520889831531,1.37
2023-11-03,MTNGH,1.55,0.82,1.37,1.37,1.37,1.37,0.0,18747.0,25683.39,1.4003333333333332,2023,11,November,4,4,1.37,1.37,1.37,1.38,1.37,1.37,15220.0,33836.0,20851.4,46355.32,1.3714285714285714,1.3771428571428572,0.0037796447299388,1.37,1.38,0.0,0.0,-0.7246376811594049,-0.0099999999999997,0.0,1.3769871914321712,1.3925202234252707,-0.0155330319930995,-0.0162760543853007,0.0007430223922012,0.0287058006073223,1.409464113034799,1.358535886965201,0.050928226069598,1.37
2023-11-06,MTNGH,1.55,0.82,1.37,1.37,1.37,1.37,0.0,35385.0,48477.45,1.3976666666666666,2023,11,November,4,0,1.37,1.37,1.37,1.38,1.37,1.37,18747.0,68274.0,25683.39,93531.98,1.37,1.375,0.0,1.37,1.37,0.0,0.0,-0.7246376811594049,-0.0099999999999997,0.0,1.375912238904145,1.3908520587271025,-0.0149398198229575,-0.0160088074728321,0.0010689876498745,0.027628487713498,1.4075263019539654,1.357473698046035,0.0500526039079307,1.36
2023-11-07,MTNGH,1.55,0.82,1.37,1.37,1.36,1.36,-0.01,545615.0,742371.24,1.3946666666666667,2023,11,November,4,1,1.37,1.37,1.37,1.37,1.37,1.37,35385.0,15220.0,48477.45,20851.4,1.3685714285714283,1.3735714285714284,0.003779644729939,1.36,1.37,-0.0072992700729926,-0.0073260400920728,-0.7299270072992706,-0.01,0.0,1.3734642021496613,1.3885667210436134,-0.0151025188939522,-0.0158275497570561,0.0007250308631039,0.026617771265228,1.406026044491571,1.3549739555084288,0.0510520889831425,1.37
2023-11-08,MTNGH,1.55,0.82,1.36,1.36,1.37,1.37,0.01,4719.0,6465.03,1.392,2023,11,November,4,2,1.36,1.37,1.37,1.37,1.37,1.37,545615.0,18747.0,742371.24,25683.39,1.3685714285714288,1.3728571428571428,0.003779644729939,1.36,1.37,0.0073529411764705,0.0073260400920728,0.0,0.0,33.333333333333584,1.3729312479727904,1.3871914083737162,-0.0142601604009258,-0.01551407188583,0.0012539114849042,0.024830459603871,1.403192212753527,1.354807787246473,0.048384425507054,1.4
2023-11-09,MTNGH,1.55,0.82,1.37,1.37,1.4,1.4,0.03,2910.0,4060.5,1.3903333333333334,2023,11,November,4,3,1.37,1.37,1.37,1.37,1.36,1.37,4719.0,35385.0,6465.03,48477.45,1.3728571428571428,1.3742857142857143,0.0125356634105138,1.36,1.4,0.0218978102189779,0.0216614967811792,2.189781021897796,0.0299999999999998,66.6666666666668,1.3770956713615918,1.388140192938626,-0.0110445215770342,-0.0146201618240709,0.0035756402470366,0.0223581094342253,1.403192212753527,1.354807787246473,0.048384425507054,1.4
2023-11-10,MTNGH,1.55,0.82,1.4,1.4,1.4,1.4,0.0,7475.0,10465.0,1.3886666666666665,2023,11,November,4,4,1.4,1.36,1.37,1.37,1.37,1.37,2910.0,545615.0,4060.5,742371.24,1.3771428571428572,1.375714285714286,0.0160356745147092,1.36,1.4,0.0,0.0,2.189781021897796,0.0299999999999998,66.6666666666668,1.380619414229039,1.3890186971653944,-0.008399282936355,-0.0133759860465277,0.0049767031101726,0.0194286197237307,1.403192212753527,1.354807787246473,0.048384425507054,1.4
2023-11-13,MTNGH,1.55,0.82,1.4,1.4,1.4,1.4,0.0,76558.0,107181.2,1.3873333333333335,2023,11,November,4,0,1.4,1.37,1.37,1.37,1.4,1.36,7475.0,4719.0,10465.0,6465.03,1.3814285714285717,1.377142857142857,0.0177281052085255,1.36,1.4,0.0,0.0,2.189781021897796,0.0299999999999998,66.6666666666668,1.383601042809187,1.3898321270049947,-0.0062310841958077,-0.0119470056763837,0.0057159214805759,0.0170057461553547,1.403192212753527,1.354807787246473,0.048384425507054,1.4
2023-11-14,MTNGH,1.55,0.82,1.4,1.4,1.4,1.4,0.0,44302.0,62022.8,1.386,2023,11,November,4,1,1.4,1.4,1.36,1.37,1.4,1.37,76558.0,2910.0,107181.2,4060.5,1.3857142857142857,1.3785714285714286,0.0181265393434672,1.36,1.4,0.0,0.0,2.189781021897796,0.0299999999999998,66.6666666666668,1.3861239593000811,1.3905853027824024,-0.0044613434823213,-0.0104498732375712,0.0059885297552499,0.0140442649972097,1.403192212753527,1.354807787246473,0.048384425507054,1.4
2023-11-15,MTNGH,1.55,0.82,1.4,1.4,1.4,1.4,0.0,58620.0,82068.0,1.386,2023,11,November,4,2,1.4,1.4,1.37,1.37,1.4,1.4,44302.0,7475.0,62022.8,10465.0,1.39,1.38,0.0173205080756552,1.36,1.4,0.0,0.0,2.189781021897796,0.0299999999999998,66.6666666666668,1.3882587347923765,1.3912826877614837,-0.0030239529691074,-0.0089646891838784,0.005940736214771,0.0140442649972097,1.4059554273812538,1.354044572618746,0.0519108547625077,1.4
2023-11-16,MTNGH,1.55,0.82,1.4,1.4,1.4,1.4,0.0,12459.0,17442.6,1.386,2023,11,November,4,3,1.4,1.4,1.4,1.36,1.4,1.4,58620.0,76558.0,82068.0,107181.2,1.3957142857142857,1.3821428571428571,0.0113389341902256,1.37,1.4,0.0,0.0,2.9411764705882213,0.0399999999999998,79.99999999999991,1.3900650832858568,1.3919284145939663,-0.0018633313081095,-0.0075444176087247,0.0056810863006151,0.0140442649972097,1.408453309646445,1.353546690353555,0.0549066192928906,1.4
2023-11-17,MTNGH,1.55,0.82,1.4,1.4,1.4,1.4,0.0,9328.0,13059.2,1.386,2023,11,November,4,4,1.4,1.4,1.4,1.37,1.4,1.4,12459.0,44302.0,17442.6,62022.8,1.4,1.384285714285714,0.0,1.4,1.4,0.0,0.0,2.189781021897796,0.0299999999999998,79.99999999999991,1.3915935320111097,1.392526309809228,-0.0009327777981182,-0.0062220896466034,0.0052893118484851,0.0140442649972097,1.4107273938586862,1.353272606141314,0.0574547877173721,1.4
2023-11-20,MTNGH,1.55,0.82,1.4,1.4,1.4,1.4,0.0,383.0,536.2,1.386,2023,11,November,4,0,1.4,1.4,1.4,1.4,1.4,1.4,9328.0,58620.0,13059.2,82068.0,1.4,1.3864285714285711,0.0,1.4,1.4,0.0,0.0,0.0,0.0,79.99999999999991,1.3928868347786314,1.3930799164900258,-0.0001930817113944,-0.0050162880595616,0.0048232063481671,0.0140442649972097,1.4128063928151156,1.3531936071848845,0.059612785630231,1.4
2023-11-21,MTNGH,1.55,0.82,1.4,1.4,1.4,1.4,0.0,2258867.0,3162413.8,1.386,2023,11,November,4,1,1.4,1.4,1.4,1.4,1.4,1.4,383.0,12459.0,536.2,17442.6,1.4,1.3885714285714286,0.0,1.4,1.4,0.0,0.0,0.0,0.0,79.99999999999991,1.3939811678896112,1.3935925152685424,0.0003886526210687,-0.0039352999234355,0.0043239525445043,0.0140442649972097,1.4147108758382807,1.353289124161719,0.0614217516765616,1.4
2023-11-22,MTNGH,1.55,0.82,1.4,1.4,1.4,1.4,0.0,12880.0,18032.0,1.386,2023,11,November,4,2,1.4,1.4,1.4,1.4,1.4,1.4,2258867.0,9328.0,3162413.8,13059.2,1.4,1.3907142857142856,0.0,1.4,1.4,0.0,0.0,0.0,0.0,79.99999999999991,1.3949071420604402,1.3940671437671688,0.0008399982932714,-0.0029802402800941,0.0038202385733655,0.0140442649972097,1.4164559006265602,1.3535440993734398,0.0629118012531204,1.4
2023-11-23,MTNGH,1.55,0.82,1.4,1.4,1.4,1.4,0.0,2141109.0,2997552.6,1.386,2023,11,November,4,3,1.4,1.4,1.4,1.4,1.4,1.4,12880.0,383.0,18032.0,536.2,1.4,1.3928571428571426,0.0,1.4,1.4,0.0,0.0,0.0,0.0,79.99999999999991,1.3956906586665263,1.3945066145992302,0.0011840440672961,-0.002147383410616,0.0033314274779122,0.0140442649972097,1.4180525883677153,1.353947411632285,0.0641051767354303,1.4
2023-11-24,MTNGH,1.55,0.82,1.4,1.4,1.4,1.4,0.0,71954220.0,92824548.72,1.386,2023,11,November,4,4,1.4,1.4,1.4,1.4,1.4,1.4,2141109.0,2258867.0,2997552.6,3162413.8,1.4,1.395,0.0,1.4,1.4,0.0,0.0,0.0,0.0,79.99999999999991,1.3963536342562914,1.3949135320363242,0.0014401022199672,-0.0014298862844994,0.0028699885044666,0.0140442649972097,1.4192058852251814,1.3557941147748185,0.0634117704503629,1.4
2023-11-27,MTNGH,1.55,0.82,1.4,1.4,1.4,1.4,0.0,80120.0,112168.0,1.386,2023,11,November,4,0,1.4,1.4,1.4,1.4,1.4,1.4,71954220.0,12880.0,92824548.72,18032.0,1.4,1.397857142857143,0.0,1.4,1.4,0.0,0.0,0.0,0.0,100.0,1.3969146136014774,1.3952903074410408,0.0016243061604366,-0.0008190477955122,0.0024433539559488,0.0140442649972097,1.4200517395057588,1.3579482604942408,0.062103479011518,1.4
2023-11-28,MTNGH,1.55,0.82,1.4,1.4,1.4,1.4,0.0,86295.0,120813.0,1.386,2023,11,November,4,1,1.4,1.4,1.4,1.4,1.4,1.4,80120.0,2141109.0,112168.0,2997552.6,1.4,1.4,0.0,1.4,1.4,0.0,0.0,0.0,0.0,100.0,1.3973892884320191,1.3956391735565192,0.0017501148754999,-0.0003052152613097,0.0020553301368097,0.0140442649972097,1.4205700935537884,1.360429906446211,0.060140187107577,1.35
2023-12-15,MTNGH,1.55,0.82,1.4,1.4,1.35,1.35,-0.05,2279821.0,3086752.54,1.3939999999999997,2023,12,December,4,4,1.4,1.4,1.4,1.4,1.4,1.4,140065.0,11001.0,195983.0,15401.4,1.3928571428571428,1.3964285714285711,0.0188982236504306,1.35,1.4,-0.0357142857142855,-0.0363676441708747,-3.5714285714285587,-0.0499999999999998,0.0,1.391956009702649,1.3945645521165226,-0.0026085424138733,0.0006556127542287,-0.003264155168102,0.0140442649972115,1.4198606797754043,1.3751393202245956,0.0447213595508086,1.35
2023-12-18,MTNGH,1.55,0.82,1.35,1.35,1.35,1.35,0.0,9411.0,12704.85,1.393333333333333,2023,12,December,4,0,1.35,1.4,1.4,1.4,1.4,1.4,2279821.0,4231.0,3086752.54,5933.4,1.385714285714286,1.3928571428571428,0.0243975018236894,1.35,1.4,0.0,0.0,-3.5714285714285587,-0.0499999999999998,0.0,1.3855012389791648,1.3912634741819656,-0.0057622352028008,-0.0006279568371771,-0.0051342783656236,0.0156101941346381,1.4257793505628478,1.3642206494371525,0.0615587011256955,1.35
2023-12-19,MTNGH,1.55,0.82,1.35,1.35,1.35,1.35,0.0,1069.0,1443.15,1.3926666666666665,2023,12,December,4,1,1.35,1.4,1.4,1.4,1.35,1.4,9411.0,140065.0,12704.85,195983.0,1.3785714285714286,1.3892857142857145,0.0267261241912205,1.35,1.4,0.0,0.0,-3.5714285714285587,-0.0499999999999998,0.0,1.380039509905447,1.3882069205388572,-0.0081674106334102,-0.0021358475964237,-0.0060315630369864,0.0170057461553557,1.4291347548534967,1.355865245146503,0.0732695097069937,1.4
2023-12-20,MTNGH,1.55,0.82,1.35,1.35,1.4,1.4,0.05,269057.0,376197.96,1.3939999999999997,2023,12,December,4,2,1.35,1.35,1.4,1.4,1.35,1.4,1069.0,2279821.0,1443.15,3086752.54,1.3785714285714286,1.3892857142857142,0.0267261241912205,1.35,1.4,0.0370370370370369,0.0363676441708747,0.0,0.0,50.0,1.3831103545353782,1.3890804819804232,-0.0059701274450449,-0.002902703566148,-0.0030674238788969,0.0158875357782446,1.4291347548534967,1.355865245146503,0.0732695097069937,1.4
2023-12-21,MTNGH,1.55,0.82,1.4,1.4,1.4,1.4,0.0,30675.0,42945.0,1.3949999999999998,2023,12,December,4,3,1.4,1.35,1.4,1.4,1.35,1.35,269057.0,9411.0,376197.96,12704.85,1.3785714285714283,1.3892857142857142,0.0267261241912205,1.35,1.4,0.0,0.0,0.0,0.0,50.0,1.3857087615299353,1.3898893351670585,-0.0041805736371232,-0.003158277580343,-0.0010222960567801,0.0152564288315194,1.429134754853497,1.3558652451465032,0.0732695097069937,1.4
2023-12-22,MTNGH,1.55,0.82,1.4,1.4,1.4,1.4,0.0,1520448.0,2128627.2,1.395,2023,12,December,4,4,1.4,1.35,1.35,1.4,1.4,1.35,30675.0,1069.0,42945.0,1443.15,1.3785714285714286,1.3892857142857142,0.0267261241912205,1.35,1.4,0.0,0.0,0.0,0.0,50.0,1.3879074136022531,1.390638273302832,-0.0027308597005788,-0.0030727940043902,0.0003419343038113,0.0152564288315194,1.4291347548534967,1.355865245146503,0.0732695097069937,1.4
2023-12-27,MTNGH,1.55,0.82,1.4,1.4,1.4,1.4,0.0,4419.0,6186.6,1.395,2023,12,December,4,2,1.4,1.4,1.35,1.4,1.4,1.35,1520448.0,269057.0,2128627.2,376197.96,1.3785714285714286,1.3892857142857142,0.0267261241912205,1.35,1.4,0.0,0.0,0.0,0.0,50.0,1.3897678115095986,1.3913317345396592,-0.0015639230300605,-0.0027710198095242,0.0012070967794636,0.0152564288315194,1.4291347548534967,1.355865245146503,0.0732695097069937,1.4
2023-12-28,MTNGH,1.55,0.82,1.4,1.4,1.4,1.4,0.0,2031.0,2843.4,1.3949999999999998,2023,12,December,4,3,1.4,1.4,1.35,1.35,1.4,1.4,4419.0,30675.0,6186.6,42945.0,1.385714285714286,1.3892857142857142,0.0243975018236894,1.35,1.4,0.0,0.0,3.7037037037036895,0.0499999999999998,50.0,1.3913419943542755,1.391973828277462,-0.0006318339231865,-0.0023431826322567,0.0017113487090701,0.0152564288315194,1.429134754853497,1.3558652451465032,0.0732695097069937,1.4
2023-12-29,MTNGH,1.55,0.82,1.4,1.4,1.4,1.4,0.0,45509.0,63712.6,1.3949999999999998,2023,12,December,4,4,1.4,1.4,1.4,1.35,1.4,1.4,2031.0,1520448.0,2843.4,2128627.2,1.3928571428571428,1.3892857142857142,0.0188982236504306,1.35,1.4,0.0,0.0,3.7037037037036895,0.0499999999999998,50.0,1.3926739952228484,1.3925683595161684,0.0001056357066799,-0.0018534189644693,0.0019590546711493,0.0152564288315194,1.4291347548534967,1.355865245146503,0.0732695097069937,1.4
2024-01-02,MTNGH,1.4,1.4,1.4,1.4,1.4,1.4,0.0,2548.0,3567.2,1.3949999999999998,2024,1,January,1,1,1.4,1.4,1.4,1.35,1.4,1.4,45509.0,4419.0,63712.6,6186.6,1.4,1.3892857142857142,0.0,1.4,1.4,0.0,0.0,3.7037037037036895,0.0499999999999998,50.0,1.3938010728808718,1.3931188514038595,0.0006822214770123,-0.001346290876173,0.0020285123531853,0.0152564288315194,1.4291347548534967,1.355865245146503,0.0732695097069937,1.4
2024-01-03,MTNGH,1.4,1.4,1.4,1.4,1.4,1.4,0.0,317551.0,444571.4,1.395,2024,1,January,1,2,1.4,1.4,1.4,1.4,1.4,1.4,2548.0,2031.0,3567.2,2843.4,1.4,1.389285714285714,0.0,1.4,1.4,0.0,0.0,0.0,0.0,50.0,1.3947547539761225,1.3936285661146846,0.0011261878614376,-0.0008517951286508,0.0019779829900885,0.0152564288315194,1.4291347548534967,1.355865245146503,0.0732695097069937,1.4
2024-01-04,MTNGH,1.4,1.4,1.4,1.4,1.4,1.4,0.0,3995620.0,5593868.0,1.395,2024,1,January,1,3,1.4,1.4,1.4,1.4,1.4,1.4,317551.0,45509.0,444571.4,63712.6,1.4,1.3892857142857142,0.0,1.4,1.4,0.0,0.0,0.0,0.0,50.0,1.3955617149028727,1.394100524180263,0.0014611907226094,-0.0003891979583988,0.0018503886810082,0.0152564288315194,1.4291347548534967,1.355865245146503,0.0732695097069937,1.4
2024-01-05,MTNGH,1.4,1.4,1.4,1.4,1.4,1.4,0.0,1323102.0,1852342.8,1.395,2024,1,January,1,4,1.4,1.4,1.4,1.4,1.4,1.4,3995620.0,2548.0,5593868.0,3567.2,1.4,1.3892857142857142,0.0,1.4,1.4,0.0,0.0,0.0,0.0,50.0,1.3962445279947384,1.3945375223891323,0.0017070056056058,3.004275440211097e-05,0.0016769628512037,0.0152564288315194,1.429134754853497,1.3558652451465032,0.0732695097069937,1.4
2024-01-10,MTNGH,1.4,1.4,1.4,1.4,1.4,1.4,0.0,318214.0,445499.6,1.3949999999999998,2024,1,January,1,2,1.4,1.4,1.4,1.4,1.4,1.4,1323102.0,317551.0,1852342.8,444571.4,1.4,1.3892857142857142,0.0,1.4,1.4,0.0,0.0,0.0,0.0,50.0,1.3968222929186247,1.394942150360308,0.0018801425583168,0.000400062715185,0.0014800798431317,0.0152564288315194,1.4291347548534967,1.355865245146503,0.0732695097069937,1.4
2024-01-11,MTNGH,1.4,1.4,1.4,1.4,1.4,1.4,0.0,30536.0,42750.4,1.3949999999999998,2024,1,January,1,3,1.4,1.4,1.4,1.4,1.4,1.4,318214.0,3995620.0,445499.6,5593868.0,1.4,1.3928571428571428,0.0,1.4,1.4,0.0,0.0,0.0,0.0,100.0,1.397311170931144,1.3953168058891738,0.0019943650419702,0.000718923180542,0.0012754418614281,0.0152564288315194,1.4291347548534967,1.355865245146503,0.0732695097069937,1.4
2024-01-12,MTNGH,1.4,1.4,1.4,1.4,1.4,1.4,0.0,5110050.0,7154070.0,1.395,2024,1,January,1,4,1.4,1.4,1.4,1.4,1.4,1.4,30536.0,1323102.0,42750.4,1852342.8,1.4,1.3964285714285711,0.0,1.4,1.4,0.0,0.0,0.0,0.0,100.0,1.3977248369417374,1.3956637091566424,0.002061127785095,0.0009873641014526,0.0010737636836423,0.0152564288315194,1.429134754853497,1.3558652451465032,0.0732695097069937,1.4
2024-01-15,MTNGH,1.4,1.4,1.4,1.4,1.4,1.4,0.0,30850.0,43190.0,1.395,2024,1,January,1,0,1.4,1.4,1.4,1.4,1.4,1.4,5110050.0,318214.0,7154070.0,445499.6,1.4,1.4,0.0,1.4,1.4,0.0,0.0,0.0,0.0,100.0,1.3980748620276238,1.39598491588578,0.0020899461418437,0.0012078805095308,0.0008820656323128,0.0152564288315194,1.4291347548534967,1.355865245146503,0.0732695097069937,2.76
2024-02-12,MTNGH,2.76,2.5,2.76,2.76,2.76,2.76,0.0,48450.0,133732.1,1.4453333333333334,2024,2,February,1,0,1.4,1.4,1.4,1.4,1.4,1.4,237872.0,337028.0,333020.8,471839.2,1.5942857142857143,1.4971428571428569,0.5140316832925479,1.4,2.76,0.9714285714285712,0.6787584431078456,97.14285714285714,1.36,100.0,1.6091626219521682,1.4998793116414575,0.1092833103107104,0.0227421739726184,0.086541136338092,0.248300892735679,2.0762104898799607,0.8597895101200393,1.2164209797599217,1.4
2024-02-12,MTNGH,1.4,1.4,1.4,1.4,1.4,1.4,0.0,177272.0,248180.8,1.4453333333333334,2024,2,February,1,0,2.76,1.4,1.4,1.4,2.76,1.4,48450.0,47606.0,133732.1,66648.4,1.5942857142857143,1.497142857142857,0.5140316832925479,1.4,2.76,-0.4927536231884057,-0.6787584431078456,0.0,0.0,50.0,1.5769837570364502,1.4924808441124608,0.0845029129239893,0.0350943217628926,0.0494085911610967,0.248300892735679,2.0762104898799607,0.8597895101200393,1.2164209797599217,1.4
2024-02-13,MTNGH,1.4,1.4,1.4,1.4,1.4,1.4,0.0,47729.0,66820.6,1.4453333333333334,2024,2,February,1,1,1.4,1.4,1.4,1.4,1.4,1.4,177272.0,237872.0,248180.8,333020.8,1.594285714285714,1.4971428571428569,0.5140316832925479,1.4,2.76,0.0,0.0,0.0,0.0,50.0,1.54975548672315,1.4856304112152414,0.0641250755079085,0.0409004725118958,0.0232246029960127,0.248300892735679,2.0762104898799607,0.8597895101200393,1.2164209797599217,1.4
2024-02-14,MTNGH,1.4,1.4,1.4,1.4,1.4,1.4,0.0,141573.0,198202.2,1.4453333333333334,2024,2,February,1,2,1.4,2.76,1.4,1.4,1.4,2.76,47729.0,48450.0,66820.6,133732.1,1.594285714285714,1.497142857142857,0.5140316832925479,1.4,2.76,0.0,0.0,0.0,0.0,50.0,1.5267161810734344,1.4792874177918902,0.0474287632815442,0.0422061306658255,0.0052226326157187,0.248300892735679,2.0762104898799607,0.8597895101200393,1.2164209797599217,1.4
2024-02-15,MTNGH,1.4,1.4,1.4,1.4,1.4,1.4,0.0,6004729.0,8406620.6,1.4453333333333331,2024,2,February,1,3,1.4,1.4,1.4,1.4,1.4,1.4,141573.0,177272.0,198202.2,248180.8,1.5942857142857143,1.497142857142857,0.5140316832925479,1.4,2.76,0.0,0.0,0.0,0.0,50.0,1.5072213839852138,1.4734142757332316,0.0338071082519821,0.0405263261830568,-0.0067192179310746,0.248300892735679,2.0762104898799603,0.8597895101200391,1.216420979759921,1.4
2024-02-16,MTNGH,1.4,1.4,1.4,1.4,1.4,1.4,0.0,34121.0,47769.4,1.4453333333333334,2024,2,February,1,4,1.4,1.4,2.76,1.4,1.4,1.4,6004729.0,47729.0,8406620.6,66820.6,1.5942857142857143,1.4971428571428569,0.5140316832925479,1.4,2.76,0.0,0.0,0.0,0.0,50.0,1.490725786449027,1.4679761812344736,0.0227496052145534,0.0369709819893561,-0.0142213767748026,0.248300892735679,2.0762104898799607,0.8597895101200393,1.2164209797599217,1.4
2024-02-19,MTNGH,1.4,1.4,1.4,1.4,1.4,1.4,0.0,19988.0,27983.2,1.4453333333333334,2024,2,February,1,0,1.4,1.4,1.4,1.4,1.4,1.4,34121.0,141573.0,47769.4,198202.2,1.594285714285714,1.497142857142857,0.5140316832925479,1.4,2.76,0.0,0.0,0.0,0.0,50.0,1.476767973149177,1.4629409085504383,0.0138270645987386,0.0323421985112326,-0.018515133912494,0.248300892735679,2.0762104898799607,0.8597895101200393,1.2164209797599217,1.4
2024-02-20,MTNGH,1.4,1.4,1.4,1.4,1.4,1.4,0.0,8973.0,12562.2,1.4453333333333334,2024,2,February,1,1,1.4,1.4,1.4,2.76,1.4,1.4,19988.0,6004729.0,27983.2,8406620.6,1.4,1.4971428571428569,0.0,1.4,1.4,0.0,0.0,-49.27536231884058,-1.36,50.0,1.4649575157416113,1.4582786190281836,0.0066788967134276,0.0272095381516716,-0.0205306414382439,0.248300892735679,2.0762104898799603,0.8597895101200391,1.216420979759921,1.4
2024-02-21,MTNGH,1.4,1.4,1.4,1.4,1.4,1.4,0.0,71627.0,100277.8,1.4453333333333334,2024,2,February,1,2,1.4,1.4,1.4,1.4,1.4,1.4,8973.0,34121.0,12562.2,47769.4,1.4,1.4971428571428569,0.0,1.4,1.4,0.0,0.0,0.0,0.0,50.0,1.4549640517813636,1.453961684285355,0.0010023674960084,0.021968104020539,-0.0209657365245305,0.248300892735679,2.0762104898799607,0.8597895101200393,1.2164209797599217,1.4
2024-02-22,MTNGH,1.4,1.4,1.4,1.4,1.4,1.4,0.0,106169.0,148636.6,1.4453333333333331,2024,2,February,1,3,1.4,1.4,1.4,1.4,1.4,1.4,71627.0,19988.0,100277.8,27983.2,1.4,1.497142857142857,0.0,1.4,1.4,0.0,0.0,0.0,0.0,50.0,1.4465080438149998,1.44996452248644,-0.0034564786714401,0.0168831874821431,-0.0203396661535833,0.248300892735679,2.0762104898799607,0.8597895101200393,1.2164209797599217,1.4
2024-02-23,MTNGH,1.4,1.4,1.4,1.4,1.4,1.4,0.0,31267.0,43773.8,1.4453333333333331,2024,2,February,1,4,1.4,1.4,1.4,1.4,1.4,1.4,106169.0,8973.0,148636.6,12562.2,1.4,1.4971428571428569,0.0,1.4,1.4,0.0,0.0,0.0,0.0,50.0,1.4393529601511537,1.4462634467467037,-0.0069104865955498,0.0121244526666045,-0.0190349392621544,0.248300892735679,2.0762104898799607,0.8597895101200393,1.2164209797599217,1.4
2024-02-26,MTNGH,1.4,1.4,1.4,1.4,1.4,1.4,0.0,25191.0,35267.4,1.4453333333333334,2024,2,February,1,0,1.4,1.4,1.4,1.4,1.4,1.4,31267.0,71627.0,43773.8,100277.8,1.4,1.497142857142857,0.0,1.4,1.4,0.0,0.0,0.0,0.0,50.0,1.4332986585894378,1.4428365247654662,-0.0095378661760283,0.0077919888980779,-0.0173298550741063,0.248300892735679,2.0762104898799607,0.8597895101200393,1.2164209797599217,1.4
2024-02-27,MTNGH,1.4,1.4,1.4,1.4,1.4,1.4,0.0,150300.0,210420.0,1.4453333333333334,2024,2,February,1,1,1.4,1.4,1.4,1.4,1.4,1.4,25191.0,106169.0,35267.4,148636.6,1.4,1.497142857142857,0.0,1.4,1.4,0.0,0.0,0.0,0.0,50.0,1.4281757880372168,1.439663448856913,-0.0114876608196963,0.0039360589545231,-0.0154237197742194,0.248300892735679,2.0762104898799603,0.8597895101200391,1.216420979759921,1.39
2024-02-28,MTNGH,1.4,1.39,1.4,1.4,1.35,1.39,-0.01,14945.0,20788.05,1.445,2024,2,February,1,2,1.4,1.4,1.4,1.4,1.4,1.4,150300.0,31267.0,210420.0,43773.8,1.3985714285714284,1.4964285714285714,0.0037796447299454,1.39,1.4,-0.0071428571428571,-0.0071684894786125,-0.714285714285715,-0.01,49.81684981684982,1.422302589877645,1.435984674867512,-0.0136820849898671,0.000412430165645,-0.0140945151555122,0.2483705518665298,2.0759622550244963,0.8590377449755034,1.216924510048993,1.4
2024-02-29,MTNGH,1.4,1.39,1.39,1.39,1.41,1.4,0.01,857017.0,1199894.87,1.445,2024,2,February,1,3,1.39,1.4,1.4,1.4,1.4,1.4,14945.0,25191.0,20788.05,35267.4,1.3985714285714284,1.3992857142857142,0.0037796447299454,1.39,1.4,0.0071942446043165,0.0071684894786124,0.0,0.0,0.7246376811594359,1.4188714222041612,1.4333191433958443,-0.0144477211916831,-0.0025596001058205,-0.0118881210858625,0.2483705518665298,2.0759622550244963,0.8590377449755034,1.216924510048993,1.44
2024-03-01,MTNGH,1.44,1.39,1.4,1.4,1.41,1.44,0.04,2397262.0,3444813.74,1.446333333333333,2024,3,March,1,4,1.4,1.4,1.4,1.4,1.39,1.4,857017.0,150300.0,1199894.87,210420.0,1.404285714285714,1.4021428571428571,0.0161834718742193,1.39,1.44,0.0285714285714286,0.0281708769666964,2.85714285714286,0.04,83.33333333333333,1.4221219726342902,1.4338140216628188,-0.0116920490285286,-0.0043860898903621,-0.0073059591381664,0.2482279727121491,2.077290649553144,0.8617093504468563,1.215581299106287,1.46
2024-03-04,MTNGH,1.46,1.39,1.44,1.44,1.46,1.46,0.02,224662.0,328006.52,1.4483333333333333,2024,3,March,1,0,1.44,1.39,1.4,1.4,1.4,1.4,2397262.0,14945.0,3444813.74,20788.05,1.412857142857143,1.4064285714285714,0.026276913640591,1.39,1.46,0.0138888888888888,0.0137933221323357,4.28571428571429,0.06,87.5,1.427949361459784,1.4357537237618692,-0.0078043623020851,-0.0050697443727067,-0.0027346179293783,0.2480834583337882,2.07943795746398,0.8655620425360198,1.2138759149279603,1.46
2024-03-05,MTNGH,1.46,1.39,1.46,1.46,1.46,1.46,0.0,45535.0,66554.74,1.4503333333333333,2024,3,March,1,1,1.46,1.4,1.4,1.4,1.44,1.39,224662.0,857017.0,328006.52,1199894.87,1.4214285714285713,1.4107142857142858,0.0307834216359704,1.39,1.46,0.0,0.0,4.28571428571429,0.06,87.5,1.4328802289275095,1.4375497442239529,-0.0046695152964433,-0.004989698557454,0.0003201832610107,0.2479221698413686,2.081521538613257,0.8694784613867426,1.212043077226515,1.46
2024-03-07,MTNGH,1.46,1.39,1.46,1.46,1.46,1.46,0.0,674301.0,984552.96,1.4523333333333333,2024,3,March,1,3,1.46,1.44,1.39,1.4,1.46,1.4,45535.0,2397262.0,66554.74,3444813.74,1.43,1.4149999999999998,0.0321455025366258,1.39,1.46,0.0,0.0,4.28571428571429,0.06,87.5,1.4370525014002005,1.4392127261332897,-0.0021602247330891,-0.004423803792581,0.0022635790594919,0.2477440744736057,2.08354110343193,0.87345889656807,1.21008220686386,1.49
2024-03-08,MTNGH,1.49,1.39,1.46,1.46,1.48,1.49,0.03,30369.0,45090.66,1.4553333333333334,2024,3,March,1,4,1.46,1.46,1.4,1.4,1.46,1.44,674301.0,224662.0,984552.96,328006.52,1.4428571428571428,1.4214285714285713,0.035923198500065,1.39,1.49,0.0205479452054795,0.0203396842371227,6.428571428571435,0.09,90.9090909090909,1.4451982704155544,1.442974746419713,0.0022235239958416,-0.0030943382348965,0.0053178622307382,0.2476333960728572,2.086920524572582,0.8790794754274183,1.2078410491451637,1.5
2024-03-11,MTNGH,1.5,1.39,1.49,1.49,1.5,1.5,0.01,3209205.0,4813650.65,1.4586666666666666,2024,3,March,1,0,1.49,1.46,1.44,1.39,1.46,1.46,30369.0,45535.0,45090.66,66554.74,1.4585714285714286,1.4285714285714284,0.0328778402720017,1.4,1.5,0.0067114093959732,0.0066889881507967,7.913669064748209,0.1100000000000001,91.66666666666669,1.4536293057362384,1.4471988392775117,0.0064304664587266,-0.0011893772961718,0.0076198437548985,0.2475359024232801,1.4889774944229013,1.3510225055770986,0.1379549888458027,1.5
2024-03-12,MTNGH,1.5,1.39,1.5,1.5,1.55,1.5,0.0,9022095.0,13534415.39,1.462,2024,3,March,1,1,1.5,1.46,1.46,1.4,1.49,1.46,3209205.0,674301.0,4813650.65,984552.96,1.4728571428571429,1.4357142857142855,0.0236038737740594,1.44,1.5,0.0,0.0,7.1428571428571495,0.1,91.66666666666669,1.460763258699894,1.4511100363680665,0.0096532223318275,0.0009791426294279,0.0086740797023995,0.2473919130058449,1.5019141695248917,1.3480858304751084,0.1538283390497832,1.5
2024-03-13,MTNGH,1.5,1.39,1.5,1.5,1.55,1.5,0.0,183191701.0,230826044.46,1.4653333333333334,2024,3,March,1,2,1.5,1.49,1.46,1.44,1.5,1.46,9022095.0,30369.0,13534415.39,45090.66,1.4814285714285715,1.4428571428571428,0.0203540097839365,1.46,1.5,0.0,0.0,4.166666666666671,0.06,91.66666666666669,1.4667996804383718,1.454731515155617,0.0120681652827547,0.0031969471600933,0.0088712181226614,0.2472013465722393,1.5128441783999134,1.347155821600087,0.1656883567998264,1.5
2024-03-14,MTNGH,1.5,1.39,1.5,1.5,1.55,1.5,0.0,0.0,0.0,1.4686666666666668,2024,3,March,1,3,1.5,1.5,1.46,1.46,1.5,1.49,183191701.0,3209205.0,230826044.46,4813650.65,1.487142857142857,1.4499999999999995,0.0188982236504314,1.46,1.5,0.0,0.0,2.739726027397263,0.04,91.66666666666669,1.4719074219093915,1.458084736255201,0.0138226856541905,0.0053220948589127,0.0085005907952777,0.2469640953009527,1.5221779788709284,1.3478220211290717,0.1743559577418567,1.5
2024-03-15,MTNGH,1.5,1.39,1.5,1.5,1.55,1.5,0.0,314.0,486.7,1.4720000000000002,2024,3,March,1,4,1.5,1.5,1.49,1.46,1.5,1.5,0.0,9022095.0,0.0,13534415.39,1.492857142857143,1.457142857142857,0.014960264830824,1.46,1.5,0.0,0.0,2.739726027397263,0.04,91.66666666666669,1.4762293570002545,1.4611895706066675,0.0150397863935869,0.0072656331658476,0.0077741532277393,0.2466800244907572,1.5301460802780351,1.3498539197219646,0.1802921605560707,1.55
2024-03-18,MTNGH,1.55,1.39,1.5,1.5,1.55,1.55,0.05,6007210.0,9310815.0,1.477,2024,3,March,1,0,1.5,1.5,1.5,1.46,1.5,1.5,314.0,183191701.0,486.7,230826044.46,1.5057142857142856,1.467857142857143,0.0198805959477314,1.49,1.55,0.0333333333333334,0.0327898228229909,6.164383561643842,0.09,94.11764705882354,1.4875786866925231,1.4677681209320994,0.0198105657604237,0.0097746196847628,0.0100359460756608,0.2466905083227843,1.5479987562113118,1.3470012437886882,0.2009975124226235,1.56
2024-03-19,MTNGH,1.56,1.39,1.55,1.55,1.55,1.56,0.01,7107.0,11065.85,1.4823333333333333,2024,3,March,1,1,1.55,1.5,1.5,1.49,1.5,1.5,6007210.0,0.0,9310815.0,0.0,1.5157142857142856,1.4792857142857143,0.026992062325252,1.5,1.56,0.0064516129032257,0.0064308903302903,4.697986577181212,0.07,94.44444444444444,1.4987204272013657,1.4746001119741663,0.0241203152271993,0.0126437587932501,0.0114765564339492,0.246697963221169,1.5651357605894225,1.3458642394105778,0.2192715211788445,1.57
2024-03-20,MTNGH,1.57,1.39,1.56,1.56,1.57,1.57,0.01,22794.0,35708.64,1.488,2024,3,March,1,2,1.56,1.5,1.5,1.5,1.55,1.5,7107.0,314.0,11065.85,486.7,1.5257142857142856,1.4921428571428572,0.0325868802112694,1.5,1.57,0.0064102564102563,0.0063897980987709,4.666666666666671,0.07,100.0,1.5096865153242325,1.4816667703464503,0.0280197449777821,0.0157189560301565,0.0123007889476255,0.2466940028344524,1.5815898312826162,1.3464101687173835,0.2351796625652324,1.65
2024-03-21,MTNGH,1.65,1.39,1.57,1.57,1.65,1.65,0.08,350366.0,577055.95,1.4963333333333333,2024,3,March,1,3,1.57,1.55,1.5,1.5,1.56,1.5,22794.0,6007210.0,35708.64,9310815.0,1.5471428571428572,1.51,0.0546852465522013,1.5,1.65,0.0509554140127388,0.0496996685522725,9.999999999999991,0.1499999999999999,100.0,1.5312732052743503,1.4941358984689357,0.037137306805415,0.0200026261852082,0.0171346806202068,0.2478387035725208,1.6164661613241271,1.3365338386758727,0.2799323226482544,1.65
2024-03-22,MTNGH,1.65,1.39,1.65,1.65,1.65,1.65,0.0,75190.0,124063.5,1.5046666666666666,2024,3,March,1,4,1.65,1.56,1.5,1.5,1.57,1.55,350366.0,7107.0,577055.95,11065.85,1.5685714285714287,1.525,0.0620291790016432,1.5,1.65,0.0,0.0,9.999999999999991,0.1499999999999999,100.0,1.5495388660013736,1.5056813874712365,0.0438574785301371,0.024773596654194,0.019083881875943,0.2486894384199122,1.64404159034551,1.3339584096544903,0.3100831806910196,1.65
2024-03-25,MTNGH,1.65,1.39,1.65,1.65,1.65,1.65,0.0,8521.0,14065.4,1.4676666666666665,2024,3,March,1,0,1.65,1.57,1.55,1.5,1.65,1.56,75190.0,22794.0,124063.5,35708.64,1.59,1.5385714285714287,0.0602771377334076,1.5,1.65,0.0,0.0,9.999999999999991,0.1499999999999999,100.0,1.5649944250780854,1.5163716550659596,0.0486227700121257,0.0295434313257803,0.0190793386863454,0.0825742438483599,1.6663316525556726,1.3366683474443275,0.3296633051113451,1.6
2024-03-26,MTNGH,1.65,1.39,1.65,1.65,1.57,1.6,-0.05,168202.0,270105.6,1.4743333333333333,2024,3,March,1,1,1.65,1.65,1.56,1.5,1.65,1.57,8521.0,350366.0,14065.4,577055.95,1.6042857142857143,1.5485714285714285,0.0454082014828117,1.55,1.65,-0.0303030303030301,-0.0307716586667535,6.666666666666672,0.1,79.16666666666671,1.5703798981429953,1.522566347283296,0.0478135508596992,0.0331974552325641,0.0146160956271351,0.0849617899242267,1.6746628182619492,1.348337181738051,0.3263256365238982,1.58
2024-03-27,MTNGH,1.65,1.39,1.6,1.6,1.58,1.58,-0.02,405362.0,638961.12,1.4803333333333333,2024,3,March,1,2,1.6,1.65,1.57,1.55,1.65,1.65,168202.0,75190.0,270105.6,124063.5,1.6085714285714288,1.5571428571428572,0.0405908739449881,1.56,1.65,-0.0124999999999999,-0.01257878220686,1.935483870967744,0.03,73.07692307692312,1.5718599138133038,1.5268206919289775,0.045039221884326,0.0355658085629165,0.0094734133214095,0.085882170014729,1.677508212993438,1.363491787006562,0.314016425986876,1.58
2024-03-28,MTNGH,1.65,1.39,1.58,1.58,1.58,1.58,0.0,212210.0,335291.8,1.4863333333333335,2024,3,March,1,3,1.58,1.65,1.65,1.56,1.6,1.65,405362.0,8521.0,638961.12,14065.4,1.6114285714285717,1.5635714285714286,0.0371611676478451,1.57,1.65,0.0,0.0,1.2820512820512833,0.02,69.56521739130439,1.5731122347651034,1.5307598999342389,0.0423523348308647,0.0369231138165061,0.0054292210143585,0.0863626409226148,1.676395283214294,1.3836047167857062,0.2927905664285877,1.58
2024-04-02,MTNGH,1.65,1.39,1.58,1.58,1.58,1.58,0.0,26785.0,42290.3,1.4923333333333335,2024,4,April,2,1,1.58,1.6,1.65,1.57,1.58,1.65,212210.0,168202.0,335291.8,270105.6,1.6128571428571428,1.5692857142857144,0.0354562104171007,1.58,1.65,0.0,0.0,0.6369426751592362,0.01,68.18181818181822,1.5741718909550877,1.5344073147539248,0.0397645762011629,0.0374914062934375,0.0022731699077253,0.0864105410768703,1.6733835829573185,1.404616417042682,0.2687671659146362,1.58
2024-04-03,MTNGH,1.65,1.39,1.58,1.58,1.58,1.58,0.0,4060.0,6414.8,1.4983333333333335,2024,4,April,2,2,1.58,1.58,1.65,1.65,1.58,1.6,26785.0,405362.0,42290.3,638961.12,1.6028571428571428,1.575,0.0330223589477651,1.58,1.65,0.0,0.0,-4.242424242424233,-0.0699999999999998,68.18181818181822,1.5750685231158434,1.5377845506980783,0.0372839724177649,0.037449919518303,-0.000165947100538,0.0860265930549722,1.673055727516561,1.4189442724834391,0.2541114550331218,1.58
2024-04-04,MTNGH,1.65,1.39,1.58,1.58,1.58,1.58,0.0,18260.0,28850.8,1.504333333333333,2024,4,April,2,3,1.58,1.58,1.6,1.65,1.58,1.58,4060.0,212210.0,6414.8,335291.8,1.5928571428571432,1.580714285714286,0.0262769136405902,1.58,1.65,0.0,0.0,-4.242424242424233,-0.0699999999999998,68.18181818181822,1.5758272118672525,1.5409116210167393,0.0349155908505129,0.036943053784745,-0.002027462934232,0.0852049591131491,1.6731523616644273,1.4308476383355728,0.2423047233288544,1.57
2024-04-05,MTNGH,1.65,1.39,1.58,1.58,1.57,1.57,-0.01,48035.0,75563.56,1.51,2024,4,April,2,4,1.58,1.58,1.58,1.65,1.58,1.58,18260.0,26785.0,28850.8,42290.3,1.5814285714285714,1.585714285714286,0.0089973541083593,1.57,1.6,-0.0063291139240506,-0.0063492276786587,-4.84848484848484,-0.0799999999999998,65.21739130434786,1.5749307177338288,1.54306631575624,0.0318644019775886,0.0359273234233137,-0.004062921445725,0.0836660026534206,1.670799788637444,1.4442002113625558,0.2265995772748881,1.56
2024-04-08,MTNGH,1.65,1.39,1.57,1.57,1.56,1.56,-0.01,6156727.0,9606061.39,1.5153333333333334,2024,4,April,2,0,1.57,1.58,1.58,1.6,1.58,1.58,48035.0,4060.0,75563.56,6414.8,1.5757142857142856,1.59,0.0078679579246194,1.56,1.58,-0.0063694267515923,-0.006389798098771,-2.500000000000002,-0.04,62.50000000000002,1.5726336842363169,1.5443206627372594,0.0283130214990572,0.0344044630384624,-0.0060914415394052,0.0814833739476174,1.6660933344737732,1.4589066655262268,0.2071866689475463,1.56
2024-04-09,MTNGH,1.65,1.39,1.56,1.56,1.56,1.56,0.0,13360.0,20841.6,1.5206666666666668,2024,4,April,2,1,1.56,1.58,1.58,1.58,1.57,1.58,6156727.0,18260.0,9606061.39,28850.8,1.5728571428571427,1.5907142857142855,0.009511897312051,1.56,1.58,0.0,0.0,-1.2658227848101276,-0.02,52.63157894736843,1.5706900405076525,1.5454820951270922,0.0252079453805602,0.032565159506882,-0.0073572141263217,0.078868434021855,1.6638505842707754,1.4681494157292247,0.1957011685415506,1.56
2024-04-10,MTNGH,1.65,1.39,1.56,1.56,1.56,1.56,0.0,20507.0,31990.92,1.526,2024,4,April,2,2,1.56,1.57,1.58,1.58,1.56,1.58,13360.0,48035.0,20841.6,75563.56,1.57,1.5907142857142855,0.0099999999999404,1.56,1.58,0.0,0.0,-1.2658227848101276,-0.02,50.0,1.5690454188910905,1.5465574954880486,0.0224879234030419,0.030549712286114,-0.008061788883072,0.075776440702368,1.6618836283802458,1.476116371619754,0.1857672567604917,1.56
2024-04-12,MTNGH,1.65,1.39,1.56,1.56,1.56,1.56,0.0,11565.0,18041.4,1.5313333333333332,2024,4,April,2,4,1.56,1.56,1.58,1.58,1.56,1.57,20507.0,6156727.0,31990.92,9606061.39,1.567142857142857,1.59,0.0095118973120504,1.56,1.58,0.0,0.0,-1.2658227848101276,-0.02,47.05882352941176,1.5676538159847688,1.547553236563008,0.0201005794217608,0.0284598857132433,-0.0083593062914825,0.0721460842407032,1.659202124551773,1.4847978754482272,0.1744042491035458,1.6
2024-04-15,MTNGH,1.65,1.39,1.56,1.56,1.6,1.6,0.04,7444459.0,11909964.98,1.538,2024,4,April,2,0,1.56,1.56,1.57,1.58,1.56,1.56,11565.0,13360.0,18041.4,20841.6,1.5700000000000005,1.5864285714285715,0.0152752523164804,1.56,1.6,0.0256410256410257,0.02531780798429,1.2658227848101276,0.02,30.769230769230816,1.572630151987112,1.5514381820027852,0.0211919699843268,0.02700630256746,-0.0058143325831332,0.068752429424177,1.6580717680760373,1.4959282319239626,0.1621435361520746,1.6
2024-04-16,MTNGH,1.65,1.39,1.6,1.6,1.6,1.6,0.0,8713074.0,13940918.4,1.5450000000000002,2024,4,April,2,1,1.6,1.56,1.56,1.58,1.56,1.56,7444459.0,20507.0,11909964.98,31990.92,1.5728571428571427,1.582857142857143,0.0188982236504299,1.56,1.6,0.0,0.0,1.2658227848101276,0.02,30.769230769230816,1.5768408978352486,1.5550353537062824,0.0218055441289661,0.0259661508797612,-0.0041606067507951,0.0636666967563451,1.6550104534694667,1.5089895465305334,0.1460209069389333,1.6
2024-04-17,MTNGH,1.65,1.39,1.6,1.6,1.6,1.6,0.0,6957551.0,11113081.6,1.5516666666666663,2024,4,April,2,2,1.6,1.56,1.56,1.57,1.6,1.56,8713074.0,11565.0,13940918.4,18041.4,1.5771428571428572,1.5792857142857142,0.0213808993529663,1.56,1.6,0.0,0.0,1.9108280254777088,0.03,30.769230769230816,1.5804038366298256,1.5583660682465577,0.0220377683832679,0.0251804743804626,-0.0031427059971946,0.0581960618014463,1.6492727447353177,1.5247272552646822,0.1245454894706354,1.6
2024-04-18,MTNGH,1.65,1.39,1.6,1.6,1.6,1.6,0.0,12382.0,19811.2,1.557,2024,4,April,2,3,1.6,1.6,1.56,1.56,1.6,1.56,6957551.0,7444459.0,11113081.6,11909964.98,1.582857142857143,1.5792857142857144,0.0213808993529665,1.56,1.6,0.0,0.0,2.5641025641025665,0.04,50.0,1.5834186309944678,1.5614500631912571,0.0219685678032106,0.0245380930650122,-0.0025695252618015,0.0548446080712146,1.6494912274290927,1.5295087725709071,0.1199824548581856,1.6
2024-04-19,MTNGH,1.65,1.39,1.6,1.6,1.6,1.6,0.0,559518.0,895228.8,1.5616666666666668,2024,4,April,2,4,1.6,1.6,1.56,1.56,1.6,1.6,12382.0,8713074.0,19811.2,13940918.4,1.5885714285714287,1.5807142857142855,0.0195180014589409,1.56,1.6,0.0,0.0,2.5641025641025665,0.04,66.66666666666666,1.5859696108414727,1.5643056140659788,0.0216639967754939,0.0239632738071085,-0.0022992770316146,0.0521987800976283,1.6499987629201345,1.5330012370798658,0.1169975258402686,1.6
2024-04-22,MTNGH,1.65,1.39,1.6,1.6,1.6,1.6,0.0,0.0,0.0,1.5663333333333334,2024,4,April,2,0,1.6,1.6,1.6,1.56,1.6,1.6,559518.0,6957551.0,895228.8,11113081.6,1.5942857142857143,1.5821428571428573,0.0151185789203311,1.56,1.6,0.0,0.0,2.5641025641025665,0.04,66.66666666666666,1.588128132250477,1.566949642653684,0.021178489596793,0.0234063169650454,-0.0022278273682524,0.0489534144019762,1.6507107123142468,1.5352892876857531,0.1154214246284937,1.6
2024-04-23,MTNGH,1.65,1.39,1.6,1.6,1.6,1.6,0.0,1909169.0,3054670.4,1.5710000000000002,2024,4,April,2,1,1.6,1.6,1.6,1.56,1.6,1.6,0.0,12382.0,0.0,19811.2,1.6,1.5835714285714286,0.0,1.6,1.6,0.0,0.0,2.5641025641025665,0.04,66.66666666666666,1.5899545734427114,1.5693978172719296,0.0205567561707817,0.0228364048061927,-0.0022796486354109,0.0449789222667495,1.6417886567948277,1.5392113432051724,0.1025773135896552,1.6
2024-04-24,MTNGH,1.65,1.39,1.6,1.6,1.62,1.6,0.0,911.0,1474.62,1.5746666666666664,2024,4,April,2,2,1.6,1.6,1.6,1.6,1.6,1.6,1909169.0,559518.0,3054670.4,895228.8,1.6,1.5850000000000002,0.0,1.6,1.6,0.0,0.0,0.0,0.0,66.66666666666666,1.5915000236822945,1.571664645622157,0.0198353780601372,0.0222361994569816,-0.0024008213968443,0.0425670532570784,1.6313346828403086,1.5446653171596916,0.086669365680617,1.6
2024-04-25,MTNGH,1.65,1.39,1.6,1.6,1.62,1.6,0.0,1067370.0,1707822.59,1.5779999999999998,2024,4,April,2,3,1.6,1.6,1.6,1.6,1.6,1.6,911.0,0.0,1474.62,0.0,1.6,1.5864285714285715,0.0,1.6,1.6,0.0,0.0,0.0,0.0,66.66666666666666,1.5928077123465567,1.5737635607612566,0.0190441515853001,0.0215977898826453,-0.0025536382973451,0.0403775287454378,1.618251054623863,1.5527489453761372,0.0655021092477259,1.6
2024-04-26,MTNGH,1.65,1.39,1.6,1.6,1.62,1.6,0.0,1308.0,2092.8,1.5813333333333333,2024,4,April,2,4,1.6,1.6,1.6,1.6,1.6,1.6,1067370.0,1909169.0,1707822.59,3054670.4,1.6,1.5885714285714283,0.0,1.6,1.6,0.0,0.0,0.0,0.0,80.0,1.5939142181393942,1.5757070007048672,0.0182072174345269,0.0209196753930216,-0.0027124579584947,0.0377590668110222,1.618251054623863,1.5527489453761372,0.0655021092477259,1.64
2024-04-29,MTNGH,1.65,1.39,1.6,1.6,1.65,1.64,0.04,21385.0,35076.2,1.586,2024,4,April,2,0,1.6,1.6,1.6,1.6,1.6,1.6,1308.0,911.0,2092.8,1474.62,1.605714285714286,1.5942857142857143,0.0151185789203318,1.6,1.64,0.0249999999999999,0.0246926125903714,2.4999999999999885,0.0399999999999998,100.0,1.6010043384256412,1.5804694450970993,0.0205348933285418,0.0208427189801256,-0.0003078256515838,0.0359693355992399,1.629165516233713,1.5478344837662874,0.0813310324674256,1.75
2024-04-30,MTNGH,1.75,1.39,1.64,1.64,1.8,1.75,0.11,5730.0,10040.2,1.5943333333333334,2024,4,April,2,1,1.64,1.6,1.6,1.6,1.6,1.6,21385.0,1067370.0,35076.2,1707822.59,1.6271428571428572,1.6078571428571429,0.0561884583979822,1.6,1.75,0.0670731707317073,0.0649195460993156,9.374999999999996,0.1499999999999999,100.0,1.6239267478986197,1.5930272639787957,0.030899483919824,0.0228540719680653,0.0080454119517586,0.0435243359064149,1.6796151508981447,1.5143848491018552,0.1652303017962895,1.75
2024-05-02,MTNGH,1.75,1.39,1.75,1.75,1.8,1.75,0.0,323746.0,566472.05,1.602666666666667,2024,5,May,2,3,1.75,1.6,1.6,1.6,1.64,1.6,5730.0,1308.0,10040.2,2092.8,1.6485714285714284,1.6214285714285714,0.0708116213222426,1.6,1.75,0.0,0.0,9.374999999999996,0.1499999999999999,100.0,1.6433226328372936,1.6046548740544402,0.0386677587828534,0.0260168093310229,0.0126509494518304,0.0484898377788439,1.712216545355725,1.4987834546442749,0.2134330907114501,1.72
2024-05-03,MTNGH,1.75,1.39,1.75,1.75,1.7,1.72,-0.03,396698.0,682161.75,1.6083333333333334,2024,5,May,2,4,1.75,1.64,1.6,1.6,1.75,1.6,323746.0,21385.0,566472.05,35076.2,1.6657142857142857,1.632857142857143,0.071614044911389,1.6,1.75,-0.0171428571428571,-0.0172914971100609,7.499999999999993,0.1199999999999998,86.36363636363635,1.6551191508623255,1.613198957457815,0.0419201934045105,0.0291974861457205,0.01272270725879,0.0519338659911249,1.7299958005969749,1.4950041994030252,0.2349916011939496,1.72
2024-05-06,MTNGH,1.75,1.39,1.72,1.72,1.7,1.72,0.0,1598874.0,2750063.28,1.6136666666666666,2024,5,May,2,0,1.72,1.75,1.6,1.6,1.75,1.64,396698.0,5730.0,682161.75,10040.2,1.682857142857143,1.6414285714285717,0.0675066134326254,1.6,1.75,0.0,0.0,7.499999999999993,0.1199999999999998,83.33333333333331,1.6651008199604294,1.6211101457942731,0.0439906741661562,0.0321561237498076,0.0118345504163485,0.0549283755156125,1.7452357295451066,1.4937642704548932,0.2514714590902134,1.72
2024-05-07,MTNGH,1.75,1.39,1.72,1.72,1.7,1.72,0.0,2425616.0,4172059.52,1.6186666666666665,2024,5,May,2,1,1.72,1.75,1.64,1.6,1.72,1.75,1598874.0,323746.0,2750063.28,566472.05,1.6999999999999995,1.65,0.0574456264653725,1.6,1.75,0.0,0.0,7.499999999999993,0.1199999999999998,83.33333333333331,1.6735468476588249,1.6284353201798825,0.0451115274789424,0.0347472044956346,0.0103643229833078,0.0575795302069504,1.75808454483564,1.49591545516436,0.2621690896712803,1.72
2024-05-08,MTNGH,1.75,1.39,1.72,1.72,1.7,1.72,0.0,110191.0,189528.52,1.621,2024,5,May,2,2,1.72,1.72,1.75,1.6,1.72,1.75,2425616.0,396698.0,4172059.52,682161.75,1.717142857142857,1.6585714285714286,0.036839419880639,1.64,1.75,0.0,0.0,7.499999999999993,0.1199999999999998,83.33333333333331,1.6806934864805445,1.6352178890554467,0.0454755974250975,0.0368928830815271,0.0085827143435703,0.0602494813255893,1.7683771857711847,1.5016228142288155,0.266754371542369,1.72
2024-05-09,MTNGH,1.75,1.39,1.72,1.72,1.7,1.72,0.0,21631.0,37205.32,1.6233333333333335,2024,5,May,2,3,1.72,1.72,1.75,1.64,1.72,1.72,110191.0,1598874.0,189528.52,2750063.28,1.7285714285714284,1.667142857142857,0.0146385010942004,1.72,1.75,0.0,0.0,4.878048780487809,0.08,83.33333333333331,1.6867406424066145,1.64149804542171,0.0452425969849046,0.0385628258622026,0.0066797711227019,0.0627162924074429,1.7766294956410975,1.5093705043589023,0.2672589912821954,1.72
2024-05-10,MTNGH,1.75,1.39,1.72,1.72,1.7,1.72,0.0,13515.0,23245.8,1.6256666666666668,2024,5,May,2,4,1.72,1.72,1.72,1.75,1.72,1.72,21631.0,2425616.0,37205.32,4172059.52,1.7242857142857144,1.6757142857142855,0.0113389341902407,1.72,1.75,0.0,0.0,-1.7142857142857155,-0.03,83.33333333333331,1.6918574666517507,1.6473130050201017,0.044544461631649,0.0397591530160919,0.004785308615557,0.0650030945328999,1.7828531878944391,1.5191468121055614,0.2637063757888778,1.75
2024-05-13,MTNGH,1.75,1.39,1.72,1.72,1.75,1.75,0.03,190750752.0,261406919.0,1.6306666666666667,2024,5,May,2,0,1.72,1.72,1.72,1.75,1.72,1.72,13515.0,110191.0,23245.8,189528.52,1.7242857142857144,1.6864285714285714,0.0113389341902407,1.72,1.75,0.0174418604651163,0.017291497110061,0.0,0.0,85.7142857142857,1.7008024717822503,1.6549194490926866,0.0458830226895639,0.0409839269507863,0.0048990957387775,0.0686286023278474,1.792125465461387,1.5288745345386132,0.2632509309227737,1.8
2024-05-14,MTNGH,1.8,1.39,1.75,1.75,1.8,1.8,0.05,107631.0,193735.8,1.638,2024,5,May,2,1,1.75,1.72,1.72,1.72,1.72,1.72,190750752.0,21631.0,261406919.0,37205.32,1.7357142857142858,1.7007142857142856,0.0304724700109893,1.72,1.8,0.0285714285714286,0.0281708769666964,4.651162790697678,0.08,88.46153846153845,1.7160636299695966,1.6656661565673023,0.0503974734022942,0.0428666362410879,0.0075308371612063,0.0745284023619402,1.8127340546979596,1.5282659453020409,0.2844681093959185,1.8
2024-05-15,MTNGH,1.8,1.39,1.8,1.8,1.8,1.8,0.0,31119311.0,56014759.8,1.6453333333333335,2024,5,May,2,2,1.8,1.72,1.72,1.72,1.75,1.72,107631.0,13515.0,193735.8,23245.8,1.747142857142857,1.715,0.0377334006393377,1.72,1.8,0.0,0.0,4.651162790697678,0.08,88.46153846153845,1.7289769176665817,1.675616811636391,0.0533601060301907,0.0449653301989084,0.0083947758312822,0.0792957507812153,1.8298106969060133,1.5311893030939865,0.2986213938120272,1.79
2024-05-16,MTNGH,1.8,1.39,1.8,1.8,1.8,1.79,-0.01,57808.0,103254.4,1.6523333333333334,2024,5,May,2,3,1.8,1.75,1.72,1.72,1.8,1.72,31119311.0,190750752.0,56014759.8,261406919.0,1.7571428571428571,1.7285714285714284,0.0386066858261035,1.72,1.8,-0.0055555555555555,-0.0055710450494553,4.069767441860469,0.07,85.18518518518518,1.7383650841794152,1.6840896404040655,0.0542754437753494,0.0468273529141966,0.0074480908611527,0.0825324735810389,1.8419002442741943,1.5380997557258054,0.3038004885483891,1.8
2024-05-17,MTNGH,1.8,1.39,1.79,1.79,1.8,1.8,0.01,2438912.0,4390040.33,1.6596666666666666,2024,5,May,2,4,1.79,1.8,1.72,1.72,1.8,1.75,57808.0,107631.0,103254.4,193735.8,1.768571428571429,1.742857142857143,0.0376069902316712,1.72,1.8,0.0055865921787709,0.0055710450494554,4.651162790697678,0.08,85.71428571428571,1.7478473789210436,1.6926755929667274,0.0551717859543161,0.0484962395222205,0.0066755464320955,0.0856006499062386,1.8532799296781528,1.546720070321847,0.3065598593563057,1.8
2024-05-20,MTNGH,1.8,1.39,1.8,1.8,1.8,1.8,0.0,24147.0,43464.6,1.6670000000000005,2024,5,May,2,0,1.8,1.8,1.75,1.72,1.79,1.8,2438912.0,31119311.0,4390040.33,56014759.8,1.7799999999999998,1.7542857142857144,0.0321455025366327,1.72,1.8,0.0,0.0,4.651162790697678,0.08,83.33333333333333,1.7558708590870369,1.700625549043266,0.0552453100437708,0.0498460536265306,0.0053992564172402,0.0879321839005484,1.8619002442741983,1.5580997557258018,0.3038004885483967,1.8
2024-05-21,MTNGH,1.8,1.39,1.8,1.8,1.8,1.8,0.0,9022929.0,16241272.2,1.6746666666666667,2024,5,May,2,1,1.8,1.79,1.8,1.72,1.8,1.8,24147.0,57808.0,43464.6,103254.4,1.7914285714285716,1.7578571428571428,0.0186445447146989,1.75,1.8,0.0,0.0,4.651162790697678,0.08,69.23076923076923,1.7626599576890314,1.7079866194845057,0.0546733382045259,0.0508115105421297,0.0038618276623962,0.0892007937699998,1.8676838729036616,1.5723161270963384,0.2953677458073231,1.8
2024-05-22,MTNGH,1.8,1.39,1.8,1.8,1.8,1.8,0.0,10072683.0,18130829.4,1.6826666666666668,2024,5,May,2,2,1.8,1.8,1.8,1.75,1.8,1.79,9022929.0,2438912.0,16241272.2,4390040.33,1.7985714285714285,1.7614285714285711,0.00377964473001,1.79,1.8,0.0,0.0,2.85714285714286,0.05,69.23076923076923,1.7684045795830268,1.714802425448616,0.0536021541344107,0.0513696392605859,0.0022325148738248,0.0893244119752002,1.8703754364478724,1.5896245635521276,0.2807508728957448,1.8
2024-05-23,MTNGH,1.8,1.39,1.8,1.8,1.8,1.8,0.0,3209327.0,5776788.6,1.6906666666666663,2024,5,May,2,3,1.8,1.8,1.79,1.8,1.8,1.8,10072683.0,24147.0,18130829.4,43464.6,1.7985714285714285,1.7671428571428571,0.00377964473001,1.79,1.8,0.0,0.0,0.0,0.0,90.0,1.7732654134933306,1.7211133568968666,0.0521520565964639,0.0515261227277615,0.0006259338687024,0.0887045982299063,1.869452287491873,1.6105477125081265,0.2589045749837466,1.8
2024-05-24,MTNGH,1.8,1.39,1.8,1.8,1.8,1.8,0.0,30006.0,54010.8,1.6986666666666668,2024,5,May,2,4,1.8,1.8,1.8,1.8,1.8,1.8,3209327.0,9022929.0,5776788.6,16241272.2,1.7985714285714285,1.772857142857143,0.00377964473001,1.79,1.8,0.0,0.0,0.0,0.0,90.0,1.777378426802049,1.726956811941543,0.0504216148605058,0.0513052211543103,-0.0008836062938044,0.0873255239116231,1.8638789754637293,1.6361210245362707,0.2277579509274585,1.8
2024-05-27,MTNGH,1.8,1.39,1.8,1.8,1.8,1.8,0.0,13970.0,25146.0,1.7066666666666668,2024,5,May,2,0,1.8,1.8,1.8,1.79,1.8,1.8,30006.0,10072683.0,54010.8,18130829.4,1.8,1.7785714285714287,0.0,1.8,1.8,0.0,0.0,0.5586592178770954,0.01,90.0,1.780858668832503,1.7323674184643918,0.0484912503681111,0.0507424269970705,-0.0022511766289593,0.085150306591617,1.851306309230528,1.6686936907694725,0.1826126184610559,1.8
2024-05-28,MTNGH,1.8,1.39,1.8,1.8,1.8,1.8,0.0,41458.0,74624.4,1.7133333333333334,2024,5,May,2,1,1.8,1.8,1.8,1.8,1.8,1.8,13970.0,3209327.0,25146.0,5776788.6,1.8,1.784285714285714,0.0,1.8,1.8,0.0,0.0,0.0,0.0,90.0,1.7838034890121175,1.737377239318881,0.0464262496932363,0.0498791915363037,-0.0034529418430673,0.0843364907863946,1.8412982372160849,1.6947017627839152,0.1465964744321697,1.8
2024-05-29,MTNGH,1.8,1.39,1.8,1.8,1.8,1.8,0.0,1598422.0,2877159.6,1.72,2024,5,May,2,2,1.8,1.8,1.8,1.8,1.8,1.8,41458.0,30006.0,74624.4,54010.8,1.8,1.7899999999999998,0.0,1.8,1.8,0.0,0.0,0.0,0.0,90.0,1.7862952599333304,1.7420159623322975,0.0442792976010328,0.0487592127492495,-0.0044799151482166,0.082962392809588,1.8446193915960227,1.6963806084039776,0.1482387831920451,1.8
2024-05-30,MTNGH,1.8,1.39,1.8,1.8,1.8,1.8,0.0,711651.0,1280971.8,1.7266666666666668,2024,5,May,2,3,1.8,1.8,1.8,1.8,1.8,1.8,1598422.0,13970.0,2877159.6,25146.0,1.8,1.7957142857142858,0.0,1.8,1.8,0.0,0.0,0.0,0.0,90.0,1.7884036814820488,1.7463110762336087,0.04209260524844,0.0474258912490876,-0.0053332860006476,0.0809995033332466,1.8475795230823868,1.6984204769176134,0.1491590461647733,1.8
2024-05-31,MTNGH,1.8,1.39,1.8,1.8,1.8,1.8,0.0,10699.0,19258.2,1.7333333333333334,2024,5,May,2,4,1.8,1.8,1.8,1.8,1.8,1.8,711651.0,41458.0,1280971.8,74624.4,1.8,1.7992857142857144,0.0,1.8,1.8,0.0,0.0,0.0,0.0,85.71428571428571,1.7901877304848104,1.7502880335496376,0.0398996969351728,0.0459206523863046,-0.0060209554511318,0.0784036123962688,1.8481114766075195,1.7058885233924812,0.1422229532150383,1.8
2024-06-03,MTNGH,1.8,1.39,1.8,1.8,1.8,1.8,0.0,10398.0,18716.4,1.74,2024,6,June,2,0,1.8,1.8,1.8,1.8,1.8,1.8,10699.0,1598422.0,19258.2,2877159.6,1.8,1.7992857142857144,0.0,1.8,1.8,0.0,0.0,0.0,0.0,50.0,1.7916973104102245,1.7539704014348496,0.0377269089753746,0.0442819037041186,-0.006554994728744,0.0751091160269351,1.847459326699132,1.714540673300868,0.132918653398264,1.8
2024-06-04,MTNGH,1.8,1.39,1.8,1.8,1.8,1.8,0.0,21381.0,38485.8,1.7466666666666666,2024,6,June,2,1,1.8,1.8,1.8,1.8,1.8,1.8,10398.0,711651.0,18716.4,1280971.8,1.8,1.7992857142857144,0.0,1.8,1.8,0.0,0.0,0.0,0.0,50.0,1.79297464727019,1.7573800013285643,0.0355946459416254,0.04254445215162,-0.0069498062099946,0.0710188577838473,1.8453498571928455,1.7246501428071537,0.120699714385692,1.8
2024-06-05,MTNGH,1.8,1.39,1.8,1.8,1.8,1.8,0.0,5215.0,9387.0,1.7533333333333334,2024,6,June,2,2,1.8,1.8,1.8,1.8,1.8,1.8,21381.0,10699.0,38485.8,19258.2,1.8,1.8,0.0,1.8,1.8,0.0,0.0,0.0,0.0,100.0,1.7940554707670835,1.7605370382671894,0.0335184324998942,0.0407392482212748,-0.0072208157213806,0.0659850209404267,1.8412745787069265,1.736725421293074,0.1045491574138521,1.81
2024-06-26,MTNGH,1.81,1.39,1.8,1.8,1.81,1.81,0.01,251411.0,455052.86,1.8000000000000005,2024,6,June,2,2,1.8,1.8,1.8,1.8,1.8,1.8,35057472.0,586342.0,63103449.6,1055415.6,1.8014285714285716,1.8007142857142855,0.0037796447300112,1.8,1.81,0.0055555555555555,0.0055401803756153,0.555555555555556,0.01,100.0,1.800965126971025,1.7873051396939132,0.0136599872771117,0.0180135581768517,-0.00435357089974,0.0026261286577516,1.8049721359594573,1.7960278640405432,0.0089442719189141,1.81
2024-06-27,MTNGH,1.81,1.39,1.81,1.81,1.81,1.81,0.0,9448.0,17100.88,1.8003333333333331,2024,6,June,2,3,1.81,1.8,1.8,1.8,1.8,1.8,251411.0,139759.0,455052.86,251566.2,1.8028571428571427,1.8014285714285716,0.0048795003646803,1.8,1.81,0.0,0.0,0.555555555555556,0.01,100.0,1.8023551074370208,1.7889862404573271,0.013368866979694,0.0170846199374202,-0.0037157529577261,0.0031984191502051,1.807155870115752,1.7948441298842486,0.0123117402315031,1.81
2024-06-28,MTNGH,1.81,1.39,1.81,1.81,1.81,1.81,0.0,1539.0,2785.59,1.801,2024,6,June,2,4,1.81,1.8,1.8,1.8,1.81,1.8,9448.0,35057472.0,17100.88,63103449.6,1.8042857142857145,1.8021428571428573,0.005345224838192,1.8,1.81,0.0,0.0,0.555555555555556,0.01,100.0,1.8035312447544023,1.790542815238266,0.0129884295161366,0.0162653818531635,-0.0032769523370268,0.0030512857667737,1.808826950973375,1.7941730490266252,0.0146539019467497,1.81
2024-07-01,MTNGH,1.81,1.39,1.81,1.81,1.81,1.81,0.0,2895.0,5239.95,1.8013333333333337,2024,7,July,3,0,1.81,1.81,1.8,1.8,1.81,1.8,1539.0,251411.0,2785.59,455052.86,1.8057142857142856,1.8028571428571427,0.0053452248381925,1.8,1.81,0.0,0.0,0.555555555555556,0.01,100.0,1.80452643786911,1.7919840881835791,0.0125423496855305,0.0155207754196369,-0.0029784257341063,0.0034574590368414,1.810207826819115,1.793792173180885,0.01641565363823,1.85
2024-07-02,MTNGH,1.85,1.39,1.81,1.81,1.85,1.85,0.04,3076566.0,5691599.16,1.803,2024,7,July,3,1,1.81,1.81,1.8,1.8,1.81,1.81,2895.0,9448.0,5239.95,17100.88,1.8128571428571427,1.8064285714285715,0.0170433620649101,1.8,1.85,0.022099447513812,0.021858793812499,2.77777777777778,0.05,100.0,1.8115223705046315,1.7962815631329438,0.0152408073716876,0.015464781810047,-0.0002239744383594,0.0095231116330404,1.827418620332272,1.7815813796677284,0.0458372406645435,1.85
2024-07-03,MTNGH,1.85,1.39,1.85,1.85,1.85,1.85,0.0,37.0,68.82,1.8046666666666664,2024,7,July,3,2,1.85,1.81,1.81,1.8,1.81,1.81,3076566.0,1539.0,5691599.16,2785.59,1.82,1.8100000000000005,0.0208166599946482,1.8,1.85,0.0,0.0,2.77777777777778,0.05,100.0,1.8174420058116116,1.8002607066045777,0.0171812992070337,0.0158080852894444,0.0013732139175893,0.0127936765991047,1.8375045294313763,1.7764954705686242,0.0610090588627523,1.86
2024-07-04,MTNGH,1.86,1.39,1.85,1.85,1.86,1.86,0.01,10107.0,18799.02,1.8066666666666669,2024,7,July,3,3,1.85,1.81,1.81,1.8,1.85,1.81,37.0,2895.0,68.82,5239.95,1.8285714285714287,1.8142857142857145,0.0234012616672378,1.81,1.86,0.0054054054054053,0.0053908486348763,3.333333333333336,0.06,100.0,1.823989389532902,1.804685839448683,0.0193035500842189,0.0165071782483993,0.0027963718358196,0.0162593916274533,1.8483885947980216,1.7716114052019782,0.0767771895960436,1.9
2024-07-05,MTNGH,1.9,1.39,1.86,1.86,1.9,1.9,0.04,7285833.0,13834507.71,1.81,2024,7,July,3,4,1.86,1.85,1.81,1.81,1.85,1.81,10107.0,3076566.0,18799.02,5691599.16,1.8414285714285716,1.8214285714285716,0.0338765264987215,1.81,1.9,0.021505376344086,0.0212773984472848,4.972375690607727,0.0899999999999998,100.0,1.8356833296047632,1.8117461476376693,0.0239371819670937,0.0179931789921381,0.0059440029749555,0.023488808780651,1.8702506251456763,1.7597493748543238,0.1105012502913527,1.9
2024-07-08,MTNGH,1.9,1.39,1.9,1.9,1.9,1.9,0.0,67967.0,129137.3,1.8133333333333332,2024,7,July,3,0,1.9,1.85,1.81,1.81,1.86,1.85,7285833.0,37.0,13834507.71,68.82,1.8542857142857143,1.8285714285714287,0.0369039938476087,1.81,1.9,0.0,0.0,4.972375690607727,0.0899999999999998,100.0,1.8455782019732607,1.8182834700348791,0.027294731938382,0.0198534895813869,0.007441242356995,0.0285673231862202,1.8864909966207448,1.753509003379255,0.1329819932414895,1.9
2024-07-09,MTNGH,1.9,1.39,1.9,1.9,1.9,1.9,0.0,0.0,0.0,1.8166666666666669,2024,7,July,3,1,1.9,1.86,1.85,1.81,1.9,1.85,67967.0,10107.0,129137.3,18799.02,1.8671428571428568,1.8357142857142856,0.0345032779671123,1.81,1.9,0.0,0.0,4.972375690607727,0.0899999999999998,100.0,1.8539507862850677,1.824336546328592,0.0296142399564753,0.0218056396564046,0.0078086003000707,0.0325187832547712,1.8996923514723043,1.7503076485276954,0.1493847029446091,1.91
2024-07-10,MTNGH,1.91,1.39,1.9,1.9,1.91,1.91,0.01,394930.0,754286.6,1.8203333333333331,2024,7,July,3,2,1.9,1.9,1.85,1.81,1.9,1.86,0.0,7285833.0,0.0,13834507.71,1.8814285714285717,1.8435714285714284,0.0267261241912365,1.85,1.91,0.0052631578947368,0.0052493558861437,5.524861878453031,0.0999999999999998,100.0,1.8625737422412108,1.830681987341289,0.0318917548999218,0.023822862705108,0.0080688921948137,0.0365289996591056,1.9132106560947288,1.7477893439052716,0.1654213121894572,1.91
2024-07-11,MTNGH,1.91,1.39,1.91,1.91,1.91,1.91,0.0,8309.0,15870.19,1.824,2024,7,July,3,3,1.91,1.9,1.86,1.85,1.9,1.9,394930.0,67967.0,754286.6,129137.3,1.89,1.851428571428572,0.024494897427826,1.85,1.91,0.0,0.0,3.2432432432432337,0.0599999999999998,100.0,1.8698700895887168,1.8365573956863788,0.033312693902338,0.025720828944554,0.0075918649577839,0.0397925655853586,1.9245913147699785,1.7474086852300212,0.1771826295399572,2.01
2024-07-12,MTNGH,2.01,1.39,1.91,1.91,2.01,2.01,0.1,213860.0,429169.1,1.831,2024,7,July,3,4,1.91,1.9,1.9,1.85,1.91,1.9,8309.0,0.0,15870.19,0.0,1.912857142857143,1.8664285714285715,0.0460848079502273,1.86,2.01,0.0523560209424083,0.0510314800124458,8.648648648648633,0.1599999999999997,100.0,1.8914285373442987,1.8494049960059065,0.0420235413383924,0.0289813714233217,0.0130421699150707,0.0520179014279559,1.9626260657989287,1.730373934201071,0.2322521315978574,2.01
2024-07-15,MTNGH,2.01,1.39,2.01,2.01,2.01,2.01,0.0,3075.0,6180.75,1.838,2024,7,July,3,0,2.01,1.91,1.9,1.86,1.91,1.9,213860.0,394930.0,429169.1,754286.6,1.9342857142857144,1.8814285714285717,0.0519156825558327,1.9,2.01,0.0,0.0,8.064516129032242,0.1499999999999997,100.0,1.9096703008297915,1.8613009222276908,0.0483693786021004,0.0328589728590774,0.0155104057430229,0.0610483132586575,1.9918839657282112,1.7221160342717887,0.2697679314564225,2.01
2024-07-16,MTNGH,2.01,1.39,2.01,2.01,2.01,2.01,0.0,4369.0,8781.69,1.845,2024,7,July,3,1,2.01,1.91,1.9,1.9,2.01,1.91,3075.0,8309.0,6180.75,15870.19,1.95,1.8957142857142857,0.0562731433871133,1.9,2.01,0.0,0.0,5.78947368421052,0.1099999999999998,100.0,1.9251056391636692,1.8723156687293436,0.0527899704343259,0.0368451723741271,0.0159447980601987,0.0681656198104366,2.0157352326897016,1.719264767310299,0.2964704653794026,2.1
2024-07-17,MTNGH,2.1,1.39,2.01,2.01,2.1,2.1,0.09,751105.0,1577320.5,1.855,2024,7,July,3,2,2.01,2.01,1.91,1.9,2.01,1.91,4369.0,213860.0,8781.69,429169.1,1.9785714285714284,1.9164285714285716,0.0744823405084661,1.9,2.1,0.0447761194029852,0.043802622658393,10.526315789473696,0.2000000000000001,100.0,1.95201246390772,1.889181174749392,0.062831289158328,0.0420423957309673,0.0207888934273606,0.0819482595384576,2.0598340588299298,1.70516594117007,0.3546681176598598,2.1
2024-07-18,MTNGH,2.1,1.39,2.1,2.1,2.1,2.1,0.0,17796.0,37371.6,1.865,2024,7,July,3,3,2.1,2.01,1.91,1.9,2.01,2.01,751105.0,3075.0,1577320.5,6180.75,2.007142857142857,1.9371428571428573,0.0776132045711918,1.91,2.1,0.0,0.0,10.526315789473696,0.2000000000000001,100.0,1.9747797771526865,1.9047973840272148,0.0699823931254715,0.0476303952098681,0.0223519979156033,0.0926152590392084,2.095050792935688,1.6999492070643123,0.3951015858713753,2.2
2024-07-19,MTNGH,2.2,1.39,2.1,2.1,2.2,2.2,0.1,20741030.0,45626357.1,1.8783333333333332,2024,7,July,3,4,2.1,2.01,2.01,1.91,2.1,2.01,17796.0,4369.0,37371.6,8781.69,2.0485714285714285,1.965,0.0929925752284522,1.91,2.2,0.0476190476190476,0.0465200156348929,15.183246073298443,0.2900000000000002,100.0,2.009429042206119,1.9266642444696436,0.0827647977364756,0.0546572757151896,0.0281075220212859,0.1100809524484467,2.1511776907578923,1.6838223092421076,0.4673553815157847,2.23
2024-07-22,MTNGH,2.23,1.39,2.2,2.2,2.23,2.23,0.03,278733.0,621361.41,1.8926666666666667,2024,7,July,3,0,2.2,2.1,2.01,1.91,2.1,2.01,20741030.0,751105.0,45626357.1,1577320.5,2.0942857142857143,1.9921428571428568,0.0921696159004611,2.01,2.23,0.0136363636363634,0.013544225107757,16.753926701570684,0.32,100.0,2.04336303571287,1.9491335596941144,0.0942294760187556,0.0625717157759028,0.0316577602428527,0.1263256146612532,2.20416330618586,1.6738366938141402,0.5303266123717199,2.25
2024-07-23,MTNGH,2.25,1.39,2.23,2.23,2.25,2.25,0.02,1902.0,4279.5,1.9076666666666664,2024,7,July,3,1,2.23,2.1,2.01,2.01,2.2,2.1,278733.0,17796.0,621361.41,37371.6,2.128571428571429,2.020714285714285,0.0999047165100473,2.01,2.25,0.0089686098654708,0.0089286307443013,11.9402985074627,0.2400000000000002,100.0,2.0751533379108897,1.9714199626797355,0.1037333752311542,0.0708040476669531,0.032929327564201,0.1408271949964849,2.2521453798740905,1.67085462012591,0.5812907597481805,2.27
2024-07-24,MTNGH,2.27,1.39,2.25,2.25,2.28,2.27,0.02,47382.0,107639.88,1.9233333333333331,2024,7,July,3,2,2.25,2.2,2.1,2.01,2.23,2.1,1902.0,20741030.0,4279.5,45626357.1,2.165714285714286,2.05,0.0967569365053763,2.01,2.27,0.0088888888888889,0.0088496152769826,12.93532338308459,0.2600000000000002,100.0,2.1051297474630606,1.9935370024812369,0.1115927449818239,0.0789617871299273,0.0326309578518966,0.153966707850886,2.296672354553408,1.672327645446592,0.6243447091068159,2.32
2024-07-25,MTNGH,2.32,1.39,2.27,2.27,2.32,2.32,0.05,10394.0,24076.84,1.9406666666666663,2024,7,July,3,3,2.27,2.23,2.1,2.01,2.25,2.2,47382.0,278733.0,107639.88,621361.41,2.21,2.08,0.0836660026534124,2.1,2.32,0.0220264317180616,0.0217873541849072,15.422885572139307,0.31,100.0,2.1381867093918205,2.0177194467418857,0.1204672626499347,0.0872628822339287,0.033204380416006,0.1682144225505838,2.344664010613707,1.6753359893862925,0.6693280212274146,2.34
2024-07-26,MTNGH,2.34,1.39,2.32,2.32,2.34,2.34,0.02,626480.0,1466320.99,1.9586666666666663,2024,7,July,3,4,2.32,2.25,2.2,2.1,2.27,2.23,10394.0,1902.0,24076.84,4279.5,2.244285714285714,2.111428571428571,0.0801783725737333,2.1,2.34,0.0086206896551723,0.0085837436913914,11.428571428571416,0.2399999999999997,100.0,2.169234907946925,2.0415920803165606,0.1276428276303645,0.0953388713132159,0.0323039563171485,0.1810454950126382,2.3879945533755604,1.68500544662444,0.7029891067511205,2.34
2024-07-29,MTNGH,2.34,1.39,2.34,2.34,2.34,2.34,0.0,262584.0,614446.56,1.9766666666666668,2024,7,July,3,0,2.34,2.27,2.23,2.1,2.32,2.25,626480.0,47382.0,1466320.99,107639.88,2.2785714285714285,2.142857142857143,0.0558057856703659,2.2,2.34,0.0,0.0,11.428571428571416,0.2399999999999997,100.0,2.195506460570475,2.063696370663482,0.1318100899069931,0.1026331150319713,0.0291769748750217,0.1912812216270324,2.422420586353635,1.7035794136463642,0.718841172707271,2.34
2024-07-30,MTNGH,2.34,1.39,2.34,2.34,2.34,2.34,0.0,5750.0,13455.0,1.9946666666666664,2024,7,July,3,1,2.34,2.32,2.25,2.2,2.34,2.27,262584.0,10394.0,614446.56,24076.84,2.2985714285714285,2.1735714285714285,0.0474090608177408,2.23,2.34,0.0,0.0,6.363636363636349,0.1399999999999996,100.0,2.217736235867325,2.0841633061698905,0.1335729296974346,0.108821077965064,0.0247518517323705,0.1993218387490502,2.452545058502232,1.722454941497768,0.7300901170044636,2.34
2024-07-31,MTNGH,2.34,1.39,2.34,2.34,2.34,2.34,0.0,24916.0,58337.34,2.0126666666666666,2024,7,July,3,2,2.34,2.34,2.27,2.23,2.34,2.32,5750.0,626480.0,13455.0,1466320.99,2.314285714285714,2.204285714285714,0.0382348631736276,2.25,2.34,0.0,0.0,4.932735426008963,0.1099999999999998,100.0,2.2365460457338906,2.103114172379528,0.1334318733543624,0.1137432370429237,0.0196886363114387,0.2054252667757514,2.4757002814638707,1.7482997185361286,0.727400562927742,2.43
2024-08-01,MTNGH,2.43,1.39,2.34,2.34,2.4,2.43,0.09,61101.0,148630.11,2.0336666666666665,2024,8,August,3,3,2.34,2.34,2.32,2.25,2.34,2.34,24916.0,262584.0,58337.34,614446.56,2.34,2.2342857142857144,0.0472581562625408,2.27,2.43,0.0384615384615385,0.0377403279828471,8.000000000000007,0.1800000000000001,100.0,2.266308192544061,2.127327937388452,0.1389802551556092,0.1187906406654608,0.0201896144901483,0.2149175195973764,2.510334956077573,1.7706650439224263,0.7396699121551464,2.41
2024-08-02,MTNGH,2.43,1.39,2.43,2.43,2.4,2.41,-0.02,99518.0,240271.35,2.054,2024,8,August,3,4,2.43,2.34,2.34,2.27,2.34,2.34,61101.0,5750.0,148630.11,13455.0,2.36,2.262857142857143,0.0420317340430793,2.32,2.43,-0.008230452674897,-0.0082645098498934,6.167400881057274,0.1400000000000001,95.45454545454544,2.28841462446036,2.148266608693011,0.1401480157673482,0.1230621156858383,0.0170859000815099,0.2208229123544324,2.536342657832697,1.795657342167303,0.7406853156653941,2.35
2024-08-06,MTNGH,2.43,1.39,2.41,2.41,2.35,2.35,-0.06,64172.0,150804.2,2.0723333333333334,2024,8,August,3,1,2.41,2.34,2.34,2.32,2.43,2.34,99518.0,24916.0,240271.35,58337.34,2.364285714285714,2.2871428571428574,0.0386683086679467,2.34,2.43,-0.0248962655601659,-0.025211419346496,1.2931034482758728,0.0300000000000002,84.0,2.297889297620304,2.1632098228638994,0.1346794747564046,0.1253855874999515,0.009293887256453,0.2218368977321087,2.545226343589294,1.8317736564107057,0.713452687178588,2.3
2024-08-07,MTNGH,2.43,1.39,2.35,2.35,2.3,2.3,-0.05,33361.0,76742.3,2.089,2024,8,August,3,2,2.35,2.43,2.34,2.34,2.41,2.34,64172.0,61101.0,150804.2,148630.11,2.358571428571428,2.301428571428571,0.045250624831272,2.3,2.43,-0.0212765957446809,-0.0215062052209637,-1.7094017094017109,-0.04,71.73913043478257,2.298214021063334,2.173342428577685,0.1248715924856491,0.1252827884970911,-0.0004111960114419,0.2194405111437683,2.541162307041807,1.8758376929581928,0.6653246140836142,2.29
2024-08-08,MTNGH,2.43,1.39,2.3,2.3,2.27,2.29,-0.01,109032.0,249873.6,2.105,2024,8,August,3,3,2.3,2.41,2.34,2.34,2.35,2.43,33361.0,99518.0,76742.3,240271.35,2.3514285714285714,2.315,0.0520988072251867,2.29,2.43,-0.0043478260869563,-0.0043573053689555,-2.136752136752129,-0.0499999999999998,70.21276595744679,2.296950325515129,2.1819837301645237,0.1149665953506056,0.123219549867794,-0.0082529545171884,0.2158663379549318,2.5304590905161595,1.9245409094838408,0.6059181810323189,2.29
2024-08-09,MTNGH,2.43,1.39,2.29,2.29,2.29,2.29,0.0,71625.0,164021.25,2.121,2024,8,August,3,4,2.29,2.35,2.43,2.34,2.3,2.41,109032.0,64172.0,249873.6,150804.2,2.3442857142857143,2.321428571428572,0.0571130874835723,2.29,2.43,0.0,0.0,-2.136752136752129,-0.0499999999999998,62.16216216216214,2.2958810446666478,2.1899849353375216,0.1058961093291257,0.1197548617600603,-0.0138587524309346,0.2109804697612876,2.5108183885513444,1.982181611448656,0.5286367771026887,2.29
2024-08-12,MTNGH,2.43,1.39,2.29,2.29,2.29,2.29,0.0,44142.0,101085.18,2.137,2024,8,August,3,0,2.29,2.3,2.41,2.34,2.29,2.35,71625.0,33361.0,164021.25,76742.3,2.337142857142857,2.325714285714286,0.060749289629407,2.29,2.43,0.0,0.0,-2.136752136752129,-0.0499999999999998,58.82352941176471,2.294976268564086,2.1973934586458537,0.0975828099182325,0.1153204513916948,-0.0177376414734622,0.2046889987441938,2.50062935110732,2.0203706488926803,0.4802587022146394,2.29
2024-08-13,MTNGH,2.43,1.39,2.29,2.29,2.29,2.29,0.0,14273.0,32685.17,2.153,2024,8,August,3,1,2.29,2.29,2.35,2.43,2.29,2.3,44142.0,109032.0,101085.18,249873.6,2.317142857142857,2.3285714285714287,0.0464450520200393,2.29,2.41,0.0,0.0,-5.761316872427988,-0.1400000000000001,56.25,2.294210688784996,2.204253202449865,0.0899574863351313,0.1102478583803821,-0.0202903720452507,0.1968572036291629,2.4838071276480465,2.065192872351953,0.4186142552960934,2.29
2024-08-14,MTNGH,2.43,1.39,2.29,2.29,2.29,2.29,0.0,7971.0,18253.59,2.167666666666667,2024,8,August,3,2,2.29,2.29,2.3,2.41,2.29,2.29,14273.0,71625.0,32685.17,164021.25,2.3000000000000003,2.33,0.0223606797750253,2.29,2.35,0.0,0.0,-4.979253112033199,-0.1200000000000001,53.33333333333333,2.293562890510381,2.210604817083208,0.0829580734271733,0.1047899013897403,-0.021831827962567,0.1897672500601893,2.45674480910132,2.12025519089868,0.3364896182026404,2.29
2024-08-15,MTNGH,2.43,1.39,2.29,2.29,2.29,2.29,0.0,16908432.0,29934327.4,2.182333333333333,2024,8,August,3,3,2.29,2.29,2.29,2.35,2.29,2.29,7971.0,44142.0,18253.59,101085.18,2.291428571428572,2.3278571428571424,0.0037796447302494,2.29,2.3,0.0,0.0,-2.5531914893617045,-0.06,44.00000000000005,2.2930147535087846,2.2164859417437115,0.076528811765073,0.0991376834648069,-0.0226088716997338,0.1811778195554156,2.440990614340733,2.155009385659267,0.2859812286814662,2.27
2024-08-16,MTNGH,2.43,1.39,2.29,2.29,2.24,2.27,-0.02,49300.0,111972.84,2.196,2024,8,August,3,4,2.29,2.29,2.29,2.3,2.29,2.29,16908432.0,14273.0,29934327.4,32685.17,2.287142857142857,2.3228571428571425,0.0075592894602618,2.27,2.29,-0.0087336244541484,-0.0087719860728369,-1.304347826086948,-0.0299999999999998,36.00000000000006,2.289474022199741,2.220449946058992,0.069024076140749,0.0931149619999953,-0.0240908858592463,0.1712147270494711,2.416289271837432,2.196710728162568,0.2195785436748636,2.24
2024-08-19,MTNGH,2.43,1.39,2.27,2.27,2.24,2.24,-0.03,21551.0,48246.24,2.207333333333333,2024,8,August,3,0,2.27,2.29,2.29,2.29,2.29,2.29,49300.0,7971.0,111972.84,18253.59,2.28,2.315714285714286,0.0191485421551563,2.24,2.29,-0.0132158590308368,-0.0133039656263627,-2.18340611353711,-0.0499999999999998,32.142857142857224,2.281862634169012,2.2218980982027703,0.0599645359662415,0.0864848767932445,-0.026520340827003,0.161947912727475,2.4113591269653174,2.2056408730346826,0.2057182539306348,2.2
2024-08-20,MTNGH,2.43,1.39,2.24,2.24,2.2,2.2,-0.04,19638.0,43322.84,2.217333333333334,2024,8,August,3,1,2.24,2.29,2.29,2.29,2.27,2.29,21551.0,16908432.0,48246.24,29934327.4,2.2671428571428573,2.3057142857142856,0.034982989063409,2.2,2.29,-0.0178571428571429,-0.0180185055026783,-3.9301310043668063,-0.0899999999999998,28.12500000000007,2.2692683827583946,2.220276016854417,0.0489923659039774,0.0789863746153911,-0.0299940087114136,0.1512233637607983,2.415404699840162,2.198595300159838,0.2168093996803239,2.2
2024-08-21,MTNGH,2.43,1.39,2.2,2.2,2.2,2.2,0.0,42728.0,93991.6,2.227333333333333,2024,8,August,3,2,2.2,2.27,2.29,2.29,2.24,2.29,19638.0,49300.0,43322.84,111972.84,2.2542857142857144,2.295714285714286,0.0411732691832832,2.2,2.29,0.0,0.0,-3.9301310043668063,-0.0899999999999998,28.12500000000007,2.2586117084878725,2.218774089680016,0.0398376188078568,0.0711566234538843,-0.0313190046460274,0.138935195345713,2.420480942173425,2.1885190578265745,0.2319618843468509,2.2
2024-08-22,MTNGH,2.43,1.39,2.2,2.2,2.2,2.2,0.0,61322.0,134908.4,2.237,2024,8,August,3,3,2.2,2.24,2.29,2.29,2.2,2.27,42728.0,21551.0,93991.6,48246.24,2.2414285714285715,2.2792857142857144,0.0422013315068768,2.2,2.29,0.0,0.0,-3.9301310043668063,-0.0899999999999998,0.0,2.249594522566661,2.2173834163703847,0.0322111061962764,0.0633675200023627,-0.0311564138060863,0.1255374652142464,2.425291677326756,2.1767083226732447,0.248583354653511,2.2
2024-08-23,MTNGH,2.43,1.39,2.2,2.2,2.2,2.2,0.0,1465061.0,3223134.2,2.246666666666667,2024,8,August,3,4,2.2,2.2,2.27,2.29,2.2,2.24,61322.0,19638.0,134908.4,43322.84,2.2285714285714286,2.2642857142857142,0.0384831441147062,2.2,2.29,0.0,0.0,-3.9301310043668063,-0.0899999999999998,0.0,2.241964596017944,2.2160957558985044,0.0258688401194397,0.0558677840257781,-0.0299989439063383,0.1096493889894124,2.426789305532346,2.163210694467654,0.263578611064692,2.2
2024-08-26,MTNGH,2.43,1.39,2.2,2.2,2.2,2.2,0.0,29805.0,65571.0,2.253,2024,8,August,3,0,2.2,2.2,2.24,2.29,2.2,2.2,1465061.0,42728.0,3223134.2,93991.6,2.2157142857142857,2.253571428571429,0.0281999662276199,2.2,2.27,0.0,0.0,-3.9301310043668063,-0.0899999999999998,0.0,2.235508504322876,2.2149034776838006,0.0206050266390751,0.0488152325484375,-0.0282102059093624,0.1006239157148909,2.424512964489642,2.1514870355103577,0.2730259289792842,2.2
2024-08-27,MTNGH,2.43,1.39,2.2,2.2,2.2,2.2,0.0,10671.0,23476.2,2.259333333333333,2024,8,August,3,1,2.2,2.2,2.2,2.27,2.2,2.2,29805.0,61322.0,65571.0,134908.4,2.205714285714286,2.2464285714285714,0.0151185789203945,2.2,2.24,0.0,0.0,-3.0837004405286272,-0.0699999999999998,0.0,2.230045657503972,2.2137995163738893,0.0162461411300824,0.0423014142647665,-0.026055273134684,0.0902461512536481,2.4206084750860604,2.14139152491394,0.2792169501721204,2.2
2024-08-28,MTNGH,2.43,1.39,2.2,2.2,2.2,2.2,0.0,14262.0,31376.4,2.2656666666666667,2024,8,August,3,2,2.2,2.2,2.2,2.24,2.2,2.2,10671.0,1465061.0,23476.2,3223134.2,2.2,2.24,0.0,2.2,2.2,0.0,0.0,-1.785714285714287,-0.04,0.0,2.225423248657207,2.2127773299758235,0.0126459186813834,0.0363703151480899,-0.0237243964667064,0.0779780399384856,2.4151829719867544,2.1328170280132457,0.2823659439735086,2.2
2024-08-29,MTNGH,2.43,1.39,2.2,2.2,2.2,2.2,0.0,44278.0,97411.6,2.269,2024,8,August,3,3,2.2,2.2,2.2,2.2,2.2,2.2,14262.0,29805.0,31376.4,65571.0,2.2,2.2335714285714285,0.0,2.2,2.2,0.0,0.0,0.0,0.0,0.0,2.2215119796330214,2.2118308610887256,0.0096811185442957,0.031032475827331,-0.0213513572830353,0.072604265097508,2.40828731458706,2.1257126854129407,0.2825746291741193,2.2
2024-08-30,MTNGH,2.43,1.39,2.2,2.2,2.2,2.2,0.0,1129614.0,2485150.8,2.272333333333333,2024,8,August,3,4,2.2,2.2,2.2,2.2,2.2,2.2,44278.0,10671.0,97411.6,23476.2,2.2,2.2271428571428573,0.0,2.2,2.2,0.0,0.0,0.0,0.0,0.0,2.218202444304864,2.210954501008079,0.0072479432967851,0.0262755693212219,-0.0190276260244367,0.0666272872200516,2.3769777432508827,2.1340222567491174,0.2429554865017653,2.19
2024-09-02,MTNGH,2.43,1.39,2.2,2.2,2.19,2.19,-0.01,1191021.0,2608335.99,2.272,2024,9,September,3,0,2.2,2.2,2.2,2.2,2.2,2.2,1129614.0,14262.0,2485150.8,31376.4,2.198571428571429,2.22,0.0037796447301905,2.19,2.2,-0.0045454545454546,-0.0045558165358608,-0.454545454545465,-0.0100000000000002,0.0,2.2138636067195008,2.2094023157482217,0.0044612909712791,0.0219127136512333,-0.0174514226799542,0.0670254712263021,2.345124366621402,2.143875633378598,0.2012487332428039,2.19
2024-09-03,MTNGH,2.43,1.39,2.19,2.19,2.19,2.19,0.0,1322831.0,2896999.89,2.270666666666666,2024,9,September,3,1,2.19,2.2,2.2,2.2,2.2,2.2,1191021.0,44278.0,2608335.99,97411.6,2.197142857142857,2.212857142857143,0.0048795003648183,2.19,2.2,0.0,0.0,-0.454545454545465,-0.0100000000000002,0.0,2.2101922826088085,2.2079651071742794,0.0022271754345291,0.0179756060078924,-0.0157484305733633,0.0682759781724634,2.326710280660828,2.146289719339173,0.1804205613216547,2.19
2024-09-04,MTNGH,2.43,1.39,2.19,2.19,2.19,2.19,0.0,62545.0,136973.55,2.268666666666667,2024,9,September,3,2,2.19,2.2,2.2,2.2,2.19,2.2,1322831.0,1129614.0,2896999.89,2485150.8,2.1957142857142857,2.205714285714286,0.005345224838317,2.19,2.2,0.0,0.0,-0.454545454545465,-0.0100000000000002,0.0,2.2070857775920687,2.206634358494703,0.0004514190973656,0.0144707686257871,-0.0140193495284214,0.06976479367694,2.3182745215130165,2.1437254784869832,0.1745490430260332,2.19
2024-09-05,MTNGH,2.43,1.39,2.19,2.19,2.19,2.19,0.0,7411.0,16230.09,2.266,2024,9,September,3,3,2.19,2.19,2.2,2.2,2.19,2.2,62545.0,1191021.0,136973.55,2608335.99,2.1942857142857144,2.2,0.0053452248383166,2.19,2.2,0.0,0.0,-0.454545454545465,-0.0100000000000002,0.0,2.204457196424058,2.205402183791392,-0.0009449873673337,0.0113876174271629,-0.0123326047944966,0.0712257218164916,2.3104549085548607,2.1415450914451397,0.1689098171097214,2.18
2024-09-06,MTNGH,2.43,1.39,2.19,2.19,2.17,2.18,-0.01,23068.0,50266.96,2.2613333333333334,2024,9,September,3,4,2.19,2.19,2.2,2.2,2.19,2.19,7411.0,1322831.0,16230.09,2896999.89,2.1914285714285717,2.1957142857142857,0.0069006555934757,2.18,2.2,-0.004566210045662,-0.0045766670274117,-0.9090909090909096,-0.02,0.0,2.200694550820357,2.203520540547585,-0.0028259897272282,0.0085448959962847,-0.0113708857235129,0.0721460842407177,2.3016690892686,2.139330910731401,0.1623381785371984,2.18
2024-09-09,MTNGH,2.43,1.39,2.18,2.18,2.18,2.18,0.0,1026773.0,2238365.14,2.256,2024,9,September,3,0,2.18,2.19,2.19,2.2,2.19,2.19,23068.0,62545.0,50266.96,136973.55,2.1885714285714286,2.1942857142857144,0.0069006555934751,2.18,2.2,0.0,0.0,-0.9090909090909096,-0.02,0.0,2.197510773771071,2.201778278284801,-0.0042675045137299,0.0059824158942817,-0.0102499204080117,0.0720440478290231,2.2910885910256757,2.1389114089743253,0.15217718205135,2.18
2024-09-10,MTNGH,2.43,1.39,2.18,2.18,2.18,2.18,0.0,1176061.0,2563812.98,2.2506666666666666,2024,9,September,3,1,2.18,2.19,2.19,2.2,2.18,2.19,1026773.0,7411.0,2238365.14,16230.09,2.185714285714286,2.192857142857143,0.0053452248383141,2.18,2.19,0.0,0.0,-0.9090909090909096,-0.02,0.0,2.194816808575522,2.2001650724859267,-0.0053482639104047,0.0037162799333444,-0.0090645438437492,0.0715316825553527,2.278317072545596,2.1406829274544044,0.1376341450911917,2.2
2024-09-11,MTNGH,2.43,1.39,2.18,2.18,2.2,2.2,0.02,382854.0,842278.8,2.246,2024,9,September,3,2,2.18,2.18,2.19,2.19,2.18,2.19,1176061.0,23068.0,2563812.98,50266.96,2.187142857142857,2.192857142857143,0.0075592894602313,2.18,2.2,0.0091743119266054,0.0091324835632724,0.4566210045662206,0.0100000000000002,50.0,2.195614222640826,2.200152844894377,-0.0045386222535506,0.0020652994959654,-0.006603921749516,0.0700541662351418,2.2624914181244136,2.1475085818755875,0.1149828362488261,2.2
2024-09-12,MTNGH,2.43,1.39,2.2,2.2,2.2,2.2,0.0,9759.0,21469.8,2.241333333333334,2024,9,September,3,3,2.2,2.18,2.19,2.19,2.18,2.18,382854.0,1026773.0,842278.8,2238365.14,2.1885714285714286,2.192857142857143,0.0089973541084639,2.18,2.2,0.0,0.0,0.4566210045662206,0.0100000000000002,50.0,2.1962889576191604,2.2001415230503487,-0.0038525654311882,0.0008817265105347,-0.0047342919417229,0.0682153452922263,2.241782084811415,2.159217915188585,0.08256416962283,2.2
2024-09-13,MTNGH,2.43,1.39,2.2,2.2,2.2,2.2,0.0,93231.0,205108.2,2.2336666666666667,2024,9,September,3,4,2.2,2.18,2.18,2.19,2.2,2.18,9759.0,1176061.0,21469.8,2563812.98,2.1900000000000004,2.1928571428571426,0.0100000000000358,2.18,2.2,0.0,0.0,0.4566210045662206,0.0100000000000002,50.0,2.196859887216213,2.200131039861434,-0.0032711526452211,5.115067938353936e-05,-0.0033223033246046,0.0585151517857558,2.2222148661258614,2.1717851338741387,0.0504297322517226,2.3
2024-09-16,MTNGH,2.43,1.39,2.2,2.2,2.3,2.3,0.1,5184084.0,11919633.7,2.23,2024,9,September,3,0,2.2,2.2,2.18,2.19,2.2,2.18,93231.0,382854.0,205108.2,842278.8,2.205714285714286,2.2,0.0427617987059967,2.18,2.3,0.0454545454545451,0.0444517625708335,5.022831050228305,0.1099999999999998,85.71428571428567,2.212727596875257,2.207528740612439,0.005198856262818,0.0010806917960704,0.0041181644667475,0.0498964444867375,2.2494176614503254,2.150582338549675,0.0988353229006504,2.3
2024-09-17,MTNGH,2.43,1.39,2.3,2.3,2.3,2.3,0.0,90789.0,208814.7,2.228333333333333,2024,9,September,3,1,2.3,2.2,2.18,2.18,2.2,2.2,5184084.0,9759.0,11919633.7,21469.8,2.2228571428571438,2.2071428571428573,0.0534522483824923,2.18,2.3,0.0,0.0,5.504587155963288,0.1199999999999996,85.71428571428567,2.2261541204329096,2.214378463530036,0.0117756569028735,0.003219684817431,0.0085559720854424,0.0464671432552414,2.271649120498468,2.1383508795015325,0.1332982409969352,2.25
2024-09-18,MTNGH,2.43,1.39,2.3,2.3,2.25,2.25,-0.05,40921.0,92430.25,2.2266666666666666,2024,9,September,3,2,2.3,2.2,2.2,2.18,2.3,2.2,90789.0,93231.0,208814.7,205108.2,2.2328571428571427,2.210714285714286,0.0505682000583735,2.18,2.3,-0.0217391304347824,-0.0219789067187751,3.21100917431192,0.0699999999999998,63.157894736842096,2.229822717289385,2.2170170958611446,0.0128056214282405,0.0051368721395929,0.0076687492886476,0.044669926112037,2.277047409048251,2.13795259095175,0.1390948180965008,2.2
2024-09-19,MTNGH,2.43,1.39,2.25,2.25,2.2,2.2,-0.05,255132.0,561304.3,2.223666666666667,2024,9,September,3,3,2.25,2.3,2.2,2.18,2.3,2.2,40921.0,5184084.0,92430.25,11919633.7,2.2357142857142858,2.210714285714286,0.0475594865605758,2.2,2.3,-0.0222222222222221,-0.0224728558520585,0.9174311926605512,0.02,50.0,2.225234606937172,2.2157565702418007,0.0094780366953712,0.0060051050507486,0.0034729316446226,0.0432700687609689,2.2770474090482504,2.1379525909517496,0.1390948180965008,2.2
2024-09-20,MTNGH,2.43,1.39,2.2,2.2,2.2,2.2,0.0,90360.0,198792.0,2.220666666666667,2024,9,September,3,4,2.2,2.3,2.2,2.2,2.25,2.3,255132.0,90789.0,561304.3,208814.7,2.2357142857142853,2.2114285714285717,0.0475594865605758,2.2,2.3,0.0,0.0,0.0,0.0,52.17391304347832,2.2213523597160685,2.2145894168905564,0.006762942825512,0.0061566726057013,0.0006062702198107,0.0416001768343349,2.277047409048251,2.13795259095175,0.1390948180965008,2.2
2024-09-24,MTNGH,2.43,1.39,2.2,2.2,2.2,2.2,0.0,28549.0,62807.8,2.217666666666667,2024,9,September,3,1,2.2,2.25,2.3,2.2,2.2,2.3,90360.0,40921.0,198792.0,92430.25,2.2357142857142858,2.212142857142857,0.0475594865605758,2.2,2.3,0.0,0.0,0.0,0.0,52.17391304347832,2.218067381298212,2.213508719343108,0.0045586619551039,0.0058370704755818,-0.0012784085204779,0.0396261262939202,2.2770474090482504,2.1379525909517496,0.1390948180965008,4.12
2024-09-24,MTNGH,4.12,2.5,4.1,4.1,4.12,4.12,0.02,109367.0,450056.71,2.2786666666666666,2024,9,September,3,1,2.2,2.2,2.3,2.2,2.2,2.25,28549.0,255132.0,62807.8,561304.3,2.51,2.3500000000000005,0.7113601994301726,2.2,4.12,0.8727272727272726,0.6273958029971648,87.27272727272725,1.92,94.88372093023258,2.510672399560025,2.354730295688063,0.1559421038719626,0.0358580771548579,0.1200840267171046,0.3497559083165047,3.161435711000885,1.4455642889991152,1.7158714220017697,2.2
2024-09-25,MTNGH,2.43,1.39,2.2,2.2,2.2,2.2,0.0,265056095.0,514295298.74,2.2756666666666665,2024,9,September,3,2,4.12,2.2,2.25,2.3,4.1,2.2,109367.0,90360.0,450056.71,198792.0,2.4957142857142856,2.350714285714286,0.7172599980215725,2.2,4.12,-0.4660194174757281,-0.6273958029971649,-4.347826086956506,-0.0999999999999996,50.12285012285013,2.4628766457815603,2.343268792303762,0.1196078534777984,0.052608032419446,0.0669998210583523,0.3500412126803315,3.161435711000885,1.4455642889991152,1.7158714220017697,2.19
2024-09-26,MTNGH,2.43,1.39,2.2,2.2,2.19,2.19,-0.01,1313125.0,2875919.18,2.272333333333333,2024,9,September,3,3,2.2,2.2,2.2,2.3,2.2,2.2,265056095.0,28549.0,514295298.74,62807.8,2.48,2.3514285714285714,0.7234408522240557,2.19,4.12,-0.0045454545454546,-0.0045558165358608,-4.782608695652169,-0.1099999999999998,50.12285012285013,2.420895623353628,2.331915548429409,0.0889800749242191,0.0598824409204006,0.0290976340038184,0.3503759885228121,3.161201301376477,1.4447986986235233,1.7164026027529535,2.19
2024-09-27,MTNGH,2.43,1.39,2.19,2.19,2.19,2.19,0.0,118362.0,259182.78,2.2696666666666667,2024,9,September,3,4,2.19,4.12,2.2,2.25,2.2,4.1,1313125.0,109367.0,2875919.18,450056.71,2.4714285714285715,2.3521428571428573,0.7269669541189295,2.19,4.12,0.0,0.0,-2.6666666666666687,-0.06,50.12285012285013,2.385373219760762,2.321403285582786,0.063969934177976,0.0606999395719157,0.0032699946060602,0.3506986458911546,3.1609655834072816,1.444034416592718,1.7169311668145637,2.18
2024-09-30,MTNGH,2.43,1.39,2.19,2.19,2.18,2.18,-0.01,69321.0,151370.25,2.2676666666666665,2024,9,September,3,0,2.19,2.2,2.2,2.2,2.19,2.2,118362.0,265056095.0,259182.78,514295298.74,2.468571428571429,2.3521428571428573,0.7282496955355495,2.18,4.12,-0.004566210045662,-0.0045766670274117,-0.9090909090909096,-0.02,50.0,2.353777339797568,2.310928968132209,0.0428483716653587,0.0571296259906043,-0.0142812543252456,0.3510445824259066,3.160753074000513,1.4432469259994871,1.717506148001026,2.18
2024-10-01,MTNGH,2.43,1.39,2.18,2.18,2.18,2.18,0.0,48555.0,105849.9,2.267,2024,10,October,4,1,2.18,2.19,4.12,2.2,2.19,2.2,69321.0,1313125.0,151370.25,2875919.18,2.4657142857142857,2.350714285714285,0.7295171266634112,2.18,4.12,0.0,0.0,-0.9090909090909096,-0.02,49.75369458128079,2.327042364444096,2.301230526048342,0.0258118383957537,0.0508660684716342,-0.0250542300758805,0.3511964770854711,3.1605392430225168,1.442460756977483,1.7180784860450338,2.18
2024-10-02,MTNGH,2.43,1.39,2.18,2.18,2.18,2.18,0.0,36840.0,80311.2,2.2663333333333338,2024,10,October,4,2,2.18,2.19,2.2,2.2,2.18,2.19,48555.0,118362.0,105849.9,259182.78,2.462857142857143,2.349285714285714,0.7307693271640586,2.18,4.12,0.0,0.0,-0.9090909090909096,-0.02,49.75369458128079,2.3044204622219278,2.292250487081798,0.0121699751401291,0.0431268498053332,-0.030956874665204,0.3513469974877863,3.1603240917936084,1.441675908206392,1.7186481835872165,2.17
2024-10-03,MTNGH,2.43,1.39,2.18,2.18,2.17,2.17,-0.01,2613196.0,5670636.37,2.2653333333333334,2024,10,October,4,3,2.18,2.18,2.19,4.12,2.18,2.19,36840.0,69321.0,80311.2,151370.25,2.184285714285714,2.347142857142857,0.0097590007295111,2.17,2.2,-0.0045871559633028,-0.0045977092486295,-47.33009708737864,-1.95,49.631449631449634,2.2837403911108614,2.2831948954461097,0.0005454956647517,0.0346105789772169,-0.0340650833124652,0.3515849172290997,3.159914316417057,1.4400856835829423,1.7198286328341146,2.17
2024-10-04,MTNGH,2.43,1.39,2.17,2.17,2.17,2.17,0.0,1399743.0,3037442.31,2.264333333333333,2024,10,October,4,4,2.17,2.18,2.19,2.2,2.18,2.18,2613196.0,48555.0,5670636.37,105849.9,2.18,2.337857142857143,0.0081649658093071,2.17,2.19,0.0,0.0,-1.3636363636363749,-0.0300000000000002,48.36272040302268,2.266241869401498,2.2748100883760274,-0.0085682189745295,0.0259748193868676,-0.0345430383613971,0.3518197357124611,3.159719678185119,1.439280321814881,1.720439356370238,2.16
2024-10-07,MTNGH,2.43,1.39,2.17,2.17,2.15,2.16,-0.01,19134.0,41340.78,2.263,2024,10,October,4,0,2.17,2.18,2.18,2.19,2.17,2.18,1399743.0,36840.0,3037442.31,80311.2,2.1757142857142857,2.3278571428571437,0.0097590007295094,2.16,2.19,-0.0046082949308754,-0.0046189458562944,-1.3698630136986212,-0.0299999999999998,48.24120603015077,2.249896966416652,2.266305637385211,-0.0164086709685586,0.0174981213157823,-0.033906792284341,0.3521475983653547,3.1593508642769565,1.4376491357230432,1.7217017285539131,2.16
2024-10-08,MTNGH,2.43,1.39,2.16,2.16,2.16,2.16,0.0,185277.0,400198.32,2.2616666666666663,2024,10,October,4,1,2.16,2.17,2.18,2.19,2.17,2.18,19134.0,2613196.0,41340.78,5670636.37,2.1714285714285717,2.321428571428572,0.0089973541084495,2.16,2.18,0.0,0.0,-1.3698630136986212,-0.0299999999999998,48.85496183206107,2.2360666638910134,2.258431145727047,-0.0223644818360337,0.0095256006854191,-0.0318900825214529,0.3524699383937142,3.158976700360042,1.436023299639959,1.7229534007200833,2.16
2024-10-09,MTNGH,2.43,1.39,2.16,2.16,2.16,2.16,0.0,13692.0,29574.72,2.260333333333333,2024,10,October,4,2,2.16,2.17,2.18,2.18,2.16,2.17,185277.0,1399743.0,400198.32,3037442.31,2.1685714285714286,2.3185714285714285,0.0089973541084487,2.16,2.18,0.0,0.0,-0.9174311926605512,-0.02,49.48453608247423,2.224364100215473,2.251139949747266,-0.0267758495317931,0.0022653106419766,-0.0290411601737698,0.352786770935548,3.158114752091791,1.432885247908208,1.7252295041835828,2.15
2024-10-10,MTNGH,2.43,1.39,2.16,2.16,2.15,2.15,-0.01,221647.0,476541.57,2.258666666666667,2024,10,October,4,3,2.16,2.16,2.17,2.18,2.16,2.17,13692.0,19134.0,29574.72,41340.78,2.164285714285714,2.3150000000000004,0.0097590007295069,2.15,2.18,-0.0046296296296297,-0.0046403795565023,-1.376146788990837,-0.0300000000000002,49.3573264781491,2.2129234694130924,2.243648101617839,-0.0307246322047465,-0.0043326779273679,-0.0263919542773785,0.3531994975328753,3.157068710718177,1.4289312892818231,1.7281374214363536,2.15
2024-10-11,MTNGH,2.43,1.39,2.15,2.16,2.15,2.15,0.0,15836.0,34047.4,2.257,2024,10,October,4,4,2.15,2.16,2.17,2.18,2.16,2.16,221647.0,185277.0,476541.57,400198.32,2.16,2.3114285714285714,0.0081649658093021,2.15,2.17,0.0,0.0,-1.376146788990837,-0.0300000000000002,49.3573264781491,2.203242935657232,2.236711205201703,-0.0334682695444708,-0.0101597962507885,-0.0233084732936822,0.3536036159902549,3.155989821765117,1.4250101782348832,1.730979643530234,2.15
2024-10-14,MTNGH,2.43,1.39,2.15,2.15,2.15,2.15,0.0,39814.0,85600.1,2.255666666666667,2024,10,October,4,0,2.15,2.16,2.16,2.17,2.16,2.16,15836.0,13692.0,34047.4,29574.72,2.157142857142857,2.170714285714286,0.0075592894602107,2.15,2.17,0.0,0.0,-0.921658986175116,-0.02,0.0,2.1950517147868887,2.23028815296454,-0.0352364381776513,-0.015175124636161,-0.0200613135414902,0.3539402183433296,3.1507399561959875,1.4152600438040133,1.7354799123919742,2.15
2024-10-15,MTNGH,2.43,1.39,2.15,2.15,2.15,2.15,0.0,49094.0,105552.1,2.2543333333333337,2024,10,October,4,1,2.15,2.15,2.16,2.17,2.15,2.16,39814.0,221647.0,85600.1,476541.57,2.1542857142857144,2.1671428571428573,0.0053452248382847,2.15,2.16,0.0,0.0,-0.921658986175116,-0.02,0.0,2.188120681742752,2.224340882374574,-0.0362202006318219,-0.0193841398352932,-0.0168360607965287,0.3542713097606756,3.145211991045592,1.4057880089544086,1.739423982091183,2.15
2024-10-16,MTNGH,2.43,1.39,2.15,2.15,2.15,2.15,0.0,1116921.0,2401518.76,2.253,2024,10,October,4,2,2.15,2.15,2.16,2.16,2.15,2.16,49094.0,15836.0,105552.1,34047.4,2.152857142857143,2.164285714285714,0.0048795003647819,2.15,2.16,0.0,0.0,-0.4629629629629736,-0.0100000000000002,0.0,2.1822559614746364,2.218834150346828,-0.0365781888721916,-0.0228229496426729,-0.0137552392295187,0.3545969056791749,3.141977269685797,1.399022730314202,1.7429545393715955,2.15
2024-10-17,MTNGH,2.43,1.39,2.15,2.15,2.15,2.15,0.0,96344.0,207139.6,2.2516666666666665,2024,10,October,4,3,2.15,2.15,2.15,2.16,2.15,2.15,1116921.0,39814.0,2401518.76,85600.1,2.151428571428572,2.1614285714285715,0.0037796447301424,2.15,2.16,0.0,0.0,-0.4629629629629736,-0.0100000000000002,0.0,2.1772935058631537,2.213735324395212,-0.0364418185320576,-0.0255467234205498,-0.0108950951115077,0.3549170212233097,3.140614944924351,1.3953850550756486,1.7452298898487024,2.15
2024-10-18,MTNGH,2.43,1.39,2.15,2.15,2.15,2.15,0.0,4652.0,10001.8,2.250666666666667,2024,10,October,4,4,2.15,2.15,2.15,2.16,2.15,2.15,96344.0,49094.0,207139.6,105552.1,2.15,2.1592857142857143,0.0,2.15,2.15,0.0,0.0,-0.4629629629629736,-0.0100000000000002,0.0,2.17309450496113,2.2090141892548254,-0.0359196842936953,-0.0276213155951789,-0.0082983686985163,0.3551680838928186,3.139221020150424,1.391778979849577,1.7474420403008466,2.16
2024-10-21,MTNGH,2.43,1.39,2.15,2.15,2.16,2.16,0.01,7004.0,15093.83,2.25,2024,10,October,4,0,2.15,2.15,2.15,2.15,2.15,2.15,4652.0,1116921.0,10001.8,2401518.76,2.1514285714285712,2.157857142857143,0.0037796447301424,2.15,2.16,0.0046511627906977,0.0046403795565023,0.4651162790697782,0.0100000000000002,25.000000000000284,2.171079965736341,2.205383508569283,-0.0343035428329421,-0.0289577610427315,-0.0053457817902105,0.355324038609545,3.138035064447066,1.3889649355529343,1.7490701288941315,2.16
2024-10-22,MTNGH,2.43,1.39,2.16,2.16,2.16,2.16,0.0,72491.0,156580.56,2.2493333333333334,2024,10,October,4,1,2.16,2.15,2.15,2.15,2.15,2.15,7004.0,96344.0,15093.83,207139.6,2.152857142857143,2.156428571428572,0.0048795003647819,2.15,2.16,0.0,0.0,0.4651162790697782,0.0100000000000002,25.000000000000284,2.1693753556230577,2.2020217671937807,-0.032646411570723,-0.0296954911483298,-0.0029509204223931,0.3554786315255372,2.1976018117222047,2.133398188277796,0.064203623444409,2.16
2024-10-23,MTNGH,2.43,1.39,2.16,2.16,2.16,2.16,0.0,17032.0,36789.12,2.248,2024,10,October,4,2,2.16,2.15,2.15,2.15,2.16,2.15,72491.0,4652.0,156580.56,10001.8,2.1542857142857144,2.1557142857142857,0.0053452248382847,2.15,2.16,0.0,0.0,0.4651162790697782,0.0100000000000002,33.333333333333826,2.16793299321951,2.1989090436979453,-0.0309760504784351,-0.0299516030143509,-0.0010244474640841,0.3557449687045834,2.191239388678714,2.135760611321286,0.0554787773574281,2.16
2024-10-24,MTNGH,2.43,1.39,2.16,2.16,2.16,2.16,0.0,43052.0,92992.32,2.246666666666667,2024,10,October,4,3,2.16,2.16,2.15,2.15,2.16,2.15,17032.0,7004.0,36789.12,15093.83,2.1557142857142857,2.155,0.0053452248382851,2.15,2.16,0.0,0.0,0.4651162790697782,0.0100000000000002,33.333333333333826,2.1667125327242007,2.1960268923129123,-0.0293143595887115,-0.029824154329223,0.0005097947405115,0.3560059408002369,2.186793887193488,2.137206112806512,0.0495877743869757,2.16
2024-10-25,MTNGH,2.43,1.39,2.16,2.16,2.16,2.16,0.0,61858.0,133613.28,2.2453333333333334,2024,10,October,4,4,2.16,2.16,2.15,2.15,2.16,2.16,43052.0,72491.0,92992.32,156580.56,2.157142857142857,2.155,0.0048795003647833,2.15,2.16,0.0,0.0,0.4651162790697782,0.0100000000000002,50.0,2.165679835382016,2.193358233623067,-0.0276783982410511,-0.0293950031115886,0.0017166048705375,0.3562615596027433,2.181501253096827,2.1394987469031728,0.0420025061936542,2.16
2024-10-28,MTNGH,2.43,1.39,2.16,2.16,2.16,2.16,0.0,125607.0,271311.12,2.240666666666667,2024,10,October,4,0,2.16,2.16,2.16,2.15,2.16,2.16,61858.0,17032.0,133613.28,36789.12,2.1585714285714284,2.155,0.0037796447301454,2.15,2.16,0.0,0.0,0.4651162790697782,0.0100000000000002,50.0,2.1648060145540136,2.190887253354692,-0.0260812388006783,-0.0287322502494066,0.0026510114487282,0.3564376749053869,2.178390264829301,2.140609735170699,0.037780529658602,2.11
2024-10-29,MTNGH,2.43,1.39,2.16,2.16,2.16,2.11,-0.05,1815407.0,3831035.17,2.2343333333333333,2024,10,October,4,1,2.16,2.16,2.16,2.15,2.16,2.16,125607.0,43052.0,271311.12,92992.32,2.152857142857143,2.151428571428572,0.0188982236504715,2.11,2.16,-0.0231481481481482,-0.0234202742080986,-1.8604651162790715,-0.04,14.285714285714477,2.156374320007242,2.184895604958048,-0.028521284950806,-0.0286900571896865,0.0001687722388804,0.3570345615776207,2.183067167916225,2.1289328320837755,0.0541343358324493,2.11
2024-10-30,MTNGH,2.43,1.39,2.11,2.11,2.11,2.11,0.0,16451.0,34711.61,2.2296666666666667,2024,10,October,4,2,2.11,2.16,2.16,2.16,2.16,2.16,1815407.0,61858.0,3831035.17,133613.28,2.145714285714285,2.148571428571429,0.0243975018237206,2.11,2.16,0.0,0.0,-2.314814814814827,-0.0500000000000002,16.666666666666913,2.149239809236897,2.1793477823685627,-0.0301079731316655,-0.0289736403780823,-0.0011343327535832,0.3577369803730683,2.18420588522581,2.1207941147741907,0.0634117704516192,2.16
2024-10-31,MTNGH,2.43,1.39,2.11,2.11,2.16,2.16,0.05,151762.0,327732.67,2.228333333333333,2024,10,October,4,3,2.11,2.16,2.16,2.16,2.11,2.16,16451.0,125607.0,34711.61,271311.12,2.145714285714285,2.1492857142857145,0.0243975018237206,2.11,2.16,0.0236966824644551,0.0234202742080986,0.0,0.0,54.54545454545463,2.1508952232004512,2.177914613304225,-0.0270193901037738,-0.0285827903232206,0.0015634002194467,0.3579258576021494,2.182847673290313,2.1211523267096872,0.0616953465806258,2.29
2024-11-01,MTNGH,2.43,1.39,2.16,2.16,2.3,2.29,0.13,3295039.0,7543144.24,2.231333333333333,2024,11,November,4,4,2.16,2.11,2.16,2.16,2.11,2.16,151762.0,1815407.0,327732.67,3831035.17,2.164285714285714,2.1592857142857143,0.0602376246923122,2.11,2.29,0.0601851851851851,0.0584435958700745,6.018518518518514,0.1299999999999999,79.16666666666661,2.1722959580926897,2.1862172345409494,-0.0139212764482596,-0.0256504875482284,0.0117292110999687,0.3580573382452434,2.226855302131621,2.0891446978683788,0.1377106042632423,2.3
2024-11-04,MTNGH,2.43,1.39,2.29,2.29,2.3,2.3,0.01,1025411.0,2358216.47,2.2346666666666666,2024,11,November,4,0,2.29,2.11,2.16,2.16,2.16,2.11,3295039.0,16451.0,7543144.24,34711.61,2.184285714285714,2.17,0.0789212989539069,2.11,2.3,0.0043668122270741,0.0043573053689556,6.481481481481466,0.1399999999999996,79.99999999999993,2.1919427337707376,2.194645587537916,-0.0027028537671784,-0.0210609607920184,0.0183581070248399,0.3582210195543792,2.258696037101253,2.071303962898747,0.1873920742025063,2.3
2024-11-05,MTNGH,2.43,1.39,2.3,2.3,2.3,2.3,0.0,289467.0,666069.8,2.174,2024,11,November,4,1,2.3,2.16,2.11,2.16,2.29,2.11,1025411.0,151762.0,2358216.47,327732.67,2.204285714285714,2.1807142857142856,0.0888551523280371,2.11,2.3,0.0,0.0,6.481481481481466,0.1399999999999996,79.99999999999993,2.20856692857524,2.202449618090663,0.0061173104845764,-0.0156253065366994,0.0217426170212759,0.045757984040518,2.283374191473494,2.060625808526505,0.2227483829469889,2.3
2024-11-06,MTNGH,2.43,1.39,2.3,2.3,2.3,2.3,0.0,107863.0,248084.9,2.177333333333334,2024,11,November,4,2,2.3,2.29,2.11,2.16,2.3,2.16,289467.0,3295039.0,666069.8,7543144.24,2.224285714285714,2.1914285714285717,0.0928901040400543,2.11,2.3,0.0,0.0,6.481481481481466,0.1399999999999996,79.99999999999993,2.2226335549482794,2.20967557230617,0.0129579826421095,-0.0099086487009376,0.0228666313430472,0.0510532739558711,2.303967364160898,2.0540326358391017,0.2499347283217963,2.35
2024-11-07,MTNGH,2.43,1.39,2.3,2.3,2.35,2.35,0.05,9289.0,21615.25,2.182666666666667,2024,11,November,4,3,2.3,2.3,2.16,2.11,2.3,2.29,107863.0,1025411.0,248084.9,2358216.47,2.2585714285714285,2.205714285714285,0.087831006565373,2.11,2.35,0.0217391304347827,0.0215062052209636,11.3744075829384,0.2400000000000002,83.33333333333329,2.242228392648544,2.2200699743575645,0.0221584182909797,-0.0034952353025541,0.0256536535935339,0.0599961684600701,2.334515417884722,2.043484582115278,0.291030835769444,2.35
2024-11-08,MTNGH,2.43,1.39,2.35,2.35,2.35,2.35,0.0,44512.0,104603.2,2.188,2024,11,November,4,4,2.35,2.3,2.29,2.11,2.3,2.3,9289.0,289467.0,21615.25,666069.8,2.292857142857143,2.2192857142857143,0.0636957051703168,2.16,2.35,0.0,0.0,11.3744075829384,0.2400000000000002,82.7586206896551,2.258808639933384,2.2296944207014486,0.0291142192319351,0.0030266556043436,0.0260875636275914,0.0673334471377513,2.359905333397778,2.038094666602221,0.3218106667955567,2.33
2024-11-11,MTNGH,2.43,1.39,2.35,2.35,2.33,2.33,-0.02,362689.0,846331.13,2.193,2024,11,November,4,0,2.35,2.3,2.3,2.16,2.35,2.3,44512.0,107863.0,104603.2,248084.9,2.317142857142857,2.2314285714285718,0.0256347977784897,2.29,2.35,-0.0085106382978723,-0.0085470605784584,7.870370370370367,0.1699999999999999,77.41935483870962,2.2697611568667093,2.2371244636124525,0.0326366932542567,0.0089486631343262,0.0236880301199304,0.0721181979999688,2.377283319040372,2.0387166809596278,0.3385666380807448,2.33
2024-11-12,MTNGH,2.43,1.39,2.33,2.33,2.33,2.33,0.0,246069.0,573340.77,2.198,2024,11,November,4,1,2.33,2.35,2.3,2.29,2.35,2.3,362689.0,9289.0,846331.13,21615.25,2.322857142857143,2.2435714285714288,0.0228868854108801,2.3,2.35,0.0,0.0,1.746724890829696,0.04,77.41935483870962,2.279028671194908,2.244004132974493,0.0350245382204148,0.014163838151544,0.0208607000688708,0.0762663210345302,2.392331265413904,2.041668734586096,0.3506625308278082,2.33
2024-11-13,MTNGH,2.43,1.39,2.33,2.33,2.33,2.33,0.0,317.0,738.61,2.2030000000000003,2024,11,November,4,2,2.33,2.35,2.3,2.3,2.33,2.35,246069.0,44512.0,573340.77,104603.2,2.327142857142857,2.255714285714286,0.0205866345916659,2.3,2.35,0.0,0.0,1.3043478260869674,0.0300000000000002,77.41935483870962,2.286870414087999,2.250374197198605,0.036496216889394,0.018630313899114,0.01786590299028,0.0798770607095073,2.40528513015529,2.0467148698447097,0.3585702603105805,2.36
2024-11-14,MTNGH,2.43,1.39,2.33,2.33,2.4,2.36,0.03,5259.0,12395.87,2.2093333333333334,2024,11,November,4,3,2.33,2.33,2.35,2.3,2.33,2.35,317.0,362689.0,738.61,846331.13,2.3357142857142854,2.27,0.0198805959477925,2.3,2.36,0.0128755364806865,0.0127933514599093,2.608695652173916,0.06,79.41176470588229,2.2981211196129223,2.2584946270357453,0.0396264925771769,0.0228295496347266,0.0167969429424503,0.0845651486595998,2.421549068883905,2.051450931116096,0.3700981377678092,2.35
2024-11-18,MTNGH,2.43,1.39,2.36,2.36,2.35,2.35,-0.01,326331.0,767030.99,2.215333333333333,2024,11,November,4,0,2.36,2.33,2.35,2.3,2.33,2.33,5259.0,246069.0,12395.87,573340.77,2.3428571428571425,2.2835714285714284,0.012535663410613,2.33,2.36,-0.004237288135593,-0.0042462908814509,2.1739130434782727,0.0500000000000002,77.14285714285712,2.306102485826319,2.2652728028108755,0.0408296830154433,0.0264295763108699,0.0144001067045733,0.0879942526859071,2.433473119374109,2.059526880625891,0.3739462387482186,2.35
2024-11-19,MTNGH,2.43,1.39,2.35,2.35,2.35,2.35,0.0,264066.0,620555.1,2.2216666666666667,2024,11,November,4,1,2.35,2.33,2.33,2.35,2.36,2.33,326331.0,317.0,767030.99,738.61,2.342857142857143,2.3007142857142857,0.012535663410613,2.33,2.36,0.0,0.0,0.0,0.0,90.00000000000006,2.3128559495453467,2.271548891491552,0.0413070580537953,0.029405072659455,0.0119019853943402,0.0906711881901867,2.443773659943256,2.068226340056744,0.375547319886512,2.35
2024-11-20,MTNGH,2.43,1.39,2.35,2.35,2.35,2.35,0.0,227467.0,534547.45,2.228,2024,11,November,4,2,2.35,2.36,2.33,2.35,2.35,2.33,264066.0,5259.0,620555.1,12395.87,2.3428571428571425,2.317857142857143,0.012535663410613,2.33,2.36,0.0,0.0,0.0,0.0,90.00000000000006,2.3185704188460625,2.2773600847143998,0.0412103341316631,0.0317661249538966,0.0094442091777665,0.0928253829733123,2.45204475969184,2.07895524030816,0.3730895193836803,2.35
2024-11-21,MTNGH,2.43,1.39,2.35,2.35,2.35,2.35,0.0,5281.0,12410.35,2.2343333333333333,2024,11,November,4,3,2.35,2.35,2.33,2.33,2.35,2.36,227467.0,326331.0,534547.45,767030.99,2.345714285714286,2.3314285714285714,0.0113389341903358,2.33,2.36,0.0,0.0,0.858369098712447,0.02,88.00000000000006,2.323405739023592,2.2827408191799994,0.0406649198435919,0.0335458839318357,0.0071190359117562,0.0944925953433222,2.4582455930397424,2.0917544069602574,0.366491186079485,2.36
2024-11-22,MTNGH,2.43,1.39,2.35,2.35,2.36,2.36,0.01,86853.0,204968.06,2.241333333333333,2024,11,November,4,4,2.35,2.35,2.36,2.33,2.35,2.35,5281.0,264066.0,12410.35,620555.1,2.35,2.3364285714285717,0.0100000000000681,2.33,2.36,0.004255319148936,0.004246290881451,1.2875536480686611,0.0299999999999998,76.92307692307698,2.3290356253276543,2.2884637214629624,0.0405719038646918,0.0349510879184069,0.0056208159462849,0.0957991193298353,2.4635909763738693,2.106409023626131,0.3571819527477382,2.36
2024-11-25,MTNGH,2.43,1.39,2.36,2.36,2.36,2.36,0.0,501189.0,1182806.04,2.248333333333333,2024,11,November,4,0,2.36,2.35,2.35,2.33,2.35,2.35,86853.0,227467.0,204968.06,534547.45,2.3542857142857145,2.3407142857142857,0.0053452248383784,2.35,2.36,0.0,0.0,1.2875536480686611,0.0299999999999998,75.00000000000009,2.3337993752772457,2.2937627050582985,0.0400366702189471,0.035968204378515,0.0040684658404321,0.0965645516930637,2.46637217117344,2.12362782882656,0.3427443423468803,2.36
2024-11-26,MTNGH,2.43,1.39,2.36,2.36,2.36,2.36,0.0,8466.0,19979.76,2.255333333333333,2024,11,November,4,1,2.36,2.35,2.35,2.36,2.36,2.35,501189.0,5281.0,1182806.04,12410.35,2.3542857142857145,2.345,0.0053452248383784,2.35,2.36,0.0,0.0,0.0,0.0,75.00000000000009,2.337830240619208,2.2986691713502765,0.0391610692689314,0.0366067773565983,0.0025542919123331,0.096801728872205,2.466245154966181,2.143754845033818,0.3224903099323635,2.37
2024-11-27,MTNGH,2.43,1.39,2.36,2.36,2.37,2.37,0.01,6400.0,15131.44,2.2626666666666666,2024,11,November,4,2,2.36,2.36,2.35,2.35,2.36,2.35,8466.0,86853.0,19979.76,204968.06,2.357142857142857,2.3500000000000005,0.0075592894602774,2.35,2.37,0.0042372881355932,0.0042283361095211,0.8510638297872347,0.02,76.92307692307705,2.342779434370099,2.303952936435441,0.0388264979346582,0.0370507214722102,0.0017757764624479,0.0968800656814446,2.4528059033537337,2.1831940966462664,0.2696118067074673,2.37
2024-11-28,MTNGH,2.43,1.39,2.37,2.37,2.37,2.37,0.0,5689.0,13482.93,2.2700000000000005,2024,11,November,4,3,2.37,2.36,2.35,2.35,2.36,2.36,6400.0,501189.0,15131.44,1182806.04,2.36,2.3514285714285714,0.0081649658093642,2.35,2.37,0.0,0.0,0.8510638297872347,0.02,62.500000000000064,2.346967213697776,2.3088453115142973,0.0381219021834788,0.037264957614464,0.0008569445690148,0.0963828572538605,2.425456896324343,2.236543103675657,0.1889137926486856,2.37
2024-11-29,MTNGH,2.43,1.39,2.37,2.37,2.37,2.37,0.0,3259.0,7723.83,2.277333333333333,2024,11,November,4,4,2.37,2.36,2.36,2.35,2.37,2.36,5689.0,8466.0,13482.93,19979.76,2.3628571428571425,2.3528571428571428,0.0075592894602796,2.35,2.37,0.0,0.0,0.8510638297872347,0.02,62.500000000000064,2.3505107192827337,2.3133752884391643,0.0371354308435694,0.037239052260285,-0.0001036214167156,0.0953010957470007,2.392706496299087,2.2902935037009127,0.1024129925981744,2.37
2024-12-02,MTNGH,2.43,1.39,2.37,2.37,2.37,2.37,0.0,342788.0,812407.56,2.2846666666666664,2024,12,December,4,0,2.37,2.37,2.36,2.35,2.37,2.36,3259.0,6400.0,7723.83,15131.44,2.3657142857142857,2.355714285714286,0.0053452248383845,2.36,2.37,0.0,0.0,0.8510638297872347,0.02,83.33333333333358,2.353509070162313,2.3175697115177445,0.0359393586445686,0.0369791135371418,-0.0010397548925731,0.0936145189643351,2.39205500425436,2.2989449957456407,0.0931100085087193,2.38
2024-12-03,MTNGH,2.43,1.39,2.37,2.37,2.38,2.38,0.01,337173.0,802490.07,2.2920000000000003,2024,12,December,4,1,2.37,2.37,2.36,2.36,2.37,2.37,342788.0,5689.0,812407.56,13482.93,2.3685714285714283,2.3592857142857144,0.00690065559353,2.36,2.38,0.0042194092827003,0.0042105325363434,0.8474576271186449,0.02,85.7142857142859,2.357584597829649,2.322194177331245,0.0353904204984045,0.0366613749293943,-0.0012709544309897,0.0921168673011824,2.3932577060890576,2.305742293910942,0.0875154121781154,2.4
2024-12-04,MTNGH,2.43,1.39,2.38,2.38,2.4,2.4,0.02,5548.0,13303.47,2.3,2024,12,December,4,2,2.38,2.37,2.37,2.36,2.37,2.37,337173.0,3259.0,802490.07,7723.83,2.3742857142857146,2.3642857142857143,0.012724180205666,2.36,2.4,0.0084033613445377,0.0083682496705165,1.6949152542372898,0.04,88.88888888888906,2.364110044317396,2.3279575716030045,0.0361524727143911,0.0365595944863937,-0.0004071217720025,0.0906680189216505,2.397284650470244,2.3117153495297567,0.0855693009404872,2.4
2024-12-05,MTNGH,2.43,1.39,2.4,2.4,2.4,2.4,0.0,269315.0,646380.35,2.3080000000000003,2024,12,December,4,3,2.4,2.37,2.37,2.36,2.38,2.37,5548.0,342788.0,13303.47,812407.56,2.38,2.367142857142857,0.0141421356237851,2.37,2.4,0.0,0.0,1.6949152542372898,0.04,83.33333333333358,2.3696315759608733,2.3332940477805595,0.0363375281803137,0.0365151812251777,-0.0001776530448639,0.0884502587665319,2.3986891499493934,2.320310850050607,0.0783782998987865,2.37
2024-12-09,MTNGH,2.43,1.39,2.4,2.4,2.38,2.37,-0.03,384799.0,912615.99,2.3149999999999995,2024,12,December,4,0,2.4,2.38,2.37,2.37,2.4,2.37,269315.0,337173.0,646380.35,802490.07,2.38,2.3685714285714283,0.0141421356237851,2.37,2.4,-0.0124999999999999,-0.01257878220686,0.0,0.0,62.500000000000064,2.369688256582277,2.3360130072042216,0.0336752493780556,0.0359471948557533,-0.0022719454776976,0.0845576726264649,2.399689149949394,2.321310850050606,0.0783782998987883,2.37
2024-12-10,MTNGH,2.43,1.39,2.37,2.37,2.37,2.37,0.0,3577699.0,8479146.63,2.322,2024,12,December,4,1,2.37,2.4,2.37,2.37,2.4,2.38,384799.0,5548.0,912615.99,13303.47,2.38,2.37,0.0141421356237851,2.37,2.4,0.0,0.0,0.0,0.0,62.500000000000064,2.3697362171080805,2.338530562226131,0.0312056548819494,0.0349988868609925,-0.003793231979043,0.0798446768031379,2.4005815611398087,2.322418438860192,0.0781631222796166,2.37
2024-12-11,MTNGH,2.43,1.39,2.37,2.37,2.37,2.37,0.0,65410.0,155021.7,2.329,2024,12,December,4,2,2.37,2.4,2.38,2.37,2.37,2.4,3577699.0,269315.0,8479146.63,646380.35,2.38,2.3714285714285714,0.0141421356237851,2.37,2.4,0.0,0.0,0.0,0.0,62.500000000000064,2.3697767990914524,2.340861631690862,0.0289151674005903,0.0337821429689121,-0.0048669755683218,0.0741550100616665,2.399788319130751,2.327211680869249,0.072576638261502,2.37
2024-12-12,MTNGH,2.43,1.39,2.37,2.37,2.37,2.37,0.0,21344.0,50585.28,2.3376666666666663,2024,12,December,4,3,2.37,2.37,2.4,2.37,2.37,2.4,65410.0,384799.0,155021.7,912615.99,2.38,2.3728571428571428,0.0141421356237851,2.37,2.4,0.0,0.0,0.0,0.0,62.500000000000064,2.3698111376927677,2.343020029343391,0.0267911083493763,0.0323839360450049,-0.0055928276956285,0.0618498366922265,2.39825105462454,2.33274894537546,0.0655021092490795,2.38
2024-12-13,MTNGH,2.43,1.39,2.37,2.37,2.38,2.38,0.01,5686.0,13503.92,2.3466666666666667,2024,12,December,4,4,2.37,2.37,2.4,2.38,2.37,2.37,21344.0,3577699.0,50585.28,8479146.63,2.38,2.3742857142857146,0.0141421356237851,2.37,2.4,0.0042194092827003,0.0042105325363434,0.0,0.0,62.500000000000064,2.371378654970804,2.345759286429065,0.0256193685417378,0.0310310225443515,-0.0054116540026136,0.0449009126190943,2.3967273938596443,2.3392726061403555,0.0574547877192888,2.38
2024-12-16,MTNGH,2.43,1.39,2.38,2.38,2.38,2.38,0.0,193315.0,459659.81,2.354,2024,12,December,4,0,2.38,2.37,2.37,2.4,2.37,2.37,5686.0,65410.0,13503.92,155021.7,2.377142857142857,2.375714285714285,0.0111269728053519,2.37,2.4,0.0,0.0,-0.8333333333333341,-0.02,62.500000000000064,2.372705015744526,2.348295635582468,0.0244093801620581,0.0297066940678928,-0.0052973139058346,0.0282354631503528,2.3979464114686877,2.3400535885313123,0.0578928229373749,2.45
2024-12-17,MTNGH,2.45,1.39,2.38,2.38,2.45,2.45,0.07,2067803.0,459659.81,2.3593333333333333,2024,12,December,4,1,2.38,2.37,2.37,2.4,2.38,2.37,193315.0,21344.0,459659.81,50585.28,2.3842857142857143,2.382142857142857,0.029358214555833,2.37,2.45,0.0294117647058824,0.0289875368732524,2.0833333333333446,0.0500000000000002,80.00000000000011,2.384596551783829,2.3558292922059887,0.0287672595778407,0.0295188071698824,-0.0007515475920416,0.0307305681056593,2.419143047492553,2.3288569525074463,0.0902860949851067,2.45
2024-12-18,MTNGH,2.45,1.39,2.45,2.45,2.45,2.45,0.0,2128893.0,5215787.85,2.3643333333333336,2024,12,December,4,2,2.45,2.38,2.37,2.37,2.38,2.37,2067803.0,5686.0,459659.81,13503.92,2.395714285714285,2.387857142857143,0.0373528860362855,2.37,2.45,0.0,0.0,3.3755274261603407,0.08,78.57142857142867,2.3946586207401634,2.3628049001907305,0.0318537205494329,0.0299857898457925,0.0018679307036403,0.0328720962618497,2.434021526888354,2.323978473111647,0.1100430537767067,2.45
2024-12-19,MTNGH,2.45,1.39,2.45,2.45,2.45,2.45,0.0,2092127.0,5125711.15,2.369333333333334,2024,12,December,4,3,2.45,2.38,2.37,2.37,2.45,2.38,2128893.0,193315.0,5215787.85,459659.81,2.407142857142857,2.393571428571428,0.0402965199962878,2.37,2.45,0.0,0.0,3.3755274261603407,0.08,78.57142857142867,2.4031726790878305,2.369263796472899,0.0339088826149316,0.0307704083996203,0.0031384742153112,0.0341329382161722,2.4456953465793587,2.322304653420641,0.1233906931587176,2.49
2024-12-20,MTNGH,2.49,1.39,2.45,2.45,2.5,2.49,0.04,4271060.0,10653400.06,2.3756666666666666,2024,12,December,4,4,2.45,2.45,2.38,2.37,2.45,2.38,2092127.0,2067803.0,5125711.15,459659.81,2.424285714285714,2.402142857142857,0.0468533680245071,2.37,2.49,0.0163265306122448,0.0161946859199806,5.06329113924051,0.1200000000000001,83.33333333333341,2.416530728458934,2.378207218956388,0.038323509502546,0.0322810286202055,0.0060424808823405,0.0382084422278108,2.4666445983744505,2.315355401625549,0.1512891967489009,2.5
2024-12-23,MTNGH,2.5,1.39,2.49,2.49,2.5,2.5,0.01,922053.0,2305090.68,2.380666666666667,2024,12,December,4,0,2.49,2.45,2.38,2.37,2.45,2.45,4271060.0,2128893.0,10653400.06,5215787.85,2.442857142857143,2.411428571428572,0.047509397566637,2.38,2.5,0.0040160642570279,0.0040080213975386,5.485232067510544,0.1299999999999999,84.21052631578954,2.429372154849867,2.3872289064411,0.0421432484087671,0.0342534725779178,0.0078897758308493,0.0440949862920567,2.4864010002329144,2.309598999767086,0.1768020004658286,2.5
2024-12-24,MTNGH,2.5,1.39,2.5,2.5,2.5,2.5,0.0,11160.0,27900.0,2.385666666666667,2024,12,December,4,1,2.5,2.45,2.45,2.38,2.49,2.45,922053.0,2092127.0,2305090.68,5125711.15,2.46,2.4199999999999995,0.0424264068712165,2.38,2.5,0.0,0.0,5.042016806722694,0.1200000000000001,83.33333333333341,2.4402379771806566,2.395582320778796,0.0446556564018605,0.0363339093427063,0.0083217470591541,0.0487557836239594,2.502440940277587,2.3075590597224136,0.1948818805551733,2.5
2024-12-27,MTNGH,2.5,1.39,2.5,2.5,2.5,2.5,0.0,3232.0,8080.0,2.3913333333333338,2024,12,December,4,4,2.5,2.49,2.45,2.38,2.5,2.45,11160.0,4271060.0,27900.0,10653400.06,2.4771428571428578,2.427142857142857,0.0256347977785071,2.45,2.5,0.0,0.0,5.042016806722694,0.1200000000000001,81.25000000000009,2.4494321345374788,2.4033169636840706,0.0461151708534082,0.0382901616448467,0.0078250092085614,0.0518441519552475,2.5157405671048374,2.3082594328951624,0.2074811342096749,2.5
2024-12-30,MTNGH,2.5,1.39,2.5,2.5,2.5,2.5,0.0,136283.0,340707.5,2.397,2024,12,December,4,0,2.5,2.5,2.45,2.45,2.5,2.49,3232.0,922053.0,8080.0,2305090.68,2.4842857142857144,2.434285714285714,0.023704530408909,2.45,2.5,0.0,0.0,2.0408163265306047,0.0499999999999998,81.25000000000009,2.4572118061470976,2.410478670077843,0.0467331360692546,0.0399787565297283,0.0067543795395263,0.0541485823038983,2.5273262739177107,2.309673726082289,0.2176525478354216,2.5
2024-12-31,MTNGH,2.5,1.39,2.5,2.5,2.5,2.5,0.0,90298.0,225745.0,2.4026666666666667,2024,12,December,4,1,2.5,2.5,2.49,2.45,2.5,2.5,136283.0,11160.0,340707.5,27900.0,2.4914285714285715,2.4435714285714285,0.0186445447147742,2.45,2.5,0.0,0.0,2.0408163265306047,0.0499999999999998,100.0,2.4637946052013904,2.4171098797017065,0.0466847254996838,0.0413199503237194,0.0053647751759643,0.0557663434113812,2.5371089695461864,2.3128910304538133,0.2242179390923731,2.5
2025-01-02,MTNGH,2.5,2.5,2.5,2.5,2.5,2.5,0.0,62626.0,156565.0,2.4073333333333333,2025,1,January,1,3,2.5,2.5,2.5,2.45,2.5,2.5,90298.0,3232.0,225745.0,8080.0,2.4985714285714287,2.4528571428571437,0.0037796447303842,2.49,2.5,0.0,0.0,2.0408163265306047,0.0499999999999998,100.0,2.4693646659396378,2.423249888612691,0.0461147773269465,0.0422789157243648,0.0038358616025817,0.0578901059579351,2.545244866859647,2.3177551331403534,0.2274897337192936,2.5
2025-01-03,MTNGH,2.5,2.5,2.5,2.5,2.5,2.5,0.0,661370.0,1653425.0,2.4123333333333337,2025,1,January,1,4,2.5,2.5,2.5,2.49,2.5,2.5,62626.0,136283.0,156565.0,340707.5,2.5,2.462142857142857,0.0,2.5,2.5,0.0,0.0,0.4016064257028026,0.0099999999999997,100.0,2.4740777942566163,2.4289350820487883,0.045142712207828,0.0428516750210575,0.0022910371867705,0.0592297300309998,2.5518050040527456,2.324194995947254,0.2276100081054917,2.5
2025-01-06,MTNGH,2.5,2.5,2.5,2.5,2.5,2.5,0.0,67103.0,167757.5,2.417333333333333,2025,1,January,1,0,2.5,2.5,2.5,2.5,2.5,2.5,661370.0,90298.0,1653425.0,225745.0,2.5,2.471428571428571,0.0,2.5,2.5,0.0,0.0,0.0,0.0,100.0,2.4780658259094444,2.434199150045174,0.0438666758642702,0.0430546751897,0.0008120006745702,0.0601110084205734,2.557582800773957,2.330417199226043,0.227165601547914,2.51
2025-01-08,MTNGH,2.51,2.5,2.5,2.5,2.51,2.51,0.01,51034.0,127842.1,2.4226666666666667,2025,1,January,1,2,2.5,2.5,2.5,2.5,2.5,2.5,67103.0,62626.0,167757.5,156565.0,2.501428571428572,2.480714285714286,0.0037796447303862,2.5,2.51,0.004,0.0039920212695374,0.3999999999999915,0.0099999999999997,100.0,2.48297877576953,2.439814027819605,0.0431647479499246,0.0430766897417449,8.805820817965604e-05,0.0610219481901757,2.5647525830288176,2.334247416971181,0.230505166057636,2.51
2025-01-09,MTNGH,2.51,2.5,2.51,2.51,2.51,2.51,0.0,76995.0,193257.45,2.428,2025,1,January,1,3,2.51,2.5,2.5,2.5,2.5,2.5,51034.0,661370.0,127842.1,1653425.0,2.5028571428571427,2.49,0.0048795003649711,2.5,2.51,0.0,0.0,0.3999999999999915,0.0099999999999997,100.0,2.4871358871896025,2.445012988721857,0.0421228984677455,0.0428859314869451,-0.0007630330191995,0.0614424317047924,2.5708038268619284,2.339196173138072,0.2316076537238567,2.51
2025-01-10,MTNGH,2.51,2.5,2.51,2.51,2.51,2.51,0.0,44425.0,111678.45,2.4330000000000003,2025,1,January,1,4,2.51,2.5,2.5,2.5,2.51,2.5,76995.0,67103.0,193257.45,167757.5,2.5042857142857144,2.4942857142857138,0.0053452248384577,2.5,2.51,0.0,0.0,0.3999999999999915,0.0099999999999997,100.0,2.490653443006587,2.4498268414091267,0.0408266015974603,0.0424740655090481,-0.0016474639115878,0.0618200949363235,2.5729954954044465,2.351004504595554,0.2219909908088926,2.55
2025-01-13,MTNGH,2.55,2.5,2.51,2.51,2.55,2.55,0.04,35266.0,89798.18,2.4393333333333334,2025,1,January,1,0,2.51,2.51,2.5,2.5,2.51,2.5,44425.0,51034.0,111678.45,127842.1,2.511428571428571,2.501428571428572,0.0177281052086225,2.5,2.55,0.0159362549800796,0.0158106060266422,1.999999999999993,0.0499999999999998,100.0,2.499783682544035,2.4572470753788207,0.0425366071652142,0.0424865738402813,5.0033324932870216e-05,0.0637848394771947,2.579753705321389,2.3622462946786107,0.2175074106427788,2.6
2025-01-14,MTNGH,2.6,2.5,2.55,2.55,2.6,2.6,0.05,1645647.0,4271800.7,2.447333333333333,2025,1,January,1,1,2.55,2.51,2.5,2.5,2.51,2.51,35266.0,76995.0,89798.18,193257.45,2.525714285714286,2.512142857142857,0.0369039938476463,2.5,2.6,0.019607843137255,0.0194180858571017,4.000000000000004,0.1,100.0,2.51520157753726,2.467821366091501,0.0473802114457591,0.0434653013613769,0.0039149100843821,0.0683769134931936,2.5948668803053345,2.3701331196946653,0.2247337606106692,2.6
2025-01-15,MTNGH,2.6,2.5,2.6,2.6,2.6,2.6,0.0,72440.0,188344.0,2.455,2025,1,January,1,2,2.6,2.51,2.51,2.5,2.55,2.51,1645647.0,44425.0,4271800.7,111678.45,2.54,2.52,0.0439696865276042,2.5,2.6,0.0,0.0,4.000000000000004,0.1,100.0,2.528247488685374,2.477612376010649,0.0506351126747248,0.0448992636240465,0.0057358490506783,0.0721946602285959,2.6049575547110195,2.383042445288981,0.2219151094220386,2.65
2025-01-16,MTNGH,2.65,2.5,2.6,2.6,2.65,2.65,0.05,536944.0,1422595.0,2.4643333333333333,2025,1,January,1,3,2.6,2.55,2.51,2.5,2.6,2.51,72440.0,35266.0,188344.0,89798.18,2.5614285714285714,2.5307142857142857,0.0561036455822758,2.51,2.65,0.0192307692307691,0.0190481949706944,5.9999999999999964,0.1499999999999999,100.0,2.5469786442722397,2.4903818296394897,0.0565968146327495,0.0472387738257871,0.0093580408069624,0.0786385591711278,2.625532109815294,2.3894678901847057,0.2360642196305882,2.65
2025-01-17,MTNGH,2.65,2.5,2.65,2.65,2.65,2.65,0.0,277061.0,733861.65,2.4736666666666665,2025,1,January,1,4,2.65,2.6,2.51,2.51,2.6,2.55,536944.0,1645647.0,1422595.0,4271800.7,2.5814285714285714,2.541428571428572,0.0595618925792468,2.51,2.65,0.0,0.0,5.577689243027894,0.1400000000000001,100.0,2.5628280836149715,2.5022053978143424,0.0606226858006291,0.0499155562207555,0.0107071295798735,0.0835209382516867,2.6393927451550354,2.4026072548449644,0.236785490310071,2.65
2025-01-20,MTNGH,2.65,2.5,2.65,2.65,2.65,2.65,0.0,78967.0,209262.55,2.483,2025,1,January,1,0,2.65,2.6,2.55,2.51,2.65,2.6,277061.0,72440.0,733861.65,188344.0,2.6014285714285714,2.552142857142857,0.0549025110016703,2.51,2.65,0.0,0.0,5.577689243027894,0.1400000000000001,100.0,2.5762391476742064,2.513153146124391,0.0630860015498155,0.0525496452865675,0.010536356263248,0.0871047724256006,2.6576408099189384,2.404359190081061,0.2532816198378773,2.65
2025-01-21,MTNGH,2.65,2.5,2.65,2.65,2.65,2.65,0.0,306684.0,812712.6,2.4919999999999995,2025,1,January,1,1,2.65,2.65,2.6,2.51,2.65,2.6,78967.0,536944.0,209262.55,1422595.0,2.6214285714285714,2.562857142857143,0.0393397896235094,2.55,2.65,0.0,0.0,5.577689243027894,0.1400000000000001,100.0,2.587586971108944,2.5232899501151764,0.0642970209937674,0.0548991204280075,0.0093979005657599,0.0899961685008477,2.672212964699935,2.4097870353000648,0.2624259293998703,2.65
2025-01-22,MTNGH,2.65,2.5,2.65,2.65,2.65,2.65,0.0,963065.0,2552122.25,2.5003333333333333,2025,1,January,1,2,2.65,2.65,2.6,2.55,2.65,2.65,306684.0,277061.0,812712.6,733861.65,2.6357142857142857,2.573571428571428,0.0243975018237751,2.6,2.65,0.0,0.0,3.921568627450984,0.1,100.0,2.5971889755537214,2.5326758797362743,0.0645130958174471,0.0568219155058954,0.0076911803115516,0.0927169713785703,2.683490317422105,2.418509682577896,0.2649806348442096,2.65
2025-01-23,MTNGH,2.65,2.5,2.65,2.65,2.65,2.65,0.0,144568.0,383105.2,2.508666666666666,2025,1,January,1,3,2.65,2.65,2.65,2.6,2.65,2.65,963065.0,78967.0,2552122.25,209262.55,2.642857142857143,2.584285714285714,0.0188982236505423,2.6,2.65,0.0,0.0,1.923076923076916,0.0499999999999998,100.0,2.6053137485454565,2.541366555311365,0.0639471932340915,0.0582469710515346,0.0057002221825569,0.09460383215006,2.6952505432150646,2.422749456784936,0.2725010864301289,2.65
2025-01-24,MTNGH,2.65,2.5,2.65,2.65,2.65,2.65,0.0,5318.0,14092.7,2.518,2025,1,January,1,4,2.65,2.65,2.65,2.6,2.65,2.65,144568.0,306684.0,383105.2,812712.6,2.65,2.595,0.0,2.65,2.65,0.0,0.0,1.923076923076916,0.0499999999999998,100.0,2.61218855646154,2.5494134771401527,0.0627750793213874,0.0591525927055052,0.0036224866158822,0.0942630216011816,2.705560759155582,2.427439240844418,0.2781215183111643,2.65
2025-01-27,MTNGH,2.65,2.5,2.65,2.65,2.65,2.65,0.0,53336.0,141340.4,2.527333333333333,2025,1,January,1,0,2.65,2.65,2.65,2.65,2.65,2.65,5318.0,963065.0,14092.7,2552122.25,2.65,2.605714285714285,0.0,2.65,2.65,0.0,0.0,0.0,0.0,100.0,2.618005701621303,2.5568643306853263,0.0611413709359767,0.0595503483515995,0.0015910225843771,0.0929565465162915,2.714135272993373,2.4338647270066263,0.2802705459867471,2.7
2025-01-28,MTNGH,2.7,2.5,2.65,2.65,2.7,2.7,0.05,14951.0,40362.65,2.538333333333333,2025,1,January,1,1,2.65,2.65,2.65,2.65,2.65,2.65,53336.0,144568.0,141340.4,383105.2,2.657142857142857,2.6192857142857138,0.0188982236505448,2.65,2.7,0.0188679245283018,0.0186921330121525,1.8867924528301987,0.0500000000000002,100.0,2.6306202090641797,2.567466972856784,0.0631532362073956,0.0602709259227587,0.0028823102846368,0.0932214025053427,2.7303089737150783,2.437691026284922,0.2926179474301564,2.7
2025-01-29,MTNGH,2.7,2.5,2.7,2.7,2.7,2.7,0.0,23410.0,63260.5,2.5493333333333337,2025,1,January,1,2,2.7,2.65,2.65,2.65,2.65,2.65,14951.0,5318.0,40362.65,14092.7,2.664285714285714,2.632857142857143,0.024397501823779,2.65,2.7,0.0,0.0,1.8867924528301987,0.0500000000000002,100.0,2.6412940230543054,2.5772842341266515,0.0640097889276538,0.0610186985237377,0.002991090403916,0.0921368297821483,2.7434410638982265,2.444558936101774,0.2988821277964524,2.75
2025-01-30,MTNGH,2.75,2.5,2.7,2.7,2.75,2.75,0.05,8067.0,22149.45,2.5616666666666665,2025,1,January,1,3,2.7,2.65,2.65,2.65,2.7,2.65,23410.0,53336.0,63260.5,141340.4,2.6785714285714284,2.65,0.039339789623514,2.65,2.75,0.0185185185185183,0.0183491386681964,3.773584905660381,0.1,100.0,2.658018019507489,2.5900779945617143,0.0679400249457748,0.0624029638081452,0.0055370611376296,0.0934430799760372,2.764417366799631,2.448582633200369,0.3158347335992619,2.75
2025-01-31,MTNGH,2.75,2.5,2.75,2.75,2.75,2.75,0.0,6096.0,16764.0,2.574,2025,1,January,1,4,2.75,2.7,2.65,2.65,2.7,2.65,8067.0,14951.0,22149.45,40362.65,2.692857142857143,2.664285714285714,0.0449867705421595,2.65,2.75,0.0,0.0,3.773584905660381,0.1,100.0,2.6721690934294138,2.6019240690386245,0.0702450243907892,0.063971375924674,0.0062736484661152,0.0930554154514042,2.7809486598312576,2.457051340168743,0.3238973196625148,2.75
2025-02-03,MTNGH,2.75,2.5,2.75,2.75,2.75,2.75,0.0,426625.0,1173218.75,2.584,2025,2,February,1,0,2.75,2.7,2.65,2.65,2.75,2.7,6096.0,23410.0,16764.0,63260.5,2.707142857142857,2.6750000000000003,0.0449867705421606,2.65,2.75,0.0,0.0,3.773584905660381,0.1,100.0,2.6841430790556577,2.612892656517245,0.0712504225384127,0.0654271852474217,0.0058232372909909,0.0953613816146462,2.7933673921198072,2.4696326078801927,0.3237347842396145,2.75
2025-02-04,MTNGH,2.75,2.5,2.75,2.75,2.75,2.75,0.0,85985.0,236458.75,2.594,2025,2,February,1,1,2.75,2.75,2.7,2.65,2.75,2.7,426625.0,8067.0,1173218.75,22149.45,2.7214285714285715,2.685714285714286,0.0393397896235177,2.65,2.75,0.0,0.0,3.773584905660381,0.1,100.0,2.694274913047095,2.623048756034486,0.0712261570126089,0.0665869796004592,0.0046391774121497,0.0965472905386308,2.801667204479912,2.4863327955200885,0.3153344089598233,2.75
2025-02-05,MTNGH,2.75,2.5,2.75,2.75,2.75,2.75,0.0,67421.0,185407.75,2.604,2025,2,February,1,2,2.75,2.75,2.7,2.65,2.75,2.75,85985.0,6096.0,236458.75,16764.0,2.7357142857142853,2.692857142857143,0.0243975018237888,2.7,2.75,0.0,0.0,3.773584905660381,0.1,100.0,2.702848003347542,2.632452551883784,0.0703954514637588,0.0673486739731191,0.0030467774906396,0.0966543789257541,2.8071221186224307,2.5048778813775696,0.302244237244861,2.75
2025-02-06,MTNGH,2.75,2.5,2.75,2.75,2.75,2.75,0.0,157674.0,433603.5,2.6126666666666667,2025,2,February,1,3,2.75,2.75,2.75,2.7,2.75,2.75,67421.0,426625.0,185407.75,1173218.75,2.742857142857143,2.7,0.0188982236505602,2.7,2.75,0.0,0.0,1.8518518518518448,0.0499999999999998,100.0,2.7101021566786896,2.6411597702627625,0.068942386415927,0.0676674164616807,0.0012749699542463,0.0977305702829067,2.8080150367867907,2.5279849632132096,0.280030073573581,2.75
2025-02-07,MTNGH,2.75,2.5,2.75,2.75,2.75,2.75,0.0,12332.0,33913.0,2.621,2025,2,February,1,4,2.75,2.75,2.75,2.7,2.75,2.75,157674.0,85985.0,433603.5,236458.75,2.75,2.707142857142857,0.0,2.75,2.75,0.0,0.0,1.8518518518518448,0.0499999999999998,100.0,2.7162402864204296,2.649222009502558,0.0670182769178717,0.0675375885529189,-0.0005193116350471,0.0984483060571555,2.803117402250589,2.556882597749411,0.2462348045011779,2.75
2025-02-10,MTNGH,2.75,2.5,2.75,2.75,2.75,2.75,0.0,438573.0,1206075.75,2.6293333333333333,2025,2,February,1,0,2.75,2.75,2.75,2.75,2.75,2.75,12332.0,67421.0,33913.0,185407.75,2.75,2.7142857142857144,0.0,2.75,2.75,0.0,0.0,0.0,0.0,100.0,2.7214340885095947,2.6566870458357017,0.0647470426738929,0.0669794793771137,-0.0022324367032207,0.0984337107006793,2.8005012502910325,2.5794987497089683,0.2210025005820641,2.76
2025-02-11,MTNGH,2.76,2.5,2.75,2.75,2.76,2.76,0.01,45630.0,125796.8,2.638,2025,2,February,1,1,2.75,2.75,2.75,2.75,2.75,2.75,438573.0,157674.0,1206075.75,433603.5,2.751428571428572,2.722142857142857,0.003779644730595,2.75,2.76,0.0036363636363636,0.0036297680505787,0.3636363636363559,0.0099999999999997,100.0,2.7273673056619647,2.664339857255279,0.0630274484066855,0.0661890731830281,-0.0031616247763426,0.0980991757145201,2.8041478611237407,2.591852138876259,0.2122957222474815,2.76
2025-02-12,MTNGH,2.76,2.5,2.76,2.76,2.76,2.76,0.0,48450.0,133732.1,2.6466666666666665,2025,2,February,1,2,2.76,2.75,2.75,2.75,2.75,2.75,45630.0,12332.0,125796.8,33913.0,2.7528571428571427,2.73,0.0048795003651331,2.75,2.76,0.0,0.0,0.3636363636363559,0.0099999999999997,100.0,2.7323877201755087,2.671425793754888,0.0609619264206204,0.0651436438305465,-0.0041817174099261,0.0969654518402352,2.804920489070705,2.607079510929295,0.1978409781414098,2.76
2025-02-13,MTNGH,2.76,2.5,2.76,2.76,2.76,2.76,0.0,8854.0,24449.04,2.655333333333333,2025,2,February,1,3,2.76,2.75,2.75,2.75,2.76,2.75,48450.0,438573.0,133732.1,1206075.75,2.7542857142857144,2.7378571428571425,0.0053452248386059,2.75,2.76,0.0,0.0,0.3636363636363559,0.0099999999999997,100.0,2.7366357632254306,2.677986846069341,0.0586489171560895,0.0638446984956551,-0.0051957813395656,0.0950039321630589,2.8095386604736188,2.6134613395263813,0.1960773209472375,2.8
2025-02-14,MTNGH,2.8,2.5,2.76,2.76,2.8,2.8,0.04,203065.0,568359.72,2.6653333333333333,2025,2,February,1,4,2.76,2.76,2.75,2.75,2.76,2.75,8854.0,45630.0,24449.04,125796.8,2.761428571428571,2.748571428571428,0.0177281052086677,2.75,2.8,0.0144927536231884,0.0143887374520996,1.818181818181812,0.0499999999999998,100.0,2.746384107344596,2.687024857471612,0.0593592498729833,0.0629476087711208,-0.0035883588981374,0.093872008729945,2.8201304524915525,2.617869547508448,0.2022609049831043,2.8
2025-02-17,MTNGH,2.8,2.5,2.8,2.8,2.8,2.8,0.0,1031781.0,2889156.8,2.675333333333333,2025,2,February,1,0,2.8,2.76,2.75,2.75,2.76,2.76,203065.0,48450.0,568359.72,133732.1,2.768571428571428,2.755714285714286,0.021930626551841,2.75,2.8,0.0,0.0,1.818181818181812,0.0499999999999998,100.0,2.7546327062146574,2.6953933865477886,0.0592393196668687,0.0622059509502704,-0.0029666312834016,0.0916038447218375,2.828330612707105,2.6246693872928955,0.2036612254142094,2.81
2025-02-18,MTNGH,2.81,2.5,2.8,2.8,2.82,2.81,0.01,13247.0,37232.01,2.685666666666666,2025,2,February,1,1,2.8,2.76,2.76,2.75,2.8,2.76,1031781.0,8854.0,2889156.8,24449.04,2.7771428571428567,2.7635714285714283,0.0249761791275913,2.75,2.81,0.0035714285714285,0.0035650661644961,2.181818181818184,0.06,100.0,2.7631507514124025,2.7038827653220263,0.0592679860903762,0.0616183579782915,-0.0023503718879153,0.088578168608464,2.8361650848314133,2.632834915168586,0.2033301696628271,2.9
2025-02-19,MTNGH,2.9,2.5,2.81,2.81,2.9,2.9,0.09,158485.0,459553.38,2.6986666666666665,2025,2,February,1,2,2.81,2.8,2.76,2.75,2.8,2.76,13247.0,203065.0,37232.01,568359.72,2.7985714285714285,2.774285714285714,0.0498091596090171,2.76,2.9,0.0320284697508896,0.0315262536467739,5.454545454545452,0.1499999999999999,100.0,2.784204481964341,2.718409967890765,0.0657945140735756,0.0624535891973483,0.0033409248762272,0.0905056040686026,2.8650722348042668,2.628927765195733,0.2361444696085337,2.85
2025-02-20,MTNGH,2.9,2.5,2.9,2.9,2.9,2.85,-0.05,920777.0,2629021.56,2.71,2025,2,February,1,3,2.9,2.8,2.76,2.76,2.81,2.8,158485.0,1031781.0,459553.38,2889156.8,2.811428571428571,2.781428571428571,0.0498091596090181,2.76,2.9,-0.0172413793103447,-0.0173917427118691,3.2608695652174022,0.0900000000000003,75.00000000000006,2.7943268693544425,2.7281573776766344,0.0661694916778081,0.0631967696934403,0.0029727219843678,0.0872965615312484,2.8743568556968144,2.639643144303186,0.2347137113936286,2.9
2025-02-21,MTNGH,2.9,2.5,2.85,2.85,2.9,2.9,0.05,114817.0,332924.8,2.723,2025,2,February,1,4,2.85,2.81,2.8,2.76,2.9,2.8,920777.0,13247.0,2629021.56,37232.01,2.8314285714285714,2.792142857142857,0.0536745040122103,2.76,2.9,0.0175438596491226,0.017391742711869,5.072463768115947,0.1400000000000001,80.00000000000003,2.810584274069144,2.7408864608116983,0.0696978132574455,0.0644969784062413,0.0052008348512041,0.0855066038990647,2.8920131571885515,2.646986842811448,0.2450263143771032,2.9
2025-02-24,MTNGH,2.9,2.5,2.9,2.9,2.9,2.9,0.0,863605.0,2504454.5,2.7346666666666666,2025,2,February,1,0,2.9,2.9,2.8,2.76,2.85,2.81,114817.0,158485.0,332924.8,459553.38,2.8514285714285714,2.802857142857143,0.0484522347020608,2.8,2.9,0.0,0.0,5.072463768115947,0.1400000000000001,80.00000000000003,2.824340539596968,2.7526726488997206,0.0716678906972472,0.0659311608644425,0.0057367298328046,0.0849638192098227,2.9041905328406683,2.659809467159332,0.2443810656813365,2.89
2025-02-25,MTNGH,2.9,2.5,2.9,2.9,2.89,2.89,-0.01,1414941.0,4091504.04,2.744333333333333,2025,2,February,1,1,2.9,2.85,2.81,2.8,2.9,2.9,863605.0,920777.0,2504454.5,2629021.56,2.8642857142857143,2.8128571428571427,0.0442933941114179,2.8,2.9,-0.0034482758620688,-0.0034542348680874,3.214285714285725,0.0900000000000003,76.92307692307702,2.834441995043588,2.762845045277519,0.0715969497660689,0.0670643186447678,0.004532631121301,0.0856087061852911,2.916362029119693,2.6666379708803074,0.2497240582393853,2.89
2025-02-26,MTNGH,2.9,2.5,2.89,2.89,2.89,2.89,0.0,11489131.0,33212144.63,2.754,2025,2,February,1,2,2.89,2.9,2.9,2.8,2.9,2.85,1414941.0,114817.0,4091504.04,332924.8,2.877142857142857,2.8228571428571425,0.0345032779671861,2.81,2.9,0.0,0.0,3.214285714285725,0.0900000000000003,76.92307692307702,2.8429893804214976,2.772263930812518,0.0707254496089797,0.0677965448376102,0.0029289047713695,0.085120604094345,2.9254609429334657,2.6765390570665337,0.2489218858669319,2.91
2025-02-27,MTNGH,2.91,2.5,2.89,2.89,2.91,2.91,0.02,846784.0,2464275.11,2.762666666666667,2025,2,February,1,3,2.89,2.9,2.85,2.81,2.89,2.9,11489131.0,863605.0,33212144.63,2504454.5,2.891428571428572,2.834285714285714,0.0195180014590943,2.85,2.91,0.0069204152249136,0.0068965790590604,3.558718861209968,0.1,78.57142857142867,2.8532987065104978,2.7824666026041838,0.0708321039063144,0.068403656651351,0.0024284472549633,0.0873728961893372,2.94005242020735,2.6779475797926504,0.2621048404146995,2.91
2025-02-28,MTNGH,2.91,2.5,2.91,2.91,2.91,2.91,0.0,418082.0,1216618.62,2.771333333333333,2025,2,February,1,4,2.91,2.89,2.9,2.9,2.89,2.9,846784.0,1414941.0,2464275.11,4091504.04,2.892857142857143,2.8457142857142856,0.0205866345917529,2.85,2.91,0.0,0.0,0.3448275862069045,0.0100000000000002,78.57142857142867,2.86202198243196,2.7919135209297994,0.0701084615021603,0.0687446176215129,0.0013638438806474,0.0886968231493587,2.9523513945258744,2.681648605474125,0.2707027890517492,3.0
2025-03-03,MTNGH,3.0,2.5,2.91,2.91,3.2,3.0,0.09,36046.0,108046.45,2.783,2025,3,March,1,0,2.91,2.89,2.9,2.85,2.91,2.89,418082.0,11489131.0,1216618.62,33212144.63,2.9142857142857146,2.8628571428571425,0.0386683086679915,2.89,3.0,0.0309278350515462,0.0304592074847084,5.263157894736839,0.1499999999999999,83.33333333333341,2.88324936975012,2.807327334194259,0.0759220355558611,0.0701801012083825,0.0057419343474786,0.0949827570558894,2.983666690374906,2.6753333096250937,0.3083333807498123,3.1
2025-03-04,MTNGH,3.1,2.5,3.0,3.0,3.1,3.1,0.1,138227.0,427901.52,2.798,2025,3,March,1,1,3.0,2.91,2.89,2.9,2.91,2.89,36046.0,846784.0,108046.45,2464275.11,2.942857142857143,2.887142857142857,0.0791021039995019,2.89,3.1,0.0333333333333334,0.0327898228229909,6.896551724137938,0.2000000000000001,86.95652173913051,2.916595620557794,2.8290067909206105,0.0875888296371836,0.0736618468941427,0.0139269827430408,0.1079080067976498,3.03818467236541,2.65581532763459,0.3823693447308196,3.19
2025-03-05,MTNGH,3.19,2.5,3.1,3.1,3.19,3.19,0.09,184427.0,588300.01,2.816,2025,3,March,1,2,3.1,2.91,2.89,2.9,3.0,2.91,138227.0,418082.0,427901.52,1216618.62,2.9842857142857144,2.917857142857143,0.1188636674033612,2.89,3.19,0.0290322580645161,0.0286188053056526,10.000000000000002,0.29,89.09090909090915,2.9586578327796715,2.8557470286301947,0.1029108041494768,0.0795116383452096,0.0233991658042672,0.125906369152282,3.1083763827775845,2.629623617222415,0.4787527655551695,3.2
2025-03-07,MTNGH,3.2,2.5,3.19,3.19,3.19,3.2,0.01,1229774.0,3930744.22,2.8343333333333334,2025,3,March,1,4,3.19,3.0,2.91,2.89,3.1,2.91,184427.0,36046.0,588300.01,108046.45,3.0285714285714285,2.946428571428572,0.1345893224378943,2.89,3.2,0.0031347962382446,0.0031298930089277,10.72664359861592,0.31,88.46153846153852,2.9957873969674145,2.8812472487316616,0.1145401482357528,0.0865173403233182,0.0280228079124345,0.1401399136659725,3.165824049639526,2.617175950360473,0.5486480992790526,3.2
2025-03-10,MTNGH,3.2,2.5,3.2,3.2,3.2,3.2,0.0,222757.0,712822.4,2.8526666666666665,2025,3,March,1,0,3.2,3.1,2.91,2.89,3.19,3.0,1229774.0,138227.0,3930744.22,427901.52,3.072857142857143,2.9750000000000005,0.1323775265058826,2.91,3.2,0.0,0.0,10.72664359861592,0.31,88.46153846153852,3.027204720510889,2.904858563640427,0.1223461568704618,0.0936831036327469,0.0286630532377148,0.1507666233376975,3.2122333950027078,2.615766604997292,0.5964667900054152,3.19
2025-03-11,MTNGH,3.2,2.5,3.2,3.2,3.19,3.19,-0.01,262944.0,837791.36,2.8706666666666663,2025,3,March,1,1,3.2,3.19,3.0,2.91,3.2,3.1,222757.0,184427.0,712822.4,588300.01,3.1128571428571425,3.002142857142857,0.1162919151266157,2.91,3.2,-0.003125,-0.0031298930089277,9.62199312714776,0.2799999999999998,86.53846153846156,3.0522501481245983,2.925980151518914,0.1262699966056844,0.1002004822273344,0.0260695143783499,0.1578068075393285,3.247897419034056,2.624102580965944,0.623794838068112,3.17
2025-03-12,MTNGH,3.2,2.5,3.19,3.19,3.17,3.17,-0.02,200933.0,636957.61,2.8863333333333334,2025,3,March,1,2,3.19,3.2,3.1,2.91,3.2,3.19,262944.0,1229774.0,837791.36,3930744.22,3.15,3.021428571428572,0.0748331477355241,3.0,3.2,-0.006269592476489,-0.0062893289075639,8.93470790378006,0.2599999999999998,80.00000000000003,3.070365509951583,2.9440556958508464,0.1263098141007366,0.1054223486020149,0.0208874654987217,0.1635064763735663,3.2735439119512777,2.6394560880487217,0.634087823902556,3.17
2025-03-13,MTNGH,3.2,2.5,3.17,3.17,3.17,3.17,0.0,227639.0,721615.63,2.902,2025,3,March,1,3,3.17,3.2,3.19,3.0,3.19,3.2,200933.0,222757.0,636957.61,712822.4,3.174285714285714,3.0442857142857145,0.0350509832754861,3.1,3.2,0.0,0.0,5.666666666666664,0.1699999999999999,89.99999999999999,3.0856938930359545,2.960792310973006,0.1249015820629484,0.1093181952942016,0.0155833867687468,0.1675050179382411,3.293567112698418,2.6604328873015817,0.6331342253968364,3.16
2025-03-14,MTNGH,3.2,2.5,3.17,3.17,3.16,3.16,-0.01,22093.0,69848.89,2.915666666666666,2025,3,March,1,4,3.17,3.19,3.2,3.1,3.17,3.2,227639.0,262944.0,721615.63,837791.36,3.1828571428571424,3.062857142857143,0.0160356745149653,3.16,3.2,-0.003154574132492,-0.0031595602903684,1.935483870967744,0.06,86.11111111111116,3.0971256017996542,2.975548436086117,0.1215771657135373,0.1117699893780687,0.0098071763354685,0.1713573264653168,3.3063014200115504,2.6876985799884503,0.6186028400231001,3.17
2025-03-17,MTNGH,3.2,2.5,3.16,3.16,3.17,3.17,0.01,182789.0,578615.4,2.929666666666667,2025,3,March,1,0,3.16,3.17,3.2,3.19,3.17,3.19,22093.0,200933.0,69848.89,636957.61,3.18,3.082142857142857,0.0163299316187697,3.16,3.2,0.0031645569620253,0.0031595602903685,-0.6269592476489034,-0.02,86.48648648648653,3.1083370476766303,2.989952255635293,0.1183847920413367,0.1130929499107224,0.0052918421306143,0.1744841329281435,3.319402685255285,2.7115973147447154,0.6078053705105697,3.17
2025-03-18,MTNGH,3.2,2.5,3.17,3.17,3.17,3.17,0.0,276662.0,877018.54,2.9436666666666667,2025,3,March,1,1,3.17,3.17,3.19,3.2,3.16,3.17,182789.0,227639.0,578615.4,721615.63,3.1757142857142857,3.1021428571428578,0.0139727626203657,3.16,3.2,0.0,0.0,-0.9375000000000078,-0.0300000000000002,88.88888888888887,3.1178236557263794,3.0032891255882346,0.1145345301381448,0.1133812659562069,0.0011532641819379,0.176410245486626,3.327537409074936,2.7404625909250635,0.5870748181498726,3.17
2025-03-19,MTNGH,3.2,2.5,3.17,3.17,3.17,3.17,0.0,140993.0,446442.95,2.957666666666667,2025,3,March,1,2,3.17,3.16,3.17,3.2,3.17,3.17,276662.0,22093.0,877018.54,69848.89,3.1714285714285717,3.1221428571428573,0.008997354108811,3.16,3.19,0.0,0.0,-0.9375000000000078,-0.0300000000000002,88.88888888888887,3.1258507856146287,3.015638079248365,0.1102127063662634,0.1127475540382182,-0.0025348476719547,0.1771748276145286,3.3315183827870736,2.7724816172129265,0.559036765574147,3.17
2025-03-20,MTNGH,3.2,2.5,3.17,3.17,3.17,3.17,0.0,142383.0,451354.11,2.9716666666666667,2025,3,March,1,3,3.17,3.17,3.17,3.19,3.17,3.16,140993.0,182789.0,446442.95,578615.4,3.1685714285714286,3.1407142857142856,0.0037796447310094,3.16,3.17,0.0,0.0,-0.6269592476489034,-0.02,88.23529411764704,3.1326429724431475,3.0270722956003384,0.105570676842809,0.1113121785991363,-0.0057415017563273,0.1767929498776603,3.340146183872818,2.790853816127182,0.5492923677456361,3.17
2025-03-21,MTNGH,3.2,2.5,3.17,3.17,3.17,3.17,0.0,596312.0,1887696.29,2.985666666666667,2025,3,March,1,4,3.17,3.17,3.16,3.17,3.17,3.17,142383.0,276662.0,451354.11,877018.54,3.1685714285714286,3.1592857142857147,0.0037796447310094,3.16,3.17,0.0,0.0,0.0,0.0,88.23529411764704,3.138390207451894,3.0376595329632763,0.1007306744886178,0.1091958777770326,-0.0084652032884148,0.1752571181757607,3.3401015020107545,2.822898497989245,0.5172030040215096,3.12
2025-03-24,MTNGH,3.2,2.5,3.17,3.17,3.12,3.12,-0.05,5525660.0,17248922.15,2.998,2025,3,March,1,0,3.17,3.17,3.17,3.17,3.17,3.17,596312.0,140993.0,1887696.29,446442.95,3.161428571428572,3.167857142857143,0.0186445447149004,3.12,3.17,-0.0157728706624604,-0.0158985860677981,-1.5772870662460512,-0.0499999999999998,70.00000000000003,3.135560944766987,3.0437588268178484,0.0918021179491388,0.1057171258114539,-0.013915007862315,0.1710696571172549,3.3369219819559435,2.848078018044057,0.4888439639118864,3.05
2025-03-25,MTNGH,3.2,2.5,3.12,3.12,3.13,3.05,-0.07,357856.0,1092429.14,3.0080000000000005,2025,3,March,1,1,3.12,3.17,3.17,3.16,3.17,3.17,5525660.0,142383.0,17248922.15,451354.11,3.145714285714285,3.1642857142857146,0.0461364436056593,3.05,3.17,-0.0224358974358975,-0.0226914112020708,-3.481012658227858,-0.1100000000000003,40.74074074074069,3.122397722495143,3.044221135942452,0.0781765865526908,0.1002090179597013,-0.0220324314070104,0.1647233835964299,3.328219654119512,2.871780345880488,0.4564393082390241,3.19
2025-03-26,MTNGH,3.2,2.5,3.05,3.05,3.2,3.19,0.14,1501504.0,4791454.92,3.022333333333333,2025,3,March,1,2,3.05,3.17,3.17,3.17,3.12,3.17,357856.0,596312.0,1092429.14,1887696.29,3.148571428571429,3.164285714285714,0.0484522347020839,3.05,3.19,0.0459016393442623,0.044879326177433,0.6309148264984233,0.02,50.0,3.1327980728805054,3.0550195703170853,0.0777785025634201,0.095722914880445,-0.0179444123170249,0.1610672023664945,3.3237052820054083,2.906294717994592,0.4174105640108161,3.2
2025-03-27,MTNGH,3.2,2.5,3.19,3.19,3.2,3.2,0.01,411832.0,1317467.4,3.037,2025,3,March,1,3,3.19,3.12,3.17,3.17,3.05,3.17,1501504.0,5525660.0,4791454.92,17248922.15,3.152857142857143,3.1642857142857146,0.0518698003705721,3.05,3.2,0.0031347962382446,0.0031298930089277,0.9463722397476418,0.0300000000000002,50.0,3.143136830898889,3.0657588614047087,0.0773779694941803,0.0920539258031921,-0.0146759563090118,0.15631864009576,3.313282585834445,2.9477174141655555,0.365565171668889,3.19
2025-03-28,MTNGH,3.2,2.5,3.2,3.2,3.19,3.19,-0.01,3207193.0,10246189.24,3.051333333333333,2025,3,March,1,4,3.2,3.05,3.17,3.17,3.19,3.12,411832.0,357856.0,1317467.4,1092429.14,3.1557142857142857,3.1635714285714287,0.0534967733785095,3.05,3.2,-0.003125,-0.0031298930089277,0.6309148264984233,0.02,48.484848484848456,3.1503465492221365,3.0749619087080635,0.075384640514073,0.0887200687453683,-0.0133354282312953,0.149614062895506,3.296466062693756,2.992533937306244,0.3039321253875124,3.02
2025-04-02,MTNGH,3.2,2.5,3.19,3.19,3.02,3.02,-0.17,72691.0,219283.79,3.058666666666667,2025,4,April,2,2,3.19,3.19,3.12,3.17,3.2,3.05,3207193.0,1501504.0,10246189.24,4791454.92,3.1342857142857143,3.1514285714285712,0.0732250282479387,3.02,3.2,-0.0532915360501566,-0.0547640854099748,-4.731861198738168,-0.1499999999999999,32.65306122448982,3.1302932339571923,3.07089065621117,0.059402577746022,0.082856570545499,-0.0234539927994769,0.1420716995608219,3.271048054833872,3.028951945166128,0.2420961096677434,3.04
2025-04-03,MTNGH,3.2,2.5,3.02,3.02,3.1,3.04,0.02,107735.0,326569.7,3.066666666666667,2025,4,April,2,3,3.02,3.2,3.05,3.17,3.19,3.19,72691.0,411832.0,219283.79,1317467.4,3.1157142857142857,3.1421428571428573,0.0789212989539449,3.02,3.2,0.0066225165562914,0.006600684031352,-4.100946372239744,-0.1299999999999999,36.73469387755104,3.1164019671945478,3.0686024594547874,0.0477995077397599,0.0758451579843512,-0.0280456502445913,0.133502765910507,3.2635630574589567,3.040436942541044,0.2231261149179131,3.07
2025-04-04,MTNGH,3.2,2.5,3.04,3.04,3.07,3.07,0.03,7729.0,23686.61,3.075333333333333,2025,4,April,2,4,3.04,3.19,3.19,3.12,3.02,3.2,107735.0,3207193.0,326569.7,10246189.24,3.108571428571428,3.135,0.080711125096186,3.02,3.2,0.0098684210526314,0.0098200461809752,-1.602564102564111,-0.0500000000000002,40.38461538461538,3.1092632030107707,3.068705980976655,0.0405572220341157,0.0687875707943041,-0.0282303487601884,0.1243946260435486,3.265752583028987,3.0352474169710133,0.2305051660579735,3.07
2025-04-07,MTNGH,3.2,2.5,3.07,3.07,3.07,3.07,0.0,203018.0,623295.26,3.081,2025,4,April,2,0,3.07,3.02,3.2,3.05,3.04,3.19,7729.0,72691.0,23686.61,219283.79,3.111428571428572,3.128571428571429,0.0786190331978133,3.02,3.2,0.0,0.0,0.6557377049180334,0.02,41.17647058823527,3.103222710239883,3.0688018342376435,0.0344208760022395,0.0619142318358912,-0.0274933558336516,0.1199238263980082,3.2635267550644347,3.025473244935565,0.2380535101288696,3.07
2025-04-08,MTNGH,3.2,2.5,3.07,3.07,3.07,3.07,0.0,175754.0,539584.85,3.0883333333333334,2025,4,April,2,1,3.07,3.04,3.19,3.19,3.07,3.02,203018.0,107735.0,623295.26,326569.7,3.0942857142857143,3.121428571428571,0.0713809364973902,3.02,3.2,0.0,0.0,-3.761755485893421,-0.1200000000000001,40.0,3.098111524049132,3.0688905872570773,0.0292209367920546,0.0553755728271239,-0.0261546360350692,0.1117596970516029,3.2584552766977293,3.0175447233022705,0.2409105533954587,3.07
2025-04-09,MTNGH,3.2,2.5,3.07,3.07,3.07,3.07,0.0,67742.0,207955.74,3.094,2025,4,April,2,2,3.07,3.07,3.02,3.2,3.07,3.04,175754.0,7729.0,539584.85,23686.61,3.075714285714286,3.114285714285714,0.0541162769282741,3.02,3.19,0.0,0.0,-4.062500000000011,-0.1300000000000003,40.0,3.093786674195419,3.068972765978775,0.024813908216644,0.0492632399050279,-0.0244493316883838,0.106044883145713,3.2518984612601,3.0111015387399,0.2407969225202002,3.07
2025-04-10,MTNGH,3.2,2.5,3.07,3.07,3.07,3.07,0.0,346659.0,1064139.1,3.099666666666667,2025,4,April,2,3,3.07,3.07,3.04,3.19,3.07,3.07,67742.0,203018.0,207955.74,623295.26,3.0585714285714283,3.107142857142857,0.0203540097841141,3.02,3.07,0.0,0.0,-3.761755485893421,-0.1200000000000001,40.0,3.0901271858576624,3.0690488573877546,0.0210783284699078,0.0436262576180039,-0.022547929148096,0.0996712988583003,3.2455833044187044,3.005416695581295,0.2401666088374092,3.07
2025-04-11,MTNGH,3.2,2.5,3.07,3.07,3.07,3.07,0.0,241956.0,742782.32,3.1056666666666666,2025,4,April,2,4,3.07,3.07,3.07,3.02,3.07,3.07,346659.0,175754.0,1064139.1,539584.85,3.0657142857142854,3.1,0.011338934190548,3.04,3.07,0.0,0.0,1.655629139072842,0.0499999999999998,40.0,3.0870306957257143,3.0691193123960687,0.0179113833296455,0.0384832827603322,-0.0205718994306866,0.0917148253850542,3.241108108307812,2.999891891692189,0.2412162166156228,3.0
2025-04-14,MTNGH,3.2,2.5,3.07,3.07,3.0,3.0,-0.07,193475.0,580600.63,3.1093333333333333,2025,4,April,2,0,3.07,3.07,3.07,3.04,3.07,3.07,241956.0,67742.0,742782.32,207955.74,3.06,3.087857142857142,0.0264575131107615,3.0,3.07,-0.0228013029315959,-0.0230652729309959,-1.3157894736842115,-0.04,35.08771929824563,3.0736413579217583,3.0639993633296934,0.0096419945920649,0.0327150251266788,-0.0230730305346138,0.0847280979057204,3.241549827845704,2.9824501721542966,0.2590996556914069,3.0
2025-04-15,MTNGH,3.2,2.5,3.0,3.0,3.0,3.0,0.0,641448.0,1924344.0,3.112333333333333,2025,4,April,2,1,3.0,3.07,3.07,3.07,3.07,3.07,193475.0,346659.0,580600.63,1064139.1,3.05,3.079285714285714,0.0341565025532873,3.0,3.07,0.0,0.0,-2.280130293159604,-0.0699999999999998,38.46153846153846,3.062311918241488,3.0592586697497164,0.0030532484917715,0.0267826697996973,-0.0237294213079257,0.0788137627284158,3.2406362824593997,2.967363717540601,0.2732725649187983,3.0
2025-04-16,MTNGH,3.2,2.5,3.0,3.0,3.0,3.0,0.0,298711.0,896133.0,3.115333333333333,2025,4,April,2,2,3.0,3.07,3.07,3.07,3.0,3.07,641448.0,241956.0,1924344.0,742782.32,3.04,3.075714285714285,0.0374165738678196,3.0,3.07,0.0,0.0,-2.280130293159604,-0.0699999999999998,44.444444444444464,3.0527254692812598,3.054869138657145,-0.0021436693758856,0.0209974019645807,-0.0231410713404663,0.0722893292709617,3.2359466559160754,2.9550533440839244,0.280893311832151,3.0
2025-04-17,MTNGH,3.2,2.5,3.0,3.0,3.0,3.0,0.0,217541.0,652623.0,3.115333333333333,2025,4,April,2,3,3.0,3.0,3.07,3.07,3.0,3.07,298711.0,193475.0,896133.0,580600.63,3.03,3.062142857142857,0.0374165738678188,3.0,3.07,0.0,0.0,-2.280130293159604,-0.0699999999999998,19.35483870967744,3.044613858622604,3.0508047580158757,-0.0061908993932711,0.0155597416930103,-0.0217506410862815,0.0722893292709617,3.229030389632152,2.9449696103678487,0.284060779264303,3.0
2025-04-22,MTNGH,3.2,2.5,3.0,3.0,3.0,3.0,0.0,1752747.0,5258241.0,3.112,2025,4,April,2,1,3.0,3.0,3.07,3.07,3.0,3.0,217541.0,641448.0,652623.0,1924344.0,3.02,3.0478571428571426,0.0341565025532849,3.0,3.07,0.0,0.0,-2.280130293159604,-0.0699999999999998,16.666666666666615,3.0377501880652806,3.047041442607292,-0.0092912545420111,0.010589542446006,-0.0198807969880172,0.0752650489019678,3.219962288075237,2.937037711924763,0.2829245761504744,3.0
2025-04-23,MTNGH,3.2,2.5,3.0,3.0,3.0,3.0,0.0,4477962.0,13433886.0,3.1056666666666666,2025,4,April,2,2,3.0,3.0,3.0,3.07,3.0,3.0,1752747.0,298711.0,5258241.0,896133.0,3.01,3.0342857142857143,0.0264575131107563,3.0,3.07,0.0,0.0,-2.280130293159604,-0.0699999999999998,17.241379310344797,3.0319424668244683,3.043556891303048,-0.0116144244785796,0.0061487490610889,-0.0177631735396685,0.0764597407400239,3.208715915681188,2.931284084318812,0.2774318313623762,3.0
2025-04-24,MTNGH,3.2,2.5,3.0,3.0,3.0,3.0,0.0,2146027.0,6437781.0,3.099,2025,4,April,2,3,3.0,3.0,3.0,3.07,3.0,3.0,4477962.0,217541.0,13433886.0,652623.0,3.0,3.032857142857143,0.0,3.0,3.0,0.0,0.0,-2.280130293159604,-0.0699999999999998,41.66666666666664,3.0270282411591656,3.04033045491023,-0.0133022137510643,0.0022585564986582,-0.0155607702497226,0.0766699149737211,3.195157063137075,2.927842936862925,0.2673141262741501,3.0
2025-04-25,MTNGH,3.2,2.5,3.0,3.0,3.0,3.0,0.0,4004843.0,12013529.0,3.0923333333333334,2025,4,April,2,4,3.0,3.0,3.0,3.0,3.0,3.0,2146027.0,1752747.0,6437781.0,5258241.0,3.0,3.03,0.0,3.0,3.0,0.0,0.0,0.0,0.0,29.999999999999915,3.0228700502116017,3.0373430138057684,-0.0144729635941667,-0.0010877475199067,-0.01338521607426,0.0762791304822954,3.188873239642529,2.9221267603574708,0.2667464792850582,3.0
2025-04-28,MTNGH,3.2,2.5,3.0,3.0,3.0,3.0,0.0,707750.0,2123250.0,3.086,2025,4,April,2,0,3.0,3.0,3.0,3.0,3.0,3.0,4004843.0,4477962.0,12013529.0,13433886.0,3.0,3.0249999999999995,0.0,3.0,3.0,0.0,0.0,0.0,0.0,0.0,3.0193515809482783,3.0345768646349707,-0.0152252836866924,-0.0039152547532638,-0.0113100289334285,0.0757764407024098,3.1886621189810467,2.917337881018953,0.2713242379620935,3.0
2025-04-29,MTNGH,3.2,2.5,3.0,3.0,3.0,3.0,0.0,155500.0,467250.0,3.0803333333333334,2025,4,April,2,1,3.0,3.0,3.0,3.0,3.0,3.0,707750.0,2146027.0,2123250.0,6437781.0,3.0,3.02,0.0,3.0,3.0,0.0,0.0,0.0,0.0,0.0,3.0163744146485434,3.032015615402751,-0.0156412007542074,-0.0062604439534525,-0.0093807568007549,0.0756344809769475,3.164595873284052,2.922404126715948,0.2421917465681042,3.02
2025-04-30,MTNGH,3.2,2.5,3.0,3.0,3.1,3.02,0.02,9287.0,28024.0,3.075333333333333,2025,4,April,2,2,3.0,3.0,3.0,3.0,3.0,3.0,155500.0,4004843.0,467250.0,12013529.0,3.002857142857143,3.016428571428572,0.0075592894605688,3.0,3.02,0.0066666666666665,0.0066445427186685,0.6666666666666672,0.02,22.22222222222227,3.016932197010306,3.031125569817362,-0.014193372807056,-0.0078470297241732,-0.0063463430828827,0.0744512491886849,3.130849145791999,2.938150854208001,0.1926982915839978,3.12
2025-05-02,MTNGH,3.2,2.5,3.02,3.02,3.12,3.12,0.1,988763.0,3081344.81,3.074,2025,5,May,2,4,3.02,3.0,3.0,3.0,3.0,3.0,9287.0,707750.0,28024.0,2123250.0,3.02,3.02,0.0447213595500619,3.0,3.12,0.0331125827814569,0.0325761704346126,4.000000000000004,0.1200000000000001,63.15789473684218,3.0327887820856434,3.037708860942002,-0.0049200788563585,-0.0072616395506103,0.0023415606942517,0.0732308583911057,3.1063657747264024,2.955634225273598,0.1507315494528045,3.19
2025-05-05,MTNGH,3.2,2.5,3.12,3.12,3.2,3.19,0.07,1001915.0,3197751.24,3.0746666666666664,2025,5,May,2,0,3.12,3.0,3.0,3.0,3.02,3.0,988763.0,155500.0,3081344.81,467250.0,3.0471428571428576,3.0285714285714285,0.0767494377209518,3.0,3.19,0.0224358974358973,0.0221879149753621,6.333333333333331,0.1899999999999999,73.07692307692312,3.0569751233032365,3.0489896860574093,0.0079854372458272,-0.0042122241913228,0.01219766143715,0.0742193084522819,3.1428084293707856,2.936191570629214,0.2066168587415715,3.21
2025-05-06,MTNGH,3.21,2.5,3.19,3.19,3.24,3.21,0.02,236536.0,758175.77,3.076,2025,5,May,2,1,3.19,3.02,3.0,3.0,3.12,3.0,1001915.0,9287.0,3197751.24,28024.0,3.0771428571428574,3.0385714285714287,0.0942893217203435,3.0,3.21,0.006269592476489,0.0062500203451713,6.999999999999999,0.2099999999999999,75.00000000000004,3.080517412025816,3.0609163759790827,0.0196010360467329,0.0005504278562883,0.0190506081904445,0.0763205580837524,3.176407246885615,2.9195927531143853,0.2568144937712295,3.29
2025-05-07,MTNGH,3.29,2.5,3.21,3.21,3.3,3.29,0.08,527560.0,1737444.78,3.08,2025,5,May,2,2,3.21,3.12,3.0,3.0,3.19,3.02,236536.0,988763.0,758175.77,3081344.81,3.1185714285714288,3.059285714285714,0.1159638695785266,3.0,3.29,0.0249221183800623,0.024616627635356,9.666666666666668,0.29,100.0,3.1127455024833823,3.0778855333139656,0.0348599691694166,0.007412336118914,0.0274476330505026,0.0841591267819373,3.226947360174508,2.8910526398254928,0.3358947203490148,3.3
2025-05-08,MTNGH,3.3,2.5,3.29,3.29,3.3,3.3,0.01,1723566.0,5692692.8,3.0843333333333334,2025,5,May,2,3,3.29,3.19,3.02,3.0,3.21,3.12,527560.0,1001915.0,1737444.78,3197751.24,3.161428571428572,3.080714285714286,0.1201982489374357,3.0,3.3,0.0030395136778114,0.0030349036951538,9.999999999999991,0.2999999999999998,100.0,3.141553886716708,3.0943384567721903,0.0472154299445177,0.0153729548840347,0.031842475060483,0.0919401354456023,3.270128602528498,2.870871397471502,0.3992572050569958,3.3
2025-05-09,MTNGH,3.3,2.5,3.3,3.3,3.3,3.3,0.0,284730.0,939720.11,3.0886666666666667,2025,5,May,2,4,3.3,3.21,3.12,3.0,3.29,3.19,1723566.0,236536.0,5692692.8,758175.77,3.204285714285714,3.1021428571428573,0.1056499160525542,3.02,3.3,0.0,0.0,9.999999999999991,0.2999999999999998,100.0,3.1659302118372143,3.109572645159436,0.0563575666777786,0.0235698772427835,0.0327876894349951,0.0989159634037931,3.3064619297227256,2.857538070277274,0.4489238594454514,3.3
2025-05-12,MTNGH,3.3,2.5,3.3,3.3,3.3,3.3,0.0,432300.0,1428303.3,3.094666666666667,2025,5,May,2,0,3.3,3.29,3.19,3.02,3.3,3.21,284730.0,527560.0,939720.11,1737444.78,3.2442857142857138,3.1235714285714287,0.0718463970002115,3.12,3.3,0.0,0.0,9.27152317880794,0.2799999999999998,100.0,3.1865563330930278,3.123678375147626,0.0628779579454015,0.0314314933833071,0.0314464645620943,0.1060817294982597,3.3380425374688265,2.848957462531173,0.4890850749376536,3.32
2025-05-13,MTNGH,3.32,2.5,3.3,3.3,3.31,3.32,0.02,12134667.0,40232507.52,3.1036666666666664,2025,5,May,2,1,3.3,3.3,3.21,3.12,3.3,3.29,432300.0,1723566.0,1428303.3,5692692.8,3.2728571428571427,3.146428571428572,0.050896720822501,3.19,3.32,0.0060606060606061,0.0060423144559626,6.410256410256402,0.1999999999999997,100.0,3.207086128001792,3.138220717729283,0.068865410272509,0.0389182767611475,0.0299471335113615,0.1133649381220267,3.3702486866971464,2.8417513133028534,0.528497373394293,3.46
2025-05-14,MTNGH,3.46,2.5,3.32,3.32,3.55,3.46,0.14,806314.0,2787384.38,3.1126666666666667,2025,5,May,2,2,3.32,3.3,3.29,3.19,3.3,3.3,12134667.0,284730.0,40232507.52,939720.11,3.3114285714285714,3.1792857142857143,0.0744823405085169,3.21,3.46,0.0421686746987952,0.0413038061412357,8.46394984326019,0.27,100.0,3.245995954463055,3.1620562201197067,0.0839397343433483,0.0479225682775876,0.0360171660657606,0.1299584372109311,3.4326413184086424,2.818358681591357,0.6142826368172853,3.53
2025-05-15,MTNGH,3.53,2.5,3.46,3.46,3.53,3.53,0.07,1321275.0,4665444.7,3.123666666666667,2025,5,May,2,3,3.46,3.3,3.3,3.21,3.32,3.3,806314.0,432300.0,2787384.38,1428303.3,3.3571428571428568,3.217142857142857,0.0967323258127846,3.29,3.53,0.0202312138728322,0.0200292818755723,9.968847352024918,0.3199999999999998,100.0,3.289688884545662,3.1893113149256545,0.1003775696200075,0.0584135685460716,0.0419640010739358,0.1500226036609288,3.502013533573099,2.8019864664269014,0.7000270671461974,3.54
2025-05-16,MTNGH,3.54,2.5,3.53,3.53,3.54,3.54,0.01,6299736.0,20927220.3,3.135333333333333,2025,5,May,2,4,3.53,3.32,3.3,3.29,3.46,3.3,1321275.0,12134667.0,4665444.7,40232507.52,3.392857142857143,3.255714285714286,0.1126520136991978,3.3,3.54,0.0028328611898018,0.0028288562004778,7.598784194528875,0.25,100.0,3.3281982869232527,3.2152882545607917,0.1129100323624614,0.0693128613093496,0.0435971710531118,0.1679025442565563,3.561451923363353,2.796548076636647,0.764903846726706,3.53
2025-05-19,MTNGH,3.54,2.5,3.54,3.54,3.53,3.53,-0.01,696455.0,2458931.82,3.152333333333333,2025,5,May,2,0,3.54,3.46,3.3,3.3,3.53,3.32,6299736.0,806314.0,20927220.3,2787384.38,3.4257142857142853,3.2935714285714286,0.1145799783058963,3.3,3.54,-0.0028248587570621,-0.0028288562004777,6.969696969696971,0.2299999999999999,98.18181818181814,3.359244704319676,3.2386002357044363,0.120644468615239,0.0795791827705275,0.0410652858447115,0.1811207129063017,3.608618109896385,2.8023818901036144,0.8062362197927708,3.36
2025-05-20,MTNGH,3.54,2.5,3.53,3.53,3.36,3.36,-0.17,103273.0,348255.44,3.163,2025,5,May,2,1,3.53,3.53,3.32,3.3,3.54,3.46,696455.0,1321275.0,2458931.82,4665444.7,3.434285714285714,3.3192857142857144,0.1054920443852507,3.3,3.54,-0.0481586402266288,-0.0493568969700924,1.81818181818182,0.06,74.99999999999999,3.35936090365511,3.247592810837441,0.1117680928176692,0.0860169647799558,0.0257511280377133,0.1836816961954844,3.620078790207223,2.826921209792777,0.7931575804144462,3.28
2025-05-21,MTNGH,3.54,2.5,3.36,3.36,3.28,3.28,-0.08,655366.0,2153197.63,3.17,2025,5,May,2,2,3.36,3.54,3.46,3.3,3.53,3.53,103273.0,6299736.0,348255.44,20927220.3,3.4314285714285715,3.337857142857142,0.1099133858133787,3.28,3.54,-0.0238095238095238,-0.0240975515790605,-0.6060606060606066,-0.02,66.66666666666666,3.347151533862016,3.2499933433680006,0.0971581904940155,0.0882452099227677,0.0089129805712477,0.1840164910151428,3.620390667368656,2.854609332631344,0.7657813347373121,3.23
2025-05-22,MTNGH,3.54,2.5,3.28,3.28,3.2,3.23,-0.05,348048.0,1123947.42,3.1753333333333336,2025,5,May,2,3,3.28,3.53,3.53,3.32,3.36,3.54,655366.0,696455.0,2153197.63,2458931.82,3.4185714285714286,3.3457142857142856,0.1287670469528619,3.23,3.54,-0.0152439024390242,-0.015361285161487,-2.710843373493972,-0.0899999999999998,57.53424657534246,3.329128220960168,3.2485123549703707,0.0806158659897966,0.0867193411361735,-0.0061034751463769,0.1833356321695196,3.615313067140684,2.882686932859316,0.732626134281368,3.2
2025-05-23,MTNGH,3.54,2.5,3.23,3.23,3.2,3.2,-0.03,100660.0,322164.72,3.179666666666667,2025,5,May,2,4,3.23,3.36,3.54,3.46,3.28,3.53,348048.0,103273.0,1123947.42,348255.44,3.3814285714285712,3.3464285714285715,0.1504912590406066,3.2,3.54,-0.0092879256965943,-0.0093313274288841,-7.514450867052017,-0.2599999999999998,50.72463768115944,3.3092623408124493,3.2449188471947874,0.0643434936176619,0.0822441716324712,-0.0179006780148093,0.1822934983487859,3.607162091712156,2.9108379082878426,0.6963241834243137,3.18
2025-05-26,MTNGH,3.54,2.5,3.2,3.2,3.2,3.18,-0.02,271112.0,864402.1,3.183333333333333,2025,5,May,2,0,3.2,3.28,3.53,3.53,3.23,3.36,100660.0,655366.0,322164.72,2153197.63,3.3314285714285714,3.3442857142857143,0.1510439860249103,3.18,3.54,-0.0062499999999999,-0.0062696130135953,-9.91501416430594,-0.3499999999999996,47.82608695652175,3.289375826841303,3.240110043698877,0.0492657831424261,0.0756484939344622,-0.026382710792036,0.1811140492910024,3.5967360163127458,2.939263983687254,0.6574720326254919,3.18
2025-05-27,MTNGH,3.54,2.5,3.2,3.2,3.2,3.18,-0.02,271112.0,864402.1,3.187,2025,5,May,2,1,3.18,3.23,3.36,3.54,3.2,3.28,271112.0,348048.0,864402.1,1123947.42,3.28,3.3364285714285717,0.1276714533480654,3.18,3.53,0.0,0.0,-10.169491525423725,-0.3599999999999999,40.98360655737706,3.272548776558026,3.2356574478693307,0.0368913286886951,0.0678970608853088,-0.0310057321966136,0.1798495539860315,3.583978483731036,2.970021516268964,0.6139569674620722,3.0
2025-05-28,MTNGH,3.54,2.5,3.06,3.06,3.0,3.0,-0.06,276505.0,829313.15,3.1846666666666668,2025,5,May,2,2,3.18,3.2,3.28,3.53,3.2,3.23,271112.0,100660.0,864402.1,322164.72,3.204285714285714,3.315,0.1107334852784447,3.0,3.36,-0.0566037735849057,-0.0582689081239758,-15.014164305949004,-0.5299999999999998,30.769230769230774,3.230618195549099,3.2182013406197507,0.0124168549293481,0.0568010196941166,-0.0443841647647684,0.1818626486899239,3.583978483731036,2.970021516268964,0.6139569674620722,3.0
2025-05-29,MTNGH,3.54,2.5,3.0,3.0,3.0,3.0,0.0,104601.0,313803.0,3.1846666666666668,2025,5,May,2,3,3.0,3.18,3.23,3.36,3.06,3.2,276505.0,271112.0,829313.15,864402.1,3.152857142857143,3.2935714285714286,0.1099567014350769,3.0,3.28,0.0,0.0,-10.714285714285712,-0.3599999999999999,30.769230769230774,3.19513847315693,3.202038278351621,-0.0068998051946911,0.0440608547163551,-0.0509606599110462,0.1818626486899239,3.5866122985332707,2.965387701466729,0.6212245970665418,2.98
2025-05-30,MTNGH,3.54,2.5,3.0,3.0,2.99,2.98,-0.02,305779.0,910311.44,3.184,2025,5,May,2,4,3.0,3.18,3.2,3.28,3.0,3.2,104601.0,271112.0,313803.0,864402.1,3.11,3.270714285714285,0.1106044001536083,2.98,3.23,-0.0066666666666667,-0.0066889881507966,-9.146341463414627,-0.2999999999999998,30.00000000000001,3.1620402465174022,3.185590998473724,-0.0235507519563213,0.0305385333818198,-0.0540892853381412,0.1825981077818885,3.600052547904114,2.937947452095885,0.6621050958082284,2.87
2025-06-02,MTNGH,3.54,2.5,2.98,2.98,2.87,2.87,-0.11,358519.0,1030558.02,3.179666666666667,2025,6,June,2,0,2.98,3.0,3.18,3.23,3.0,3.06,305779.0,276505.0,910311.44,829313.15,3.0585714285714287,3.2385714285714284,0.1278578079259333,2.87,3.2,-0.0369127516778523,-0.0376112707457833,-11.14551083591331,-0.3599999999999999,24.71910112359552,3.117110977822417,3.1622138874756702,-0.0451029096532527,0.0154102447748053,-0.060513154428058,0.1885604875663862,3.628126645281458,2.877873354718542,0.7502532905629158,3.0
2025-06-03,MTNGH,3.54,2.5,3.0,3.0,3.0,3.0,0.0,1606164.0,313803.0,3.179666666666667,2025,6,June,2,1,2.87,3.0,3.18,3.2,2.98,3.0,358519.0,104601.0,1030558.02,313803.0,3.03,3.205714285714286,0.1123981020006074,2.87,3.18,0.0452961672473868,0.04430025889658,-6.250000000000005,-0.2000000000000001,23.86363636363636,3.0990939043112764,3.150198043958954,-0.0511041396476774,0.0021073678903087,-0.0532115075379862,0.1885604875663862,3.634089204732814,2.8509107952671853,0.7831784094656289,3.07
2025-06-04,MTNGH,3.2,2.5,3.04,3.04,3.07,3.07,0.03,5654705.0,23686.61,3.1820000000000004,2025,6,June,2,2,3.0,2.98,3.0,3.18,3.0,3.0,1606164.0,305779.0,313803.0,910311.44,3.0142857142857147,3.172857142857143,0.0941376904428309,2.87,3.18,0.0233333333333332,0.0230652729309959,-3.459119496855356,-0.1100000000000003,23.86363636363636,3.0946179190326184,3.1442574481101424,-0.049639529077524,-0.0082420115032577,-0.0413975175742662,0.1866843177204972,3.629773907334233,2.833226092665766,0.7965478146684672,3.17
2025-06-05,MTNGH,3.2,2.5,3.16,3.16,3.17,3.17,0.01,2358223.0,578615.4,3.187666666666667,2025,6,June,2,3,3.07,2.87,3.0,3.18,3.04,2.98,5654705.0,358519.0,23686.61,1030558.02,3.012857142857143,3.146428571428572,0.0912349139519241,2.87,3.17,0.0325732899022801,0.0320540262900834,-0.3144654088050387,-0.0100000000000002,30.92783505154638,3.106215162258369,3.1461643038056875,-0.0399491415473183,-0.0145834375120698,-0.0253657040352484,0.183522681738941,3.6228097932166414,2.8271902067833588,0.7956195864332827,2.81
2025-06-09,MTNGH,3.54,2.5,2.81,2.81,2.81,2.81,0.0,855.0,2436.75,3.1813333333333333,2025,6,June,2,0,3.17,3.0,2.98,3.0,3.16,3.0,2358223.0,1606164.0,578615.4,313803.0,2.985714285714286,3.095,0.1195626952491595,2.81,3.17,-0.113564668769716,-0.1205471045435348,-6.333333333333331,-0.1899999999999999,22.72727272727272,3.0606435988340044,3.1212632442645254,-0.060619645430521,-0.0237906790957601,-0.0368289663347608,0.1932433401329941,3.637305388438077,2.7636946115619225,0.8736107768761538,2.83
2025-06-10,MTNGH,3.54,2.5,2.81,2.81,2.85,2.83,0.02,198318.0,560101.8,3.175666666666667,2025,6,June,2,1,2.81,3.07,2.87,3.0,2.81,3.04,855.0,5654705.0,2436.75,23686.61,2.9614285714285717,3.0571428571428574,0.1327188220046082,2.81,3.17,0.0071174377224199,0.0070922283094918,-5.666666666666664,-0.1699999999999999,27.350427350427356,3.025159968244157,3.09968818913382,-0.0745282208896629,-0.0339381874545406,-0.0405900334351222,0.2010778427638998,3.640991832959104,2.7130081670408965,0.927983665918207,2.85
2025-06-11,MTNGH,3.54,2.5,2.83,2.83,2.86,2.85,0.02,152110.0,433831.3,3.170666666666667,2025,6,June,2,2,2.83,3.17,3.0,2.98,2.81,3.16,198318.0,2358223.0,560101.8,578615.4,2.942857142857143,3.0264285714285712,0.1386499532052375,2.81,3.17,0.0070671378091873,0.0070422826254129,-4.362416107382547,-0.1299999999999999,30.630630630630638,2.9982122808219795,3.0811927677165003,-0.0829804868945207,-0.0437466473425367,-0.039233839551984,0.2073633049261463,3.634300866975432,2.672699133024569,0.9616017339508628,2.85
2025-06-12,MTNGH,3.54,2.5,2.85,2.85,2.85,2.85,0.0,0.0,0.0,3.165666666666666,2025,6,June,2,3,2.85,2.81,3.07,2.87,2.83,2.81,152110.0,855.0,433831.3,2436.75,2.94,2.9992857142857146,0.140593978059772,2.81,3.17,0.0,0.0,-0.6968641114982584,-0.02,32.075471698113205,2.9754103914647523,3.0640673775152782,-0.0886569860505259,-0.0527287150841345,-0.0359282709663914,0.213342582414466,3.599305960933901,2.646694039066099,0.9526119218678026,2.94
2025-06-13,MTNGH,3.54,2.5,2.85,2.85,2.94,2.94,0.09,1406658.0,4128296.41,3.163,2025,6,June,2,4,2.85,2.83,3.17,3.0,2.85,2.81,0.0,198318.0,0.0,560101.8,2.9314285714285715,2.980714285714286,0.1381338205544077,2.81,3.17,0.0315789473684209,0.0310905870700309,-2.0000000000000018,-0.06,38.39285714285713,2.969962638931713,3.0548772014030354,-0.0849145624713219,-0.059165884561572,-0.0257486779097498,0.2157129318458355,3.5355180991770734,2.651481900822926,0.8840361983541474,2.99
2025-06-16,MTNGH,3.54,2.5,2.94,2.94,2.98,2.99,0.05,361112.0,1080350.22,3.158666666666667,2025,6,June,2,0,2.94,2.85,2.81,3.07,2.85,2.83,1406658.0,152110.0,4128296.41,433831.3,2.9200000000000004,2.967142857142857,0.1276714533480561,2.81,3.17,0.0170068027210885,0.0168638060520049,-2.6058631921823983,-0.0799999999999996,41.73913043478261,2.973045309865296,3.0500714827805884,-0.0770261729152923,-0.062737942232316,-0.0142882306829762,0.2179011692034687,3.456486875579848,2.6755131244201515,0.7809737511596966,2.94
2025-06-17,MTNGH,3.54,2.5,2.99,2.99,2.94,2.94,-0.05,1123647.0,3306611.43,3.1503333333333337,2025,6,June,2,1,2.99,2.85,2.83,3.17,2.94,2.85,361112.0,0.0,1080350.22,0.0,2.887142857142857,2.95,0.0684870512613937,2.81,2.99,-0.0167224080267559,-0.0168638060520049,-7.25552050473186,-0.2299999999999999,39.99999999999999,2.967961416039866,3.041918039611656,-0.0739566235717896,-0.0649816785002108,-0.0089749450715788,0.2214136919626122,3.363352614459572,2.7096473855404275,0.6537052289191445,2.99
2025-06-18,MTNGH,3.54,2.5,2.94,2.94,2.94,2.99,0.05,97545.0,292064.36,3.143,2025,6,June,2,2,2.94,2.94,2.85,2.81,2.99,2.85,1123647.0,1406658.0,3306611.43,4128296.41,2.912857142857143,2.9492857142857143,0.0684870512613953,2.83,2.99,0.0170068027210885,0.0168638060520049,6.405693950177942,0.1800000000000001,49.53271028037384,2.971351967418348,3.0380722588996814,-0.0667202914813334,-0.0653294010964353,-0.001390890384898,0.2230068809824621,3.3075077491919944,2.728492250808005,0.5790154983839892,2.94
2025-06-19,MTNGH,3.54,2.5,2.99,2.99,2.95,2.94,-0.05,908964.0,2676818.49,3.131333333333333,2025,6,June,2,3,2.99,2.99,2.85,2.83,2.94,2.94,97545.0,361112.0,292064.36,1080350.22,2.9285714285714284,2.9450000000000003,0.0581459575633364,2.85,2.99,-0.0167224080267559,-0.0168638060520049,3.886925795052999,0.1099999999999998,47.32142857142857,2.966528587815525,3.0308076471293344,-0.0642790593138094,-0.0651193327399101,0.0008402734261007,0.2242033149549541,3.264490736879233,2.7375092631207663,0.5269814737584673,2.95
2025-06-20,MTNGH,3.54,2.5,2.94,2.94,2.95,2.95,0.01,93083.0,274590.43,3.1196666666666664,2025,6,June,2,4,2.94,2.94,2.94,2.85,2.99,2.99,908964.0,1123647.0,2676818.49,3306611.43,2.942857142857143,2.9428571428571426,0.0468025233345517,2.85,2.99,0.0034013605442178,0.0033955890011383,3.5087719298245648,0.1,48.64864864864865,2.963985728151598,3.024821895490124,-0.0608361673385258,-0.0642626996596332,0.0034265323211074,0.2242302285649897,3.228059066795503,2.7459409332044973,0.4821181335910056,2.95
2025-06-23,MTNGH,3.54,2.5,2.95,2.95,2.95,2.95,0.0,2415566.0,7122523.36,3.108,2025,6,June,2,0,2.95,2.99,2.99,2.85,2.94,2.94,93083.0,97545.0,274590.43,292064.36,2.957142857142857,2.948571428571429,0.0228868854109666,2.94,2.99,0.0,0.0,3.5087719298245648,0.1,54.0,2.961834077666737,3.019279532861226,-0.0574454551944887,-0.0628992507666043,0.0054537955721156,0.2236283863296931,3.1940186120873104,2.754981387912689,0.439037224174621,2.94
2025-06-24,MTNGH,3.54,2.5,2.95,2.95,2.93,2.94,-0.01,1374760.0,4039246.9,3.096,2025,6,June,2,1,2.95,2.94,2.94,2.94,2.95,2.99,2415566.0,908964.0,7122523.36,2676818.49,2.9571428571428577,2.9442857142857144,0.0228868854109666,2.94,2.99,-0.0033898305084746,-0.0033955890011382,0.0,0.0,46.59090909090909,2.9584749887949315,3.013406974871505,-0.0549319860765735,-0.0613057978285982,0.0063738117520246,0.2226269494483951,3.159837541444259,2.7651624585557406,0.3946750828885186,2.93
2025-06-25,MTNGH,3.54,2.5,2.94,2.95,2.93,2.93,-0.01,585881.0,1717033.16,3.083,2025,6,June,2,2,2.94,2.95,2.99,2.99,2.95,2.94,1374760.0,93083.0,4039246.9,274590.43,2.948571428571429,2.934285714285714,0.0195180014591017,2.93,2.99,-0.0034013605442175,-0.0034071583216141,-2.006688963210704,-0.06,41.463414634146375,2.9540942212880186,3.007228680436578,-0.05313445914856,-0.0596715300925905,0.0065370709440305,0.2204720640681974,3.118959665071753,2.7810403349282478,0.3379193301435057,2.93
2025-06-26,MTNGH,3.54,2.5,2.93,2.93,2.93,2.93,0.0,136810.0,400853.3,3.065333333333333,2025,6,June,2,3,2.93,2.95,2.94,2.94,2.95,2.95,585881.0,2415566.0,1717033.16,7122523.36,2.947142857142857,2.917142857142857,0.0205866345917594,2.93,2.99,0.0,0.0,-0.3401360544217614,-0.0099999999999997,33.33333333333337,2.950387418012939,3.0015080374412766,-0.0511206194283375,-0.0579613479597399,0.0068407285314024,0.2102171838071869,3.1139923407521444,2.7790076592478554,0.3349846815042889,2.93
2025-06-27,MTNGH,3.54,2.5,2.93,2.93,2.93,2.93,0.0,222224.0,651116.32,3.045333333333333,2025,6,June,2,4,2.93,2.94,2.95,2.99,2.93,2.95,136810.0,1374760.0,400853.3,4039246.9,2.9385714285714286,2.9257142857142857,0.0089973541087037,2.93,2.95,0.0,0.0,-2.006688963210704,-0.06,66.66666666666663,2.947250892164795,2.99621114577896,-0.0489602536141648,-0.0561611290906249,0.00720087547646,0.1922594033095079,3.108701062475076,2.777298937524924,0.3314021249501522,2.93
2025-06-30,MTNGH,3.54,2.5,2.93,2.93,2.93,2.93,0.0,5513187.0,16153637.91,3.025,2025,6,June,2,0,2.93,2.93,2.95,2.94,2.93,2.95,222224.0,585881.0,651116.32,1717033.16,2.9371428571428573,2.932857142857143,0.009511897312377,2.93,2.95,0.0,0.0,-0.3401360544217614,-0.0099999999999997,64.70588235294113,2.9445969087548267,2.9913066164619995,-0.0467097077071727,-0.0542708448139345,0.0075611371067617,0.1689878591844176,3.105357194980832,2.7756428050191686,0.329714389961663,2.93
2025-07-01,MTNGH,3.54,2.5,2.93,2.93,2.93,2.93,0.0,147219.0,431351.67,3.0050000000000003,2025,7,July,3,1,2.93,2.93,2.94,2.95,2.93,2.93,5513187.0,136810.0,16153637.91,400853.3,2.934285714285714,2.938571428571429,0.0078679579250114,2.93,2.95,0.0,0.0,-0.6779661016949159,-0.02,62.499999999999964,2.942351230484854,2.9867653856129626,-0.0444141551281087,-0.0522995068767693,0.0078853517486606,0.1402153516117068,3.105107060815328,2.7818929391846714,0.3232141216306567,2.93
2025-07-02,MTNGH,3.54,2.5,2.93,2.93,2.93,2.93,0.0,92195.0,270178.79,2.990666666666667,2025,7,July,3,2,2.93,2.93,2.93,2.95,2.93,2.93,147219.0,222224.0,431351.67,651116.32,2.9314285714285715,2.944285714285715,0.0037796447307487,2.93,2.94,0.0,0.0,-0.6779661016949159,-0.02,62.499999999999964,2.9404510411794917,2.9825605422342245,-0.0421095010547332,-0.0502615057123621,0.0081520046576289,0.1236773704201028,3.0994728157005897,2.78052718429941,0.3189456314011796,2.98
2025-07-03,MTNGH,3.54,2.5,2.93,2.93,2.99,2.98,0.05,39538.0,117633.09,2.9806666666666666,2025,7,July,3,3,2.93,2.93,2.93,2.94,2.93,2.93,92195.0,5513187.0,270178.79,16153637.91,2.937142857142857,2.947142857142857,0.018898223650594,2.93,2.98,0.0170648464163822,0.0169208774883371,1.360544217687076,0.04,57.142857142857125,2.946535496382647,2.982370872439097,-0.03583537605645,-0.0473762797811797,0.0115409037247296,0.1109499213946524,3.084245632399746,2.7867543676002544,0.2974912647994916,3.0
2025-07-07,MTNGH,3.54,2.5,2.98,2.98,3.0,3.0,0.02,286023.0,857792.66,2.973,2025,7,July,3,0,2.98,2.93,2.93,2.93,2.93,2.93,39538.0,147219.0,117633.09,431351.67,2.947142857142857,2.947857142857143,0.0298408476836917,2.93,3.0,0.0067114093959732,0.0066889881507967,2.3890784982935096,0.0699999999999998,51.99999999999995,2.9547608046314706,2.983676733739905,-0.0289159291084342,-0.0436842096466306,0.0147682805381964,0.1005896409282648,3.032451410612212,2.821548589387789,0.2109028212244226,3.0
2025-07-08,MTNGH,3.54,2.5,3.0,3.0,3.0,3.0,0.0,90648.0,272044.0,2.966333333333333,2025,7,July,3,1,3.0,2.93,2.93,2.93,2.98,2.93,286023.0,92195.0,857792.66,270178.79,2.957142857142857,2.952142857142857,0.0345032779671929,2.93,3.0,0.0,0.0,2.3890784982935096,0.0699999999999998,64.99999999999997,2.9617206808420136,2.984885864573986,-0.0231651837319724,-0.0395804044636989,0.0164152207317265,0.0912171843056555,3.0312628619244144,2.841737138075586,0.1895257238488286,2.99
2025-07-09,MTNGH,3.54,2.5,3.0,3.0,2.99,2.99,-0.01,1679403.0,5022631.12,2.9600000000000004,2025,7,July,3,2,3.0,2.98,2.93,2.93,3.0,2.93,90648.0,39538.0,272044.0,117633.09,2.9657142857142857,2.9521428571428574,0.0340867241299311,2.93,3.0,-0.0033333333333332,-0.0033389012655145,2.047781569965872,0.06,50.0,2.9660713453278578,2.9852646894203576,-0.0191933440924998,-0.0355029923894591,0.0163096482969593,0.0820008410386303,3.02771816603363,2.86128183396637,0.1664363320672599,3.0
2025-07-10,MTNGH,3.54,2.5,2.99,2.99,3.01,3.0,0.01,103450.0,310642.23,2.954,2025,7,July,3,3,2.99,3.0,2.93,2.93,3.0,2.98,1679403.0,286023.0,5022631.12,857792.66,2.975714285714286,2.9564285714285714,0.0320713490295745,2.93,3.0,0.0033444816053511,0.0033389012655146,2.3890784982935096,0.0699999999999998,75.00000000000009,2.971291138354341,2.9863561939077385,-0.0150650555533973,-0.0314154050222467,0.0163503494688494,0.0712257218165186,3.025870441350852,2.878129558649148,0.1477408827017035,3.01
2025-07-11,MTNGH,3.54,2.5,3.0,3.0,3.01,3.01,0.01,41122.0,123894.78,2.954333333333333,2025,7,July,3,4,3.0,3.0,2.98,2.93,2.99,3.0,103450.0,90648.0,310642.23,272044.0,2.987142857142857,2.960714285714286,0.0269037083654835,2.93,3.01,0.0033333333333331,0.0033277900926745,2.730375426621148,0.0799999999999996,75.0,2.9772463478382885,2.98810758695161,-0.0108612391133213,-0.0273045718404617,0.0164433327271403,0.071471399311532,3.020870872821092,2.899129127178908,0.1217417456421845,3.02
2025-07-14,MTNGH,3.54,2.5,3.01,3.01,3.02,3.02,0.01,251556.0,760101.19,2.955,2025,7,July,3,0,3.01,2.99,3.0,2.93,3.0,3.0,41122.0,1679403.0,123894.78,5022631.12,3.0,2.9657142857142857,0.0129099444875738,2.98,3.02,0.0033222591362127,0.003316752625994,3.0716723549488005,0.0899999999999998,76.92307692307698,2.983823832786244,2.990469987918157,-0.006646155131913,-0.0231728884987519,0.0165267333668389,0.0720033524124323,3.029662614534265,2.898337385465735,0.1313252290685298,3.03
2025-07-15,MTNGH,3.54,2.5,3.02,3.02,3.02,3.03,0.01,494284.0,1495451.16,2.9566666666666666,2025,7,July,3,1,3.02,3.0,3.0,2.98,3.01,2.99,251556.0,103450.0,760101.19,310642.23,3.007142857142857,2.972142857142857,0.0138013111870509,2.99,3.03,0.0033112582781456,0.0033057881344994,1.6778523489932826,0.0499999999999998,84.61538461538483,2.990927858511437,2.993398136961257,-0.0024702784498193,-0.0190323664889654,0.016562088039146,0.0731711896070713,3.0372002365467816,2.8947997634532188,0.1424004730935628,3.03
2025-07-16,MTNGH,3.54,2.5,3.03,3.03,3.03,3.03,0.0,417468.0,1264928.04,2.962,2025,7,July,3,2,3.03,3.01,2.99,3.0,3.02,3.0,494284.0,41122.0,1495451.16,123894.78,3.011428571428571,2.9792857142857145,0.0157359158495687,2.99,3.03,0.0,0.0,0.9999999999999934,0.0299999999999998,91.6666666666668,2.9969389572019853,2.9961093860752377,0.0008295711267476,-0.0150599789658228,0.0158895500925704,0.0724640219886176,3.0460262240974827,2.894973775902518,0.1510524481949646,3.03
2025-07-17,MTNGH,3.54,2.5,3.03,3.03,3.03,3.03,0.0,98944.0,299800.32,2.963,2025,7,July,3,3,3.03,3.02,3.0,3.0,3.03,3.01,417468.0,251556.0,1264928.04,760101.19,3.0157142857142856,2.986428571428572,0.0161834718744297,2.99,3.03,0.0,0.0,0.9999999999999934,0.0299999999999998,91.6666666666668,3.002025271478603,2.9986198019215164,0.0034054695570864,-0.0113668892612409,0.0147723588183274,0.07320966584012,3.052203397537714,2.8927966024622864,0.1594067950754274,2.98
2025-07-18,MTNGH,3.54,2.5,3.03,3.03,3.04,2.98,-0.05,6638283.0,19785617.03,2.96,2025,7,July,3,4,3.03,3.03,3.01,2.99,3.03,3.02,98944.0,494284.0,299800.32,1495451.16,3.014285714285714,2.99,0.0190237946243762,2.98,3.03,-0.0165016501650164,-0.0166393190039646,-0.3344481605351247,-0.0100000000000002,64.70588235294122,2.9986367681742028,2.9972405573347376,0.0013962108394651,-0.0088142692410997,0.0102104800805649,0.0704664263418229,3.05276406044924,2.89623593955076,0.1565281208984794,3.03
2025-07-21,MTNGH,3.54,2.5,2.98,2.98,3.03,3.03,0.05,5028816.0,15237428.12,2.9553333333333334,2025,7,July,3,0,2.98,3.03,3.02,3.0,3.03,3.03,6638283.0,417468.0,19785617.03,1264928.04,3.018571428571428,2.997142857142857,0.0186445447148695,2.98,3.03,0.0167785234899329,0.0166393190039647,0.9999999999999934,0.0299999999999998,72.72727272727276,3.003461880762787,2.99966718271735,0.003794698045437,-0.0062924757837923,0.0100871738292294,0.0599271588499265,3.0596171991633567,2.897382800836643,0.1622343983267136,3.03
2025-07-22,MTNGH,3.54,2.5,3.03,3.03,3.03,3.03,0.0,33783.0,102362.49,2.962666666666667,2025,7,July,3,1,3.03,3.03,3.03,3.01,2.98,3.03,5028816.0,98944.0,15237428.12,299800.32,3.021428571428572,3.004285714285714,0.01864454471487,2.98,3.03,0.0,0.0,0.6644518272425255,0.02,72.72727272727276,3.0075446683377427,3.00191405807162,0.0056306102661225,-0.0039078585738093,0.0095384688399319,0.0547680584820505,3.06556623862983,2.8994337613701697,0.1661324772596604,3.03
2025-07-23,MTNGH,3.54,2.5,3.03,3.03,3.03,3.03,0.0,7405.0,22437.15,2.9693333333333336,2025,7,July,3,2,3.03,2.98,3.03,3.02,3.03,3.03,33783.0,6638283.0,102362.49,19785617.03,3.0228571428571427,3.011428571428571,0.0188982236506136,2.98,3.03,0.0,0.0,0.3311258278145624,0.0099999999999997,72.72727272727276,3.0109993347473205,3.003994498214463,0.0070048365328574,-0.001725319552476,0.0087301560853334,0.0500298761317214,3.070123243947278,2.903876756052722,0.1662464878945559,3.14
2025-07-24,MTNGH,3.54,2.5,3.03,3.03,3.2,3.14,0.11,1130526.0,3549690.6,2.979,2025,7,July,3,3,3.03,3.03,3.03,3.03,3.03,2.98,7405.0,5028816.0,22437.15,15237428.12,3.0385714285714287,3.0228571428571427,0.0484522347020747,2.98,3.14,0.0363036303630364,0.0356601803988843,3.630363036303641,0.1100000000000003,78.57142857142867,3.03084559094004,3.0140689798282065,0.0167766111118337,0.0019750665803859,0.0148015445314477,0.0540338335899099,3.100889910940668,2.8941100890593323,0.2067798218813354,3.25
2025-07-25,MTNGH,3.54,2.5,3.14,3.14,3.25,3.25,0.11,25667361.0,83412273.2,2.9923333333333337,2025,7,July,3,4,3.14,3.03,2.98,3.03,3.03,3.03,1130526.0,33783.0,3549690.6,102362.49,3.0700000000000003,3.040714285714286,0.0929157324318086,2.98,3.25,0.0350318471337578,0.034432196421484,7.260726072607268,0.2200000000000002,83.78378378378386,3.064561653872342,3.031545351692784,0.0330163021795577,0.0081833137002202,0.0248329884793374,0.0685154567678,3.1620756939819388,2.8649243060180605,0.2971513879638783,3.25
2025-07-28,MTNGH,3.54,2.5,3.25,3.25,3.25,3.25,0.0,9143644.0,29718183.0,3.0026666666666677,2025,7,July,3,0,3.25,3.03,3.03,3.03,3.14,3.03,25667361.0,7405.0,83412273.2,22437.15,3.1014285714285714,3.0585714285714287,0.1123133372057481,2.98,3.25,0.0,0.0,7.260726072607268,0.2200000000000002,83.78378378378386,3.093090630199674,3.047727177493319,0.0453634527063551,0.0156193415014472,0.0297441112049078,0.0823337754188461,3.206429959380616,2.852570040619385,0.3538599187612306,3.25
2025-07-29,MTNGH,3.54,2.5,3.25,3.25,3.25,3.25,0.0,151559.0,492566.75,3.0113333333333334,2025,7,July,3,1,3.25,3.14,3.03,2.98,3.25,3.03,9143644.0,1130526.0,29718183.0,3549690.6,3.14,3.077142857142857,0.1100000000000304,3.03,3.25,0.0,0.0,9.060402684563758,0.27,86.11111111111114,3.117230533245878,3.062710349530851,0.0545201837150268,0.0233995099441631,0.0311206737708636,0.0938352677369908,3.241402768579092,2.8495972314209075,0.3918055371581843,3.35
2025-07-30,MTNGH,3.54,2.5,3.25,3.25,3.35,3.35,0.1,3438673.0,11517897.65,3.025,2025,7,July,3,2,3.25,3.25,3.03,3.03,3.25,3.14,151559.0,25667361.0,492566.75,83412273.2,3.185714285714285,3.1021428571428573,0.1224550452012703,3.03,3.35,0.0307692307692308,0.030305349495329,10.561056105610572,0.3200000000000003,88.88888888888891,3.15304122043882,3.0839910643804176,0.069050156058402,0.0325296391670109,0.036520516891391,0.1113165724874479,3.297221978968324,2.8357780210316763,0.4614439579366474,3.55
2025-07-31,MTNGH,3.55,2.5,3.35,3.35,3.55,3.55,0.2,46011424.0,163250269.47,3.0436666666666667,2025,7,July,3,3,3.35,3.25,3.14,3.03,3.25,3.25,3438673.0,9143644.0,11517897.65,29718183.0,3.26,3.1407142857142856,0.1631972221986052,3.03,3.55,0.0597014925373133,0.0579872576503493,17.161716171617165,0.52,92.18750000000004,3.2141118019097705,3.118510244796683,0.0956015571130874,0.0451440227562262,0.0504575343568612,0.1466048720396276,3.404874278963831,2.790125721036169,0.6147485579276619,3.55
2025-08-01,MTNGH,3.55,2.5,3.55,3.55,3.55,3.55,0.0,480923.0,1708472.14,3.064,2025,8,August,3,4,3.55,3.25,3.25,3.03,3.35,3.25,46011424.0,151559.0,163250269.47,492566.75,3.334285714285714,3.178571428571428,0.1593588343809223,3.14,3.55,0.0,0.0,17.161716171617165,0.52,92.06349206349208,3.265786909308267,3.1504724488858176,0.1153144604224496,0.0591781102894709,0.0561363501329787,0.1718580007267674,3.488296766986039,2.7637032330139606,0.7245935339720786,3.56
2025-08-04,MTNGH,3.56,2.5,3.55,3.55,3.56,3.56,0.01,5169601.0,18402181.52,3.0843333333333334,2025,8,August,3,0,3.55,3.35,3.25,3.14,3.55,3.25,480923.0,3438673.0,1708472.14,11517897.65,3.394285714285714,3.216428571428572,0.1529550198432425,3.25,3.56,0.0028169014084507,0.0028129413766146,13.375796178343949,0.4199999999999999,92.06349206349208,3.31105046172238,3.180807823042424,0.130242638679956,0.0733910159675679,0.056851622712388,0.1927242685241521,3.559301706984225,2.7486982930157744,0.810603413968451,3.6
2025-08-05,MTNGH,3.6,2.5,3.56,3.56,3.62,3.6,0.04,656892.0,2365881.1,3.1060000000000003,2025,8,August,3,1,3.56,3.55,3.25,3.25,3.55,3.35,5169601.0,46011424.0,18402181.52,163250269.47,3.4442857142857144,3.257142857142857,0.1551190019369445,3.25,3.6,0.0112359550561798,0.0111733005981252,10.769230769230772,0.3500000000000001,92.53731343283584,3.3555042368420134,3.211859095409652,0.1436451414323616,0.0874418410605266,0.0562033003718349,0.2126126476271886,3.6282569195031567,2.739743080496844,0.888513839006313,3.72
2025-08-06,MTNGH,3.72,2.5,3.6,3.6,3.8,3.72,0.12,325618.0,1212069.64,3.132,2025,8,August,3,2,3.6,3.55,3.35,3.25,3.56,3.55,656892.0,480923.0,2365881.1,1708472.14,3.511428571428571,3.3064285714285715,0.1586850729620211,3.25,3.72,0.0333333333333334,0.0327898228229909,14.461538461538469,0.4700000000000002,93.6708860759494,3.411580508097088,3.249499162416344,0.1620813456807441,0.1023697419845701,0.0597116036961739,0.2378118642091461,3.7147820417962047,2.726217958203795,0.9885640835924095,3.87
2025-08-07,MTNGH,3.87,2.5,3.72,3.72,3.9,3.87,0.15,165379.0,639146.08,3.163333333333333,2025,8,August,3,3,3.72,3.56,3.55,3.25,3.6,3.55,325618.0,5169601.0,1212069.64,18402181.52,3.6,3.370000000000001,0.1614517471775297,3.35,3.87,0.0403225806451612,0.0395308387566352,19.07692307692308,0.6200000000000001,100.0,3.48210658377446,3.2954621874225407,0.1866443963519186,0.1192246728580398,0.0674197234938787,0.2700234132036881,3.825179209578616,2.7028207904213843,1.1223584191572318,3.93
2025-08-08,MTNGH,3.93,2.5,3.87,3.87,3.95,3.93,0.06,534092.0,2098946.24,3.1966666666666668,2025,8,August,3,4,3.87,3.6,3.55,3.35,3.72,3.56,165379.0,656892.0,639146.08,2365881.1,3.682857142857143,3.4342857142857146,0.1605941349815963,3.55,3.93,0.0155038759689922,0.0153849188394794,17.313432835820898,0.5800000000000001,100.0,3.5510132631937736,3.3424649883542044,0.2085482748395692,0.1370893932543457,0.0714588815852235,0.3002565952456575,3.931136479620956,2.6888635203790443,1.2422729592419115,3.95
2025-08-11,MTNGH,3.95,2.5,3.93,3.93,3.95,3.95,0.02,7405836.0,29253036.9,3.2306666666666666,2025,8,August,3,0,3.93,3.72,3.56,3.55,3.87,3.6,534092.0,325618.0,2098946.24,1212069.64,3.74,3.5,0.1758787461103382,3.55,3.95,0.0050890585241729,0.0050761530318605,11.267605633802829,0.4000000000000003,100.0,3.612395838087039,3.3874675818094486,0.2249282562775905,0.1546571658589947,0.0702710904185957,0.3256921894962474,4.023757545164589,2.68924245483541,1.334515090329179,3.95
2025-08-12,MTNGH,3.95,2.5,3.95,3.95,3.95,3.95,0.0,8544228.0,33756512.49,3.2646666666666677,2025,8,August,3,1,3.95,3.87,3.6,3.55,3.93,3.72,7405836.0,165379.0,29253036.9,639146.08,3.7971428571428576,3.565714285714286,0.1686924505043271,3.56,3.95,0.0,0.0,11.267605633802829,0.4000000000000003,100.0,3.664334939919802,3.429136649823564,0.2351982900962386,0.1707653907064435,0.0644328993897951,0.3458396412664017,4.101096337025462,2.703903662974538,1.397192674050924,3.98
2025-08-13,MTNGH,3.98,2.5,3.95,3.95,3.97,3.98,0.03,219189.0,870845.29,3.2996666666666665,2025,8,August,3,2,3.95,3.93,3.72,3.56,3.95,3.87,8544228.0,534092.0,33756512.49,2098946.24,3.857142857142857,3.625714285714285,0.1430284686947163,3.6,3.98,0.0075949367088608,0.0075662403833158,11.797752808988765,0.4199999999999999,100.0,3.712898795316756,3.469941342429226,0.2429574528875298,0.1852038031426607,0.057753649744869,0.3634839401027957,4.170789041332758,2.729210958667243,1.441578082665515,3.94
2025-08-14,MTNGH,3.98,2.5,3.98,3.98,3.96,3.94,-0.04,881537.0,3473499.45,3.333333333333333,2025,8,August,3,3,3.98,3.95,3.87,3.6,3.95,3.93,219189.0,7405836.0,870845.29,29253036.9,3.9057142857142857,3.675,0.0884792146697994,3.72,3.98,-0.0100502512562814,-0.0101010959865039,9.44444444444444,0.3399999999999998,94.8051948051948,3.7478374421911007,3.504760502249283,0.2430769399418175,0.1967784305024921,0.0462985094393254,0.3746661349037131,4.219537655316299,2.771462344683701,1.448075310632598,3.95
2025-08-15,MTNGH,3.98,2.5,3.94,3.94,3.95,3.95,0.01,213656.0,843941.2,3.365666666666667,2025,8,August,3,4,3.94,3.95,3.93,3.72,3.98,3.95,881537.0,8544228.0,3473499.45,33756512.49,3.9385714285714286,3.725,0.0338765264989254,3.87,3.98,0.0025380710659899,0.0025348556031881,6.18279569892473,0.2299999999999999,94.87179487179486,3.778939374161701,3.5377412057863733,0.2411981683753272,0.2056623780770591,0.035535790298268,0.384839270823321,4.252427465365614,2.835572534634386,1.4168549307312277,3.02
2025-08-18,MTNGH,3.54,2.5,3.01,3.01,3.02,3.02,0.01,251556.0,760101.19,3.366333333333334,2025,8,August,3,0,3.95,3.98,3.95,3.87,3.94,3.95,213656.0,219189.0,843941.2,870845.29,3.817142857142857,3.7085714285714286,0.3518387076353146,3.02,3.98,-0.2354430379746835,-0.2684587475262522,-21.96382428940569,-0.8500000000000001,43.27485380116959,3.662179470444516,3.499390005357753,0.1627894650867629,0.1970877954789999,-0.0342983303922369,0.3842007676789139,4.25346738249772,2.833532617502281,1.4199347649954397,3.95
2025-08-19,MTNGH,3.98,2.5,3.95,3.95,3.95,3.95,0.0,64949.0,256527.74,3.398,2025,8,August,3,1,3.02,3.94,3.95,3.93,3.01,3.98,251556.0,881537.0,760101.19,3473499.45,3.82,3.7514285714285713,0.3529872518944731,3.02,3.98,0.3079470198675498,0.2684587475262523,0.5089058524173032,0.02,61.81102362204725,3.70645955191459,3.532768523479401,0.1736910284351891,0.1924084420702378,-0.0187174136350486,0.3920362404078388,4.278281532853589,2.9007184671464112,1.3775630657071771,3.85
2025-08-20,MTNGH,3.98,2.5,3.95,3.95,3.85,3.85,-0.1,2663896.0,10259395.29,3.4266666666666667,2025,8,August,3,2,3.95,3.95,3.98,3.95,3.95,3.94,64949.0,213656.0,256527.74,843941.2,3.8057142857142856,3.772857142857143,0.3488484457400522,3.02,3.98,-0.0253164556962025,-0.0256424306133376,-2.531645569620255,-0.1,56.14754098360656,3.728542697773884,3.556267151369816,0.1722755464040681,0.1883818629370038,-0.0161063165329357,0.3926157490941889,4.275267603992351,2.98573239600765,1.289535207984701,3.88
2025-08-21,MTNGH,3.98,2.5,3.85,3.85,3.9,3.88,0.03,8004287.0,31080483.35,3.456,2025,8,August,3,3,3.85,3.02,3.94,3.95,3.95,3.01,2663896.0,251556.0,10259395.29,760101.19,3.795714285714286,3.796428571428572,0.3450051759446275,3.02,3.98,0.0077922077922076,0.0077620053354891,-1.7721518987341842,-0.0700000000000002,56.68016194331983,3.751843821193287,3.5802473623794597,0.1715964588138274,0.1850247821123686,-0.0134283232985411,0.3925126837397248,4.27775878893616,3.0572412110638414,1.220517577872318,3.89
2025-08-22,MTNGH,3.98,2.5,3.88,3.88,3.89,3.89,0.01,834708.0,3244740.24,3.4853333333333336,2025,8,August,3,4,3.88,3.95,3.95,3.98,3.85,3.95,8004287.0,64949.0,31080483.35,256527.74,3.782857142857144,3.82,0.3386106065337509,3.02,3.95,0.0025773195876288,0.0025740039951728,-2.2613065326633133,-0.0899999999999998,56.68016194331983,3.773098617932781,3.603192002203203,0.1699066157295781,0.1820011488358105,-0.0120945331062324,0.3909116959403979,4.284162745791054,3.1148372542089464,1.1693254915821076,3.89
2025-08-25,MTNGH,3.98,2.5,3.89,3.89,3.89,3.89,0.0,148976.0,579359.04,3.514333333333333,2025,8,August,3,0,3.89,3.85,3.02,3.94,3.88,3.95,834708.0,2663896.0,3244740.24,10259395.29,3.775714285714286,3.8407142857142857,0.3352539904240513,3.02,3.95,0.0,0.0,-1.2690355329949194,-0.0499999999999998,55.967078189300416,3.7910834459431215,3.62443703907704,0.1666464068660826,0.1789302004418649,-0.0122837935757822,0.3874557445993003,4.2816109935852085,3.1813890064147925,1.100221987170416,3.88
2025-08-26,MTNGH,3.98,2.5,3.89,3.89,3.87,3.88,-0.01,244643.0,949023.37,3.542666666666667,2025,8,August,3,1,3.89,3.88,3.95,3.95,3.89,3.85,148976.0,8004287.0,579359.04,31080483.35,3.765714285714286,3.852142857142857,0.3301947477301586,3.02,3.95,-0.0025706940874036,-0.0025740039951728,-1.7721518987341842,-0.0700000000000002,53.44827586206896,3.804762915798027,3.643367628775037,0.16139528702299,0.1754232177580899,-0.0140279307350999,0.3818551208682989,4.267259749273121,3.25874025072688,1.0085194985462411,3.88
2025-08-27,MTNGH,3.98,2.5,3.88,3.88,3.88,3.88,0.0,119494.0,463636.72,3.571,2025,8,August,3,2,3.88,3.89,3.85,3.02,3.89,3.88,244643.0,834708.0,949023.37,3244740.24,3.888571428571429,3.852857142857143,0.0302371578409514,3.85,3.95,0.0,0.0,28.476821192052977,0.8599999999999999,50.23041474654377,3.8163378518291,3.6608959525694784,0.1554418992596211,0.1714269540583962,-0.015985054798775,0.3739569401728736,4.25671909658176,3.3222809034182395,0.9344381931635204,3.88
2025-08-28,MTNGH,3.98,2.5,3.88,3.88,3.88,3.88,0.0,48996.0,190104.48,3.599333333333333,2025,8,August,3,3,3.88,3.89,3.88,3.95,3.88,3.89,119494.0,148976.0,463636.72,579359.04,3.878571428571429,3.849285714285714,0.0134518541831665,3.85,3.89,0.0,0.0,-1.7721518987341842,-0.0700000000000002,48.81516587677724,3.826132028470776,3.677125882008776,0.1490061464619998,0.1669427925391169,-0.0179366460771171,0.363611514302481,4.260748050544293,3.351251949455707,0.9094961010885858,3.87
2025-08-29,MTNGH,3.98,2.5,3.88,3.88,3.86,3.87,-0.01,206071.0,797302.91,3.629,2025,8,August,3,4,3.88,3.88,3.89,3.85,3.88,3.89,48996.0,244643.0,190104.48,949023.37,3.881428571428572,3.843571428571429,0.0069006555943525,3.87,3.89,-0.0025773195876288,-0.0025806465934916,0.5194805194805199,0.02,48.095238095238095,3.83288094716758,3.69141285371183,0.1414680934557499,0.1618478527224435,-0.0203797592666936,0.3472785823990785,4.261070789161484,3.3829292108385163,0.8781415783229676,3.87
2025-09-01,MTNGH,3.98,2.5,3.87,3.87,3.87,3.87,0.0,306549.0,1185521.23,3.657,2025,9,September,3,0,3.87,3.88,3.89,3.88,3.88,3.88,206071.0,119494.0,797302.91,463636.72,3.88,3.837857142857143,0.0081649658100615,3.87,3.89,0.0,0.0,-0.2577319587628811,-0.0099999999999997,48.095238095238095,3.83859157068026,3.704641531214657,0.1339500394656023,0.1562682900710753,-0.0223182506054729,0.3307895465971396,4.259169613747597,3.4158303862524035,0.8433392274951932,3.85
2025-09-02,MTNGH,3.98,2.5,3.87,3.87,3.85,3.85,-0.02,2680784.0,10321894.49,3.6843333333333335,2025,9,September,3,1,3.87,3.88,3.88,3.89,3.87,3.88,306549.0,48996.0,1185521.23,190104.48,3.8742857142857146,3.8285714285714287,0.012724180206108,3.85,3.89,-0.0051679586563307,-0.0051813587419976,-1.0282776349614406,-0.04,46.88995215311006,3.840346713652528,3.715408825198757,0.1249378884537706,0.1500022097476143,-0.0250643212938437,0.3104466563466128,4.256577499571788,3.4434225004282117,0.8131549991435771,3.84
2025-09-03,MTNGH,3.98,2.5,3.85,3.85,3.84,3.84,-0.01,3429757.0,13170221.36,3.7113333333333336,2025,9,September,3,2,3.85,3.87,3.88,3.89,3.87,3.88,2680784.0,206071.0,10321894.49,797302.91,3.867142857142857,3.821428571428572,0.0160356745151408,3.84,3.88,-0.0025974025974027,-0.0026007817000574,-1.2853470437018062,-0.0500000000000002,47.57281553398058,3.8402933730906,3.72463780110996,0.11565557198064,0.1431328821942195,-0.0274773102135794,0.2858228693503872,4.258015972450619,3.4539840275493816,0.8040319449012374,3.84
2025-09-04,MTNGH,3.98,2.5,3.84,3.84,3.84,3.84,0.0,218028.0,837227.52,3.7346666666666666,2025,9,September,3,3,3.84,3.87,3.88,3.88,3.85,3.87,3429757.0,306549.0,13170221.36,1185521.23,3.861428571428571,3.8135714285714286,0.0177281052089145,3.84,3.88,0.0,0.0,-1.0309278350515474,-0.04,47.3170731707317,3.84024823876897,3.733183149175889,0.1070650895930804,0.1359193236739917,-0.0288542340809112,0.265417476405793,4.256519900005153,3.452480099994847,0.804039800010306,3.7
2025-09-05,MTNGH,3.98,2.5,3.84,3.84,3.69,3.7,-0.14,8696707.0,32209279.79,3.7496666666666663,2025,9,September,3,4,3.84,3.85,3.87,3.88,3.84,3.87,218028.0,2680784.0,837227.52,10321894.49,3.835714285714286,3.862142857142857,0.0618754509364077,3.7,3.88,-0.0364583333333332,-0.0371395469494566,-4.639175257731951,-0.1799999999999997,76.98412698412699,3.8186715866506655,3.7307251381258233,0.0879464485248431,0.126324748644162,-0.0383783001193188,0.24930916042391,4.249064552814924,3.436935447185076,0.8121291056298481,3.7
2025-09-08,MTNGH,3.98,2.5,3.7,3.7,3.7,3.7,0.0,4222817.0,15624389.08,3.7646666666666655,2025,9,September,3,0,3.7,3.84,3.87,3.88,3.84,3.85,8696707.0,3429757.0,32209279.79,13170221.36,3.81,3.8442857142857134,0.0761577310587185,3.7,3.87,0.0,0.0,-4.639175257731951,-0.1799999999999997,12.121212121212125,3.800414419473641,3.728449201968355,0.0719652175052862,0.1154528424163868,-0.0434876249111006,0.2310804208918419,4.238084669925216,3.422915330074785,0.81516933985043,3.7
2025-09-09,MTNGH,3.98,2.5,3.7,3.7,3.7,3.7,0.0,3358116.0,12425089.33,3.7796666666666665,2025,9,September,3,1,3.7,3.84,3.85,3.87,3.7,3.84,4222817.0,218028.0,15624389.08,837227.52,3.7857142857142856,3.8335714285714286,0.080799575670812,3.7,3.87,0.0,0.0,-4.392764857881136,-0.1699999999999999,17.391304347826107,3.784966047246927,3.726341853674403,0.0586241935725242,0.1040871126476143,-0.0454629190750901,0.2101802729240958,4.225487810602507,3.410512189397493,0.8149756212050145,3.7
2025-09-10,MTNGH,3.98,2.5,3.7,3.7,3.7,3.7,0.0,311275.0,1151717.5,3.7913333333333337,2025,9,September,3,2,3.7,3.7,3.84,3.87,3.7,3.84,3358116.0,8696707.0,12425089.33,32209279.79,3.761428571428571,3.8207142857142857,0.0766873678056823,3.7,3.85,0.0,0.0,-4.392764857881136,-0.1699999999999999,5.000000000000114,3.771894347670477,3.7243906052540767,0.0475037424164002,0.0927704386013715,-0.0452666961849713,0.1946479285581142,4.207270837553626,3.400729162446374,0.806541675107252,3.7
2025-09-12,MTNGH,3.98,2.5,3.7,3.7,3.7,3.7,0.0,8746.0,32414.25,3.7963333333333336,2025,9,September,3,4,3.7,3.7,3.84,3.85,3.7,3.7,311275.0,4222817.0,1151717.5,15624389.08,3.74,3.807142857142857,0.0683130051064809,3.7,3.84,0.0,0.0,-3.896103896103894,-0.1499999999999999,0.0,3.760833678798096,3.722583893753775,0.038249785044321,0.0818663078899614,-0.0436165228456403,0.1901085594280983,4.192504944446964,3.3914950555530363,0.8010098888939274,3.74
2025-09-12,MTNGH,3.98,2.5,3.7,3.7,3.8,3.74,0.04,480058.0,1795522.65,3.802666666666667,2025,9,September,3,4,3.7,3.7,3.7,3.84,3.7,3.7,8746.0,3358116.0,32414.25,12425089.33,3.725714285714286,3.7964285714285713,0.0525538272813318,3.7,3.84,0.0108108108108109,0.0107527917762619,-2.604166666666657,-0.0999999999999996,17.391304347826107,3.7576284974445424,3.72387397569794,0.0337545217466028,0.0722439506612897,-0.0384894289146868,0.1847072862915974,4.175522441252621,3.3874775587473787,0.7880448825052424,3.76
2025-09-15,MTNGH,3.98,2.5,3.74,3.74,3.8,3.76,0.02,179750.0,676595.37,3.8093333333333335,2025,9,September,3,0,3.74,3.7,3.7,3.84,3.7,3.7,480058.0,311275.0,1795522.65,1151717.5,3.7142857142857135,3.787857142857143,0.0250713268213438,3.7,3.76,0.0053475935828875,0.0053333459753623,-2.0833333333333357,-0.08,24.999999999999915,3.757993343991536,3.726549977498092,0.0314433664934434,0.0640838338277204,-0.032640467334277,0.1791730685838636,3.9843502812467455,3.652649718753254,0.3317005624934923,3.9
2025-09-16,MTNGH,3.98,2.5,3.76,3.76,4.0,3.9,0.14,2204698.0,8599018.4,3.819333333333333,2025,9,September,3,1,3.76,3.7,3.7,3.7,3.74,3.7,179750.0,8746.0,676595.37,32414.25,3.742857142857143,3.789285714285714,0.0734198623703941,3.7,3.9,0.0372340425531916,0.0365575957337977,5.405405405405398,0.1999999999999997,52.63157894736843,3.779840521838992,3.739398127313048,0.0404423945259435,0.0593555459673651,-0.0189131514414215,0.1754193661572156,3.974864391028931,3.657135608971069,0.3177287820578618,4.02
2025-09-17,MTNGH,4.02,2.5,3.9,3.9,4.0,4.02,0.12,4404490.0,17700241.65,3.829333333333333,2025,9,September,3,2,3.9,3.74,3.7,3.7,3.76,3.7,2204698.0,480058.0,8599018.4,1795522.65,3.7885714285714287,3.799285714285714,0.124288450982506,3.7,4.02,0.0307692307692306,0.0303053494953288,8.648648648648633,0.3199999999999994,64.0,3.816788133863762,3.760183451215785,0.0566046826479769,0.0588053733034874,-0.0022006906555105,0.1780920593659533,4.007397728109236,3.641602271890765,0.3657954562184713,4.05
2025-09-18,MTNGH,4.05,2.5,4.02,4.02,4.06,4.05,0.03,70565.0,285735.33,3.835333333333333,2025,9,September,3,3,4.02,3.76,3.7,3.7,3.9,3.74,4404490.0,179750.0,17700241.65,676595.37,3.838571428571429,3.812142857142857,0.1503804698566202,3.7,4.05,0.0074626865671643,0.0074349784875182,9.459459459459447,0.3499999999999996,67.30769230769229,3.8526668825001065,3.78165134371832,0.0710155387817867,0.0612474063991473,0.0097681323826394,0.1824872850239521,4.040856225613926,3.625143774386073,0.4157124512278534,4.09
2025-09-19,MTNGH,4.09,2.5,4.05,4.05,4.09,4.09,0.04,316797.0,1296490.28,3.8406666666666665,2025,9,September,3,4,4.05,3.9,3.74,3.7,4.02,3.76,70565.0,2204698.0,285735.33,8599018.4,3.8942857142857146,3.8278571428571433,0.1622608129789323,3.7,4.09,0.0098765432098766,0.0098280889362626,10.540540540540531,0.3899999999999997,69.64285714285714,3.889179669807782,3.80449198492437,0.0846876848834119,0.0659354620960002,0.0187522227874116,0.1876154050974917,4.079652087517664,3.606347912482336,0.4733041750353277,4.1
2025-09-23,MTNGH,4.1,2.5,4.09,4.09,4.1,4.1,0.01,4941404.0,20259703.22,3.8456666666666655,2025,9,September,3,1,4.09,4.02,3.76,3.7,4.05,3.9,316797.0,4404490.0,1296490.28,17700241.65,3.951428571428572,3.845714285714286,0.1525809699175015,3.74,4.1,0.0024449877750609,0.0024420036555515,10.810810810810796,0.3999999999999994,72.72727272727272,3.921613566760431,3.826381467522565,0.0952320992378656,0.0717947895243733,0.0234373097134923,0.1925631707067957,4.116140438623135,3.590859561376865,0.5252808772462703,4.12
2025-09-24,MTNGH,4.12,2.5,4.1,4.1,4.12,4.12,4.12,4.1,4.12,3.851333333333333,2025,9,September,3,2,4.1,4.05,3.9,3.74,4.09,4.02,4941404.0,70565.0,20259703.22,285735.33,4.005714285714285,3.8657142857142857,0.1308761682988354,3.76,4.12,0.0048780487804878,0.0048661896511729,10.160427807486627,0.3799999999999999,75.00000000000004,3.952134556489596,3.84813098844682,0.104003568042776,0.0782365452280538,0.0257670228147221,0.1981593460748004,4.153905781386219,3.577094218613781,0.5768115627724377,4.29
2025-09-25,MTNGH,4.29,2.5,4.12,4.12,4.35,4.29,0.17,82050.0,351248.35,3.861666666666667,2025,9,September,3,3,4.12,4.09,4.02,3.76,4.1,4.05,4.1,316797.0,4.12,1296490.28,4.081428571428572,3.897857142857143,0.1176759068273254,3.9,4.29,0.0412621359223301,0.0404335695784906,14.095744680851071,0.5300000000000002,80.82191780821921,4.004113855491196,3.880862026339648,0.1232518291515485,0.0872396020127528,0.0360122271387957,0.2126529199607356,4.2313998445739855,3.5406001554260147,0.6907996891479709,4.35
2025-09-26,MTNGH,4.35,2.5,4.29,4.29,4.35,4.35,0.06,1149125.0,5002698.99,3.875333333333333,2025,9,September,3,4,4.29,4.1,4.05,3.9,4.12,4.09,82050.0,4941404.0,351248.35,20259703.22,4.145714285714286,3.9442857142857135,0.1247473637473741,4.02,4.35,0.0139860139860139,0.013889112160667,11.538461538461531,0.4499999999999997,100.0,4.057327108492551,3.915612987351526,0.1417141211410246,0.0981345058384071,0.0435796153026174,0.2303031485453379,4.312356902895658,3.506643097104342,0.8057138057913162,4.35
2025-09-29,MTNGH,4.35,2.5,4.35,4.35,4.35,4.35,0.0,1788711.0,7780952.85,3.8886666666666665,2025,9,September,3,0,4.35,4.12,4.09,4.02,4.29,4.1,1149125.0,4.1,5002698.99,4.12,4.192857142857142,3.990714285714286,0.1314932553041848,4.05,4.35,0.0,0.0,8.2089552238806,0.33,100.0,4.102353707186005,3.947789803103265,0.1545639040827398,0.1094203854872737,0.045143518595466,0.2458305181993722,4.381150004262199,3.485849995737801,0.895300008524397,4.35
2025-09-30,MTNGH,4.35,2.5,4.35,4.35,4.35,4.35,0.0,548107.0,2384265.45,3.933,2025,9,September,3,1,4.35,4.29,4.1,4.05,4.35,4.12,1788711.0,82050.0,7780952.85,351248.35,4.235714285714286,4.0371428571428565,0.1259440540951438,4.09,4.35,0.0,0.0,7.407407407407403,0.2999999999999998,100.0,4.140453136849696,3.977583151021542,0.1628699858281539,0.1201103055554497,0.0427596802727041,0.1992944451360348,4.440859950870385,3.4741400491296144,0.9667199017407704,4.5
2025-10-01,MTNGH,4.5,2.5,4.35,4.35,4.5,4.5,0.15,505273.0,2272049.33,3.951333333333333,2025,10,October,4,2,4.35,4.35,4.12,4.09,4.35,4.29,548107.0,1149125.0,2384265.45,5002698.99,4.2942857142857145,4.094285714285713,0.1412866050336024,4.1,4.5,0.0344827586206897,0.0339015516756814,10.024449877750614,0.4100000000000001,100.0,4.19576803887282,4.016280695390317,0.1794873434825028,0.1319857131408603,0.0475016303416424,0.2246028423275633,4.527322798207784,3.452677201792215,1.0746455964155692,4.5
2025-10-02,MTNGH,4.5,2.5,4.5,4.5,4.5,4.5,0.0,1384170.0,6231161.2,3.973,2025,10,October,4,3,4.5,4.35,4.29,4.1,4.35,4.35,505273.0,1788711.0,2272049.33,7780952.85,4.351428571428571,4.151428571428571,0.1300549334485346,4.12,4.5,0.0,0.0,9.75609756097562,0.4000000000000003,100.0,4.242572955969309,4.052111754991034,0.1904612009782749,0.1436808107083433,0.0467803902699316,0.2449229294682746,4.601058456341164,3.4449415436588358,1.1561169126823287,4.52
2025-10-03,MTNGH,4.52,2.5,4.5,4.5,4.52,4.52,0.02,629937.0,2848301.58,3.994333333333333,2025,10,October,4,4,4.5,4.35,4.35,4.12,4.5,4.35,1384170.0,548107.0,6231161.2,2384265.45,4.408571428571428,4.207142857142857,0.0944154950964273,4.29,4.52,0.0044444444444442,0.0044345970678655,9.708737864077657,0.3999999999999994,100.0,4.285254039666338,4.086770143510217,0.1984838961561212,0.1546414277978988,0.0438424683582223,0.2636963161032932,4.668748142190761,3.44525185780924,1.2234962843815214,4.52
2025-10-06,MTNGH,4.52,2.5,4.52,4.52,4.52,4.52,0.0,339590.0,1534631.6,4.015333333333333,2025,10,October,4,0,4.52,4.5,4.35,4.29,4.5,4.35,629937.0,505273.0,2848301.58,2272049.33,4.441428571428571,4.261428571428572,0.0859124692985283,4.35,4.52,0.0,0.0,5.361305361305351,0.2299999999999995,100.0,4.321368802794593,4.118861243990941,0.202507558803652,0.1642146539990495,0.0382929048046024,0.2797009897697398,4.718851707016602,3.477148292983398,1.2417034140332035,4.52
2025-10-07,MTNGH,4.52,2.5,4.52,4.52,4.52,4.52,0.0,641396.0,2899109.92,4.036333333333333,2025,10,October,4,1,4.52,4.5,4.35,4.35,4.52,4.5,339590.0,1384170.0,1534631.6,6231161.2,4.465714285714285,4.305714285714286,0.0795523188134069,4.35,4.52,0.0,0.0,3.9080459770114926,0.1699999999999999,100.0,4.351927448518501,4.148575225917538,0.2033522226009632,0.1720421677194322,0.0313100548815309,0.2932867648510461,4.757483714630648,3.5205162853693515,1.2369674292612962,4.52
2025-10-08,MTNGH,4.52,2.5,4.52,4.52,4.52,4.52,0.0,304880.0,1378057.6,4.057666666666667,2025,10,October,4,2,4.52,4.52,4.5,4.35,4.52,4.5,641396.0,629937.0,2899109.92,2848301.58,4.49,4.341428571428571,0.0624499799841346,4.35,4.52,0.0,0.0,3.9080459770114926,0.1699999999999999,100.0,4.37778476413104,4.176088172145868,0.2016965919851712,0.17797305257258,0.0237235394125911,0.3045820577201958,4.784509370438157,3.5754906295618425,1.209018740876315,4.51
2025-10-09,MTNGH,4.52,2.5,4.52,4.52,4.5,4.51,-0.01,2744134.0,12377562.01,4.078666666666666,2025,10,October,4,3,4.52,4.52,4.5,4.35,4.52,4.52,304880.0,339590.0,1378057.6,1534631.6,4.512857142857143,4.3742857142857146,0.009511897313118,4.5,4.52,-0.0022123893805309,-0.0022148403295527,3.6781609195402334,0.1600000000000001,97.91666666666671,4.398125569649341,4.200822381616544,0.1973031880327971,0.1818390796646234,0.0154641083681736,0.3134978780474298,4.797515004821923,3.643484995178076,1.1540300096438472,4.5
2025-10-10,MTNGH,4.52,2.5,4.51,4.51,4.5,4.5,-0.01,102104.0,459468.0,4.099333333333333,2025,10,October,4,4,4.51,4.52,4.52,4.5,4.52,4.52,2744134.0,641396.0,12377562.01,2899109.92,4.512857142857143,4.4035714285714285,0.009511897313118,4.5,4.52,-0.0022172949002217,-0.0022197567383128,0.0,0.0,95.55555555555564,4.413798558934058,4.222983686681985,0.1908148722520728,0.1836342381821133,0.0071806340699594,0.320311629869876,4.794934280337791,3.726065719662208,1.0688685606755826,4.49
2025-10-13,MTNGH,4.52,2.5,4.5,4.5,4.49,4.49,-0.01,300414.0,1348936.95,4.12,2025,10,October,4,0,4.5,4.52,4.52,4.5,4.51,4.52,102104.0,304880.0,459468.0,1378057.6,4.511428571428572,4.431428571428571,0.0121498579266649,4.49,4.52,-0.0022222222222221,-0.002224695022111,-0.2222222222222175,-0.0099999999999997,93.33333333333348,4.425521857559588,4.24276267285369,0.1827591847058975,0.1834592274868702,-0.0007000427809726,0.3249721473476389,4.781478623051261,3.814521376948739,0.9669572461025222,4.49
2025-10-14,MTNGH,4.52,2.5,4.49,4.49,4.49,4.49,0.0,354868.0,1593842.25,4.140666666666666,2025,10,October,4,1,4.49,4.51,4.52,4.52,4.5,4.52,300414.0,2744134.0,1348936.95,12377562.01,4.507142857142857,4.457857142857143,0.0138013111875371,4.49,4.52,0.0,0.0,-0.663716814159278,-0.0299999999999993,93.02325581395364,4.4354415717811895,4.261076548938602,0.1743650228425872,0.1816403865580136,-0.0072753637154264,0.3282233610099305,4.752791009252206,3.9162089907477937,0.8365820185044126,4.47
2025-10-15,MTNGH,4.52,2.5,4.49,4.49,4.47,4.47,-0.02,130849.0,584467.76,4.161333333333333,2025,10,October,4,2,4.49,4.5,4.52,4.52,4.49,4.51,354868.0,102104.0,1593842.25,459468.0,4.5,4.470714285714285,0.0182574185840252,4.47,4.52,-0.0044543429844099,-0.0044642931286856,-1.106194690265483,-0.0499999999999998,82.14285714285717,4.4407582530456216,4.276552360128336,0.1642058929172858,0.1781534878298681,-0.0139475949125822,0.3288090666311714,4.731330515191493,3.994669484808506,0.7366610303829866,4.43
2025-10-16,MTNGH,4.52,2.5,4.47,4.47,4.43,4.43,-0.04,186557.0,826428.53,4.181,2025,10,October,4,3,4.47,4.49,4.51,4.52,4.49,4.5,130849.0,300414.0,584467.76,1348936.95,4.487142857142857,4.476428571428571,0.0298408476839222,4.43,4.52,-0.0089485458612975,-0.0089888245684332,-1.9911504424778728,-0.0899999999999998,65.38461538461542,4.439103137192449,4.287918851970681,0.1511842852217677,0.172759647308248,-0.0215753620864803,0.3265636126445503,4.71527512993334,4.05172487006666,0.66355025986668,4.4
2025-10-17,MTNGH,4.52,2.5,4.43,4.43,4.4,4.4,-0.03,373730.0,1645161.79,4.199666666666666,2025,10,October,4,4,4.43,4.49,4.5,4.52,4.47,4.49,186557.0,354868.0,826428.53,1593842.25,4.47,4.48,0.0404145188435051,4.4,4.51,-0.0067720090293452,-0.0067950431328286,-2.654867256637151,-0.1199999999999992,58.62068965517256,4.433087269932072,4.296221159232112,0.1368661106999598,0.1655809399865904,-0.0287148292866306,0.3223778392885893,4.69327960657773,4.10872039342227,0.58455921315546,4.39
2025-10-20,MTNGH,4.52,2.5,4.4,4.4,4.39,4.39,-0.01,31822.0,139698.58,4.222666666666666,2025,10,October,4,0,4.4,4.47,4.49,4.51,4.43,4.49,373730.0,130849.0,1645161.79,584467.76,4.452857142857143,4.482857142857143,0.0457217255852702,4.39,4.5,-0.0022727272727274,-0.0022753138371356,-2.660753880266078,-0.1200000000000001,56.66666666666668,4.426458459173292,4.303167740029733,0.1232907191435588,0.157122895817984,-0.0338321766744252,0.3098713118135806,4.669264995399912,4.162735004600087,0.5065299907998249,4.36
2025-10-21,MTNGH,4.52,2.5,4.39,4.39,4.36,4.36,-0.03,309339.0,1348460.22,4.244666666666666,2025,10,October,4,1,4.39,4.43,4.49,4.5,4.4,4.47,31822.0,186557.0,139698.58,826428.53,4.432857142857143,4.472857142857143,0.0518698003706838,4.36,4.49,-0.0068337129840545,-0.0068571697261369,-3.111111111111104,-0.1399999999999996,11.111111111110958,4.416234080838939,4.307377537064568,0.1088565437743716,0.1474696254092616,-0.0386130816348899,0.2945333343740283,4.63653186185353,4.221468138146471,0.4150637237070587,4.34
2025-10-22,MTNGH,4.52,2.5,4.36,4.36,4.3,4.34,-0.02,68351.0,296637.24,4.266,2025,10,October,4,2,4.36,4.4,4.47,4.49,4.39,4.43,309339.0,373730.0,1348460.22,1645161.79,4.411428571428571,4.461428571428572,0.0552052447475535,4.34,4.49,-0.0045871559633028,-0.0045977092486295,-3.340757238307358,-0.1500000000000003,9.99999999999983,4.404505760709871,4.3097940158005255,0.0947117449093459,0.1369180493092784,-0.0422063043999325,0.2763381237192974,4.595326481289109,4.28467351871089,0.310652962578219,4.27
2025-10-23,MTNGH,4.52,2.5,4.34,4.34,4.27,4.27,-0.07,781191.0,3342794.79,4.285,2025,10,October,4,3,4.34,4.39,4.43,4.49,4.36,4.4,68351.0,31822.0,296637.24,139698.58,4.38,4.4435714285714285,0.0648074069842177,4.27,4.47,-0.0161290322580646,-0.0162605208717804,-4.899777282850794,-0.2200000000000006,0.0,4.383812566754506,4.306846310926412,0.0769662558280943,0.1249276906130416,-0.0479614347849473,0.2548393679326019,4.598591584002393,4.279408415997607,0.3191831680047858,4.25
2025-10-24,MTNGH,4.52,2.5,4.27,4.27,4.25,4.25,-0.02,415526.0,1766219.42,4.303333333333333,2025,10,October,4,4,4.27,4.36,4.4,4.47,4.34,4.39,781191.0,309339.0,3342794.79,1348460.22,4.348571428571428,4.424285714285714,0.0671884343790176,4.25,4.43,-0.0046838407494144,-0.0046948443042076,-4.921700223713641,-0.2199999999999997,0.0,4.363226018023044,4.302635473080011,0.0605905449430324,0.1120602614790398,-0.0514697165360074,0.2298625276316427,4.610682885717448,4.25731711428255,0.3533657714348983,4.25
2025-10-27,MTNGH,4.52,2.5,4.25,4.25,4.25,4.25,0.0,275584.0,1170913.7,4.320333333333333,2025,10,October,4,0,4.25,4.34,4.39,4.43,4.27,4.36,415526.0,68351.0,1766219.42,296637.24,4.322857142857143,4.405,0.065246784266817,4.25,4.4,0.0,0.0,-4.063205417607217,-0.1799999999999997,0.0,4.345806630634884,4.298736549148158,0.0470700814867255,0.0990622254805769,-0.0519921439938514,0.2041886101274005,4.620712504054139,4.2372874959458615,0.3834250081082775,4.23
2025-10-28,MTNGH,4.52,2.5,4.25,4.25,4.24,4.23,-0.02,130246.0,549331.39,4.336,2025,10,October,4,1,4.25,4.27,4.36,4.4,4.25,4.34,275584.0,781191.0,1170913.7,3342794.79,4.298571428571429,4.384285714285714,0.0633583910331003,4.23,4.39,-0.0047058823529411,-0.0047169898781387,-3.8636363636363615,-0.1699999999999999,0.0,4.327990225921825,4.293644952914961,0.0343452730068642,0.0861188349858344,-0.0517735619789701,0.1757663025254294,4.631866615709826,4.214133384290174,0.4177332314196516,4.2
2025-10-29,MTNGH,4.52,2.5,4.23,4.23,4.19,4.2,-0.03,7983214.0,33527841.7,4.346,2025,10,October,4,2,4.23,4.25,4.34,4.39,4.25,4.27,130246.0,415526.0,549331.39,1766219.42,4.271428571428571,4.3621428571428575,0.0581459575634434,4.2,4.36,-0.0070921985815602,-0.0071174677688639,-4.328018223234613,-0.1899999999999995,0.0,4.308299421933852,4.286708289736075,0.021591132197777,0.0732132944282229,-0.0516221622304458,0.1577120903681402,4.635813404716672,4.180186595283329,0.4556268094333422,4.2
2025-10-30,MTNGH,4.52,2.5,4.2,4.2,4.2,4.2,0.0,72491.0,304462.2,4.352,2025,10,October,4,3,4.2,4.25,4.27,4.36,4.23,4.25,7983214.0,275584.0,33527841.7,1170913.7,4.248571428571429,4.340714285714285,0.0481070235444153,4.2,4.34,0.0,0.0,-3.6697247706422047,-0.1600000000000001,0.0,4.291637972405567,4.280285453459329,0.0113525189462384,0.060841139331826,-0.0494886203855876,0.1480074555438485,4.634408149690564,4.151591850309436,0.4828162993811276,4.2
2025-10-31,MTNGH,4.52,2.5,4.2,4.2,4.2,4.2,0.0,125113.0,525474.6,4.357,2025,10,October,4,4,4.2,4.23,4.25,4.34,4.2,4.25,72491.0,130246.0,304462.2,549331.39,4.228571428571429,4.32,0.0291138978434035,4.2,4.27,0.0,0.0,-3.2258064516128964,-0.1399999999999996,0.0,4.277539822804711,4.274338382832712,0.003201439971999,0.0493131994598606,-0.0461117594878616,0.1397571785831763,4.625286761204968,4.128713238795032,0.4965735224099354,4.16
2025-11-03,MTNGH,4.52,2.5,4.2,4.2,4.15,4.16,-0.04,121435.0,507269.7,4.359333333333334,2025,11,November,4,0,4.2,4.2,4.25,4.27,4.2,4.23,125113.0,7983214.0,525474.6,33527841.7,4.212857142857144,4.296428571428572,0.0325137333623788,4.16,4.25,-0.0095238095238094,-0.0095694510161506,-2.576112412177973,-0.1099999999999994,0.0,4.259456773142447,4.265868872993251,-0.0064120998508041,0.0381681395977277,-0.0445802394485318,0.1356703238796966,4.615691500279942,4.102308499720058,0.5133830005598838,4.05
2025-11-04,MTNGH,4.52,2.5,4.16,4.16,4.0,4.05,-0.11,125776.0,510432.55,4.357666666666668,2025,11,November,4,1,4.16,4.2,4.23,4.25,4.2,4.2,121435.0,72491.0,507269.7,304462.2,4.184285714285714,4.266428571428572,0.0655380660017899,4.05,4.25,-0.0264423076923078,-0.0267981931547242,-4.70588235294118,-0.2000000000000001,0.0,4.227232654197455,4.249878586104862,-0.022645931907407,0.0260053252967007,-0.0486512572041078,0.1392265168296555,4.6151595674823005,4.055840432517701,0.5593191349645998,4.05
2025-11-05,MTNGH,4.52,2.5,4.05,4.05,4.05,4.05,0.0,397660.0,1610458.0,4.355333333333333,2025,11,November,4,2,4.05,4.2,4.2,4.25,4.16,4.2,125776.0,125113.0,510432.55,525474.6,4.155714285714286,4.239285714285715,0.075023805745831,4.05,4.23,0.0,0.0,-4.70588235294118,-0.2000000000000001,0.0,4.199966092013231,4.2350727649119095,-0.0351066728986788,0.0137829256576248,-0.0488895985563036,0.1438565696924918,4.605049304276632,4.018950695723369,0.5860986085532627,4.05
2025-11-06,MTNGH,4.52,2.5,4.05,4.05,4.05,4.05,0.0,160461.0,649867.05,4.347333333333333,2025,11,November,4,3,4.05,4.16,4.2,4.23,4.05,4.2,397660.0,121435.0,1610458.0,507269.7,4.13,4.214285714285714,0.0761577310587483,4.05,4.2,0.0,0.0,-4.255319148936184,-0.1800000000000006,0.0,4.176894385549657,4.221363671214731,-0.0444692856650741,0.002132483393085,-0.0466017690581591,0.1539353499168907,4.588747261960481,3.989252738039518,0.5994945239209635,4.05
2025-11-07,MTNGH,4.52,2.5,4.05,4.05,4.05,4.05,0.0,3293042.0,13336820.1,4.3373333333333335,2025,11,November,4,4,4.05,4.05,4.2,4.2,4.05,4.16,160461.0,125776.0,649867.05,510432.55,4.1085714285714285,4.19,0.0742582366764944,4.05,4.2,0.0,0.0,-3.57142857142858,-0.1500000000000003,0.0,4.157372172388172,4.2086700659395655,-0.0512978935513936,-0.0085535919958107,-0.0427443015555829,0.1632204629948171,4.567115158773444,3.965884841226555,0.6012303175468894,4.0
2025-11-10,MTNGH,4.52,2.5,4.05,4.05,4.0,4.0,-0.05,814170.0,3270489.5,4.325666666666667,2025,11,November,4,0,4.05,4.05,4.16,4.2,4.05,4.05,3293042.0,397660.0,13336820.1,1610458.0,4.08,4.164285714285714,0.0716472842007968,4.0,4.2,-0.0123456790123456,-0.012422519998557,-4.761904761904765,-0.2000000000000001,0.0,4.133161068943838,4.193213024018116,-0.0600519550742779,-0.0188532646115041,-0.0411986904627738,0.1744090185372848,4.545772768261103,3.938227231738897,0.6075455365222058,4.0
2025-11-11,MTNGH,4.52,2.5,4.0,4.0,4.0,4.0,0.0,642872.0,2571488.0,4.313999999999999,2025,11,November,4,1,4.0,4.05,4.05,4.2,4.05,4.05,814170.0,160461.0,3270489.5,649867.05,4.051428571428572,4.14,0.0533630869387758,4.0,4.16,0.0,0.0,-4.761904761904765,-0.2000000000000001,0.0,4.112674750644786,4.178900948164921,-0.0662261975201357,-0.0283278511932304,-0.0378983463269052,0.1841588519692528,4.516049123173286,3.918950876826712,0.5970982463465742,4.0
2025-11-12,MTNGH,4.52,2.5,4.0,4.0,4.0,4.0,0.0,197018.0,788072.0,4.297333333333333,2025,11,November,4,2,4.0,4.05,4.05,4.16,4.0,4.05,642872.0,3293042.0,2571488.0,13336820.1,4.0285714285714285,4.1207142857142856,0.0267261241915456,4.0,4.05,0.0,0.0,-3.84615384615385,-0.1600000000000001,0.0,4.09534017362251,4.165649026078631,-0.0703088524561206,-0.0367240514458085,-0.0335848010103121,0.189298766473842,4.482692150733104,3.905307849266896,0.5773843014662088,4.01
2025-11-13,MTNGH,4.52,2.5,4.0,4.0,4.01,4.01,0.01,86320.0,345912.63,4.281000000000001,2025,11,November,4,3,4.0,4.0,4.05,4.05,4.0,4.05,197018.0,814170.0,788072.0,3270489.5,4.022857142857142,4.103571428571429,0.0256347977787818,4.0,4.05,0.0024999999999999,0.0024968801985871,-0.9876543209876552,-0.04,3.846153846153769,4.082210916142124,4.154119468591325,-0.0719085524492015,-0.0437609516464871,-0.0281476008027144,0.1923242592333779,4.450287614315532,3.895712385684469,0.5545752286310637,4.2
2025-11-14,MTNGH,4.52,2.5,4.01,4.01,4.2,4.2,0.19,228199.0,956955.55,4.270333333333334,2025,11,November,4,4,4.01,4.0,4.05,4.05,4.0,4.0,86320.0,642872.0,345912.63,2571488.0,4.0442857142857145,4.1000000000000005,0.0723088613420771,4.0,4.2,0.0473815461346633,0.0462932839708448,3.7037037037037126,0.1500000000000003,44.444444444444464,4.10033231365872,4.15751802647345,-0.0571857128147295,-0.0464459038801356,-0.0107398089345939,0.18742324099316,4.4194617546128745,3.906538245387126,0.5129235092257485,4.2
2025-11-17,MTNGH,4.52,2.5,4.2,4.2,4.2,4.2,0.0,430425.0,1807785.0,4.259666666666667,2025,11,November,4,0,4.2,4.0,4.0,4.05,4.01,4.0,228199.0,197018.0,956955.55,788072.0,4.065714285714286,4.097857142857142,0.0934268239243306,4.0,4.2,0.0,0.0,3.7037037037037126,0.1500000000000003,46.51162790697672,4.115665803865071,4.160664839327268,-0.0449990354621965,-0.0461565301965477,0.0011574947343512,0.1817441045542941,4.387663685440577,3.9193363145594216,0.4683273708811555,4.2
2025-11-18,MTNGH,4.52,2.5,4.2,4.2,4.2,4.2,0.0,820703.0,3446954.91,4.249,2025,11,November,4,1,4.2,4.01,4.0,4.05,4.2,4.0,430425.0,86320.0,1807785.0,345912.63,4.087142857142857,4.097857142857142,0.1056273774035852,4.0,4.2,0.0,0.0,3.7037037037037126,0.1500000000000003,50.0,4.128640295578137,4.163578554932656,-0.0349382593545186,-0.0439128760281419,0.0089746166736233,0.1752112026020415,4.360071788993206,3.9309282110067945,0.4291435779864119,4.16
2025-11-19,MTNGH,4.52,2.5,4.2,4.2,4.17,4.16,-0.04,40552.0,168564.99,4.237,2025,11,November,4,2,4.2,4.2,4.0,4.0,4.2,4.01,820703.0,228199.0,3446954.91,956955.55,4.11,4.095,0.100829889748444,4.0,4.2,-0.0095238095238094,-0.0095694510161506,4.000000000000004,0.1600000000000001,45.45454545454546,4.133464865489192,4.163313476789496,-0.029848611300304,-0.0411000230825743,0.0112514117822703,0.168198364008645,4.330870779697374,3.942129220302625,0.3887415593947492,4.19
2025-11-20,MTNGH,4.52,2.5,4.16,4.16,4.2,4.19,0.03,484112.0,2027391.21,4.226333333333334,2025,11,November,4,3,4.16,4.2,4.01,4.0,4.2,4.2,40552.0,430425.0,168564.99,1807785.0,4.137142857142857,4.094285714285714,0.0914174100330989,4.0,4.2,0.0072115384615385,0.0071856596608745,4.75000000000001,0.1900000000000004,48.93617021276599,4.142162578490855,4.16529025628657,-0.0231276777957152,-0.0375055540252025,0.0143778762294873,0.1602472945241542,4.318411693808922,3.94658830619108,0.3718233876178423,4.2
2025-11-21,MTNGH,4.52,2.5,4.19,4.19,4.2,4.2,0.01,841640.0,3534836.3,4.216333333333334,2025,11,November,4,4,4.19,4.2,4.2,4.0,4.16,4.2,484112.0,820703.0,2027391.21,3446954.91,4.1657142857142855,4.097142857142857,0.0702037850018679,4.01,4.2,0.0023866348448686,0.0023837913552761,5.000000000000004,0.2000000000000001,54.54545454545455,4.151060643338416,4.167861348413491,-0.0168007050750755,-0.0333645842351771,0.0165638791601015,0.151713962563746,4.310525548564117,3.9494744514358815,0.3610510971282346,4.19
2025-11-24,MTNGH,4.52,2.5,4.2,4.2,4.2,4.19,-0.01,355683.0,1492012.55,4.206333333333333,2025,11,November,4,0,4.2,4.16,4.2,4.01,4.19,4.2,841640.0,40552.0,3534836.3,168564.99,4.191428571428572,4.107142857142857,0.0146385010948168,4.16,4.2,-0.0023809523809523,-0.0023837913552762,4.488778054862858,0.1800000000000006,70.58823529411774,4.157051313594044,4.16950124853101,-0.0124499349369662,-0.0291816543755349,0.0167317194385687,0.142671151503296,4.30100544456139,3.952994555438611,0.3480108891227793,4.2
2025-11-25,MTNGH,4.52,2.5,4.19,4.19,4.2,4.2,0.01,133860.0,561902.0,4.196666666666667,2025,11,November,4,1,4.19,4.19,4.2,4.2,4.2,4.16,355683.0,484112.0,1492012.55,2027391.21,4.191428571428571,4.117857142857143,0.0146385010948168,4.16,4.2,0.0023866348448686,0.0023837913552761,0.0,0.0,71.4285714285715,4.163658803810345,4.171760415306491,-0.008101611496146,-0.0249656457996571,0.0168640343035111,0.1322310760421937,4.296253746973318,3.954746253026682,0.341507493946636,4.21
2025-11-26,MTNGH,4.52,2.5,4.2,4.2,4.2,4.21,0.01,14667483.0,61747022.14,4.188,2025,11,November,4,2,4.2,4.2,4.16,4.2,4.19,4.19,133860.0,841640.0,561902.0,3534836.3,4.192857142857143,4.129285714285714,0.0160356745152832,4.16,4.21,0.0023809523809523,0.0023781224049674,0.238095238095233,0.0099999999999997,72.22222222222227,4.170788218608753,4.1745929771356405,-0.0038047585268872,-0.0207334683451031,0.0169287098182159,0.1218082155657917,4.297728059198123,3.954271940801876,0.3434561183962472,4.21
2025-11-27,MTNGH,4.52,2.5,4.21,4.21,4.21,4.21,0.0,8516.0,35852.36,4.180666666666666,2025,11,November,4,3,4.21,4.19,4.19,4.2,4.2,4.2,14667483.0,355683.0,61747022.14,1492012.55,4.194285714285714,4.140714285714286,0.0171824938601865,4.16,4.21,0.0,0.0,0.238095238095233,0.0099999999999997,72.22222222222227,4.176820800361253,4.177215719570038,-0.0003949192087846,-0.0166657585178394,0.0162708393090548,0.1130435782109035,4.299190779323398,3.953809220676602,0.3453815586467961,4.21
2025-11-28,MTNGH,4.52,2.5,4.21,4.21,4.21,4.21,0.0,1621187.0,6825097.27,4.174333333333333,2025,11,November,4,4,4.21,4.2,4.2,4.16,4.21,4.19,8516.0,133860.0,35852.36,561902.0,4.201428571428571,4.155714285714286,0.0089973541093852,4.19,4.21,0.0,0.0,1.2019230769230729,0.0499999999999998,83.87096774193552,4.181925292613368,4.179644184787072,0.0022811078262963,-0.0128763852490123,0.0151574930753086,0.1053952604226216,4.300642100158727,3.9533578998412735,0.347284200317453,4.21
2025-12-01,MTNGH,4.52,2.5,4.21,4.21,4.21,4.21,0.0,147431.0,620684.51,4.168333333333334,2025,12,December,4,0,4.21,4.21,4.19,4.19,4.21,4.2,1621187.0,14667483.0,6825097.27,61747022.14,4.204285714285715,4.170714285714285,0.0078679579257943,4.19,4.21,0.0,0.0,0.4773269689737368,0.0199999999999995,83.87096774193552,4.186244478365158,4.181892763691733,0.0043517146734242,-0.009430765264525,0.0137824799379492,0.0975239434202795,4.306548907902982,3.9524510920970175,0.354097815805964,4.21
2025-12-02,MTNGH,4.52,2.5,4.21,4.21,4.21,4.21,0.0,236886.0,997298.4,4.163333333333333,2025,12,December,4,1,4.21,4.21,4.2,4.2,4.21,4.21,147431.0,8516.0,620684.51,35852.36,4.2057142857142855,4.185714285714286,0.0078679579257948,4.19,4.21,0.0,0.0,0.238095238095233,0.0099999999999997,83.87096774193552,4.189899174001287,4.183974781196049,0.0059243928052374,-0.0063597336505725,0.01228412645581,0.0909843993196208,4.313881762991401,3.961118237008599,0.3527635259828021,4.2
2025-12-03,MTNGH,4.52,2.5,4.21,4.21,4.2,4.2,-0.01,117423.0,493176.6,4.158666666666667,2025,12,December,4,2,4.21,4.21,4.21,4.19,4.21,4.21,236886.0,1621187.0,997298.4,6825097.27,4.207142857142857,4.199285714285715,0.0048795003665178,4.2,4.21,-0.0023752969121139,-0.0023781224049673,0.2386634844868684,0.0099999999999997,80.64516129032268,4.191453147231858,4.185161834440787,0.0062913127910713,-0.0038295243622437,0.010120837153315,0.0850043947478526,4.318448005253683,3.9715519947463176,0.3468960105073653,4.2
2025-12-04,MTNGH,4.52,2.5,4.2,4.2,4.2,4.2,0.0,90323.0,379356.6,4.156333333333333,2025,12,December,4,3,4.2,4.21,4.21,4.2,4.21,4.21,117423.0,147431.0,493176.6,620684.51,4.207142857142857,4.199285714285714,0.0048795003665178,4.2,4.21,0.0,0.0,0.0,0.0,50.0,4.192768047657726,4.186260957815543,0.0065070898421826,-0.0017622015213584,0.0082692913635411,0.0827744477203821,4.321568656250891,3.9834313437491087,0.3381373125017823,4.2
2025-12-08,MTNGH,4.52,2.5,4.2,4.2,4.2,4.2,0.0,203723.0,855614.6,4.154666666666667,2025,12,December,4,0,4.2,4.21,4.21,4.21,4.2,4.21,90323.0,236886.0,379356.6,997298.4,4.2057142857142855,4.199285714285715,0.0053452248398685,4.2,4.21,0.0,0.0,-0.2375296912113963,-0.0099999999999997,50.0,4.193880655710384,4.187278664644022,0.0066019910663621,-8.936300381434908e-05,0.0066913540701765,0.0813139226885561,4.323127331603126,3.9968726683968745,0.3262546632062513,4.2
2025-12-09,MTNGH,4.52,2.5,4.2,4.2,4.2,4.2,0.0,6215396.0,26104663.2,4.1530000000000005,2025,12,December,4,1,4.2,4.2,4.21,4.21,4.2,4.21,203723.0,117423.0,855614.6,493176.6,4.204285714285715,4.199285714285714,0.0053452248398681,4.2,4.21,0.0,0.0,-0.2375296912113963,-0.0099999999999997,50.0,4.194822093293402,4.188220985781501,0.0066011075119005,0.0012487310993286,0.0053523764125719,0.0797906744184425,4.315385150911055,4.024614849088945,0.2907703018221106,4.2
2025-12-10,MTNGH,4.52,2.5,4.2,4.2,4.2,4.2,0.0,153843.0,646140.6,4.152,2025,12,December,4,2,4.2,4.2,4.21,4.21,4.2,4.2,6215396.0,90323.0,26104663.2,379356.6,4.202857142857143,4.202142857142857,0.0048795003665163,4.2,4.21,0.0,0.0,-0.2375296912113963,-0.0099999999999997,75.00000000000028,4.195618694325186,4.189093505353242,0.0065251889719446,0.0023040226738518,0.0042211662980928,0.0789762076787833,4.301741745641119,4.058258254358882,0.2434834912822374,4.2
2025-12-11,MTNGH,4.52,2.5,4.2,4.2,4.2,4.2,0.0,154341.0,648232.2,4.152,2025,12,December,4,3,4.2,4.2,4.2,4.21,4.2,4.2,153843.0,203723.0,646140.6,855614.6,4.201428571428571,4.202857142857143,0.0037796447323812,4.2,4.21,0.0,0.0,-0.2375296912113963,-0.0099999999999997,60.0,4.196292741352081,4.189901393845594,0.0063913475064865,0.0031214876403787,0.0032698598661077,0.0789762076787833,4.277539464785349,4.102460535214652,0.1750789295706969,4.2
2025-12-12,MTNGH,4.52,2.5,4.2,4.2,4.2,4.2,0.0,991294.0,4163434.8,4.152,2025,12,December,4,4,4.2,4.2,4.2,4.21,4.2,4.2,154341.0,6215396.0,648232.2,26104663.2,4.2,4.202857142857143,0.0,4.2,4.2,0.0,0.0,-0.2375296912113963,-0.0099999999999997,50.0,4.196863088836376,4.190649438745921,0.006213650090455,0.003739920130394,0.002473729960061,0.0789762076787833,4.221480852915794,4.1775191470842055,0.0439617058315882,4.2
2025-12-15,MTNGH,4.52,2.5,4.2,4.2,4.2,4.2,0.0,1012810.0,4253802.0,4.152,2025,12,December,4,0,4.2,4.2,4.2,4.2,4.2,4.2,991294.0,153843.0,4163434.8,646140.6,4.2,4.203571428571428,0.0,4.2,4.2,0.0,0.0,0.0,0.0,66.66666666666666,4.197345690553857,4.19134207291289,0.0060036176409674,0.0041926596325087,0.0018109580084587,0.0789762076787833,4.221480852915794,4.1775191470842055,0.0439617058315882,4.2
2025-12-16,MTNGH,4.52,2.5,4.2,4.2,4.2,4.2,0.0,4439199.0,18644635.8,4.153333333333333,2025,12,December,4,1,4.2,4.2,4.2,4.2,4.2,4.2,1012810.0,154341.0,4253802.0,648232.2,4.2,4.203571428571429,0.0,4.2,4.2,0.0,0.0,0.0,0.0,50.0,4.197754045853264,4.1919834008452685,0.0057706450079955,0.004508256707606,0.0012623883003894,0.0794521470960533,4.221480852915795,4.177519147084206,0.0439617058315882,4.2
2025-12-17,MTNGH,4.52,2.5,4.2,4.2,4.2,4.2,0.0,960269.0,4033240.76,4.158333333333333,2025,12,December,4,2,4.2,4.2,4.2,4.2,4.2,4.2,4439199.0,991294.0,18644635.8,4163434.8,4.2,4.202857142857143,0.0,4.2,4.2,0.0,0.0,0.0,0.0,0.0,4.198099577260455,4.192577223004879,0.005522354255576,0.0047110762172,0.0008112780383759,0.0774188488737175,4.221480852915795,4.177519147084206,0.0439617058315882,4.2
2025-12-18,MTNGH,4.52,2.5,4.2,4.2,4.2,4.2,0.0,520195.0,2184819.0,4.163333333333333,2025,12,December,4,3,4.2,4.2,4.2,4.2,4.2,4.2,960269.0,1012810.0,4033240.76,4253802.0,4.2,4.202142857142857,0.0,4.2,4.2,0.0,0.0,0.0,0.0,0.0,4.198391949989616,4.193127058337851,0.0052648916517652,0.0048218393041131,0.0004430523476521,0.0749865888393326,4.213242858979447,4.189757141020555,0.0234857179588914,4.19
2025-12-19,MTNGH,4.52,2.5,4.2,4.2,4.2,4.19,-0.01,80843.0,338535.6,4.168,2025,12,December,4,4,4.2,4.2,4.2,4.2,4.2,4.2,520195.0,4439199.0,2184819.0,18644635.8,4.198571428571428,4.200714285714286,0.0037796447323792,4.19,4.2,-0.0023809523809523,-0.0023837913552762,-0.238095238095233,-0.0099999999999997,0.0,4.197100880760444,4.192895424386899,0.0042054563735449,0.0046985627179994,-0.0004931063444545,0.0719865887893658,4.213242858979446,4.1897571410205545,0.0234857179588914,4.19
2025-12-22,MTNGH,4.52,2.5,4.19,4.19,4.19,4.19,0.0,33078608.0,128849460.72,4.172666666666666,2025,12,December,4,0,4.19,4.2,4.2,4.2,4.2,4.2,80843.0,960269.0,338535.6,4033240.76,4.1971428571428575,4.199285714285715,0.0048795003665132,4.19,4.2,0.0,0.0,-0.238095238095233,-0.0099999999999997,0.0,4.19600843756653,4.192680948506388,0.0033274890601413,0.0044243479864278,-0.0010968589262864,0.0685280377220521,4.213814465516939,4.188185534483062,0.0256289310338768,4.19
2025-12-23,MTNGH,4.52,2.5,4.19,4.19,4.19,4.19,0.0,134505.0,563575.95,4.179,2025,12,December,4,1,4.19,4.2,4.2,4.2,4.19,4.2,33078608.0,520195.0,128849460.72,2184819.0,4.195714285714286,4.197857142857143,0.0053452248398639,4.19,4.2,0.0,0.0,-0.238095238095233,-0.0099999999999997,0.0,4.195084062556294,4.192482359728137,0.0026017028281568,0.0040598189547736,-0.0014581161266167,0.0603066874545116,4.213814465516938,4.188185534483061,0.0256289310338768,4.2
2025-12-24,MTNGH,4.52,2.5,4.19,4.19,4.2,4.2,0.01,480630.0,2018604.38,4.185666666666666,2025,12,December,4,2,4.19,4.19,4.2,4.2,4.19,4.2,134505.0,80843.0,563575.95,338535.6,4.195714285714286,4.197857142857144,0.0053452248398639,4.19,4.2,0.0023866348448686,0.0023837913552761,0.0,0.0,50.0,4.1958403606245565,4.193039221970498,0.0028011386540587,0.0038080828946306,-0.0010069442405719,0.0500126420800593,4.213814465516938,4.188185534483061,0.0256289310338768,4.2
2025-12-29,MTNGH,4.52,2.5,4.2,4.2,4.2,4.2,0.0,274595.0,1153399.0,4.192333333333333,2025,12,December,4,0,4.2,4.19,4.2,4.2,4.19,4.19,480630.0,33078608.0,2018604.38,128849460.72,4.195714285714286,4.197857142857143,0.0053452248398639,4.19,4.2,0.0,0.0,0.0,0.0,50.0,4.196480305143855,4.193554835157868,0.0029254699859873,0.0036315603129019,-0.0007060903269146,0.0356886278936522,4.212596106383571,4.188403893616429,0.0241922127671418,4.2
2025-12-30,MTNGH,4.52,2.5,4.2,4.2,4.2,4.2,0.0,1170707.0,4916969.4,4.198666666666667,2025,12,December,4,1,4.2,4.19,4.19,4.2,4.2,4.19,274595.0,134505.0,1153399.0,563575.95,4.195714285714287,4.197857142857143,0.0053452248398639,4.19,4.2,0.0,0.0,0.0,0.0,50.0,4.197021796660185,4.194032254775804,0.0029895418843812,0.0035031566271978,-0.0005136147428165,0.0093710240617585,4.211239029746498,4.1887609702535045,0.0224780594929931,4.2
2025-12-31,MTNGH,4.52,2.5,4.2,4.2,4.2,4.2,0.0,178655.0,750611.0,4.198666666666667,2025,12,December,4,2,4.2,4.2,4.19,4.2,4.2,4.19,1170707.0,480630.0,4916969.4,2018604.38,4.195714285714286,4.197857142857143,0.0053452248398639,4.19,4.2,0.0,0.0,0.0,0.0,50.0,4.197479981789388,4.194474309977596,0.0030056718117918,0.0034036596641166,-0.0003979878523247,0.0093710240617585,4.209708355718955,4.189291644281044,0.0204167114379103,4.2
2026-01-02,MTNGH,4.52,2.5,4.2,4.2,4.2,4.2,0.0,960269.0,4033240.76,4.198666666666667,2026,1,January,1,4,4.2,4.2,4.19,4.19,4.2,4.2,178655.0,274595.0,750611.0,1153399.0,4.1971428571428575,4.197857142857143,0.0048795003665132,4.19,4.2,0.0,0.0,0.2386634844868684,0.0099999999999997,50.0,4.197867676898713,4.194883620349626,0.0029840565490868,0.0033197390411106,-0.0003356824920238,0.0093710240617585,4.20794427191944,4.19005572808056,0.0178885438388807,4.2
2026-01-02,MTNGH,4.2,4.2,4.2,4.2,4.2,4.2,0.0,648197.0,2722427.4,4.198666666666666,2026,1,January,1,4,4.2,4.2,4.2,4.19,4.2,4.2,960269.0,1170707.0,4033240.76,4916969.4,4.198571428571428,4.197857142857143,0.0037796447323792,4.19,4.2,0.0,0.0,0.2386634844868684,0.0099999999999997,50.0,4.198195726606604,4.195262611434838,0.002933115171765,0.0032424142672415,-0.0003092990954764,0.0093710240617585,4.205826950982173,4.191173049017827,0.0146539019643459,4.21
2026-01-05,MTNGH,4.21,4.2,4.2,4.2,4.21,4.21,0.01,485319.0,2043235.46,4.200333333333334,2026,1,January,1,0,4.2,4.2,4.2,4.19,4.2,4.2,648197.0,178655.0,2722427.4,750611.0,4.201428571428571,4.198571428571428,0.0037796447323812,4.2,4.21,0.0023809523809523,0.0023781224049674,0.4773269689737368,0.0199999999999995,66.66666666666666,4.200011768667125,4.196354269847072,0.0036574988200532,0.0033254311778039,0.0003320676422493,0.0061494789995624,4.207944271919441,4.19005572808056,0.0178885438388807,4.2
2026-01-06,MTNGH,4.21,4.2,4.21,4.21,4.2,4.2,-0.01,18325232.0,76967682.54,4.200666666666667,2026,1,January,1,1,4.21,4.2,4.2,4.2,4.2,4.2,485319.0,960269.0,2043235.46,4033240.76,4.201428571428571,4.198571428571428,0.0037796447323812,4.2,4.21,-0.0023752969121139,-0.0023781224049673,0.0,0.0,50.0,4.200009958102952,4.1966243239324745,0.0033856341704776,0.0033374717763386,4.816239413899144e-05,0.0058329228108885,4.20794427191944,4.19005572808056,0.0178885438388807,4.2
2026-01-07,MTNGH,4.21,4.2,4.2,4.2,4.2,4.2,0.0,1177361.0,4945126.2,4.200666666666667,2026,1,January,1,2,4.2,4.2,4.2,4.2,4.21,4.2,18325232.0,648197.0,76967682.54,2722427.4,4.201428571428572,4.198571428571428,0.0037796447323812,4.2,4.21,0.0,0.0,0.0,0.0,50.0,4.2000084260871136,4.196874374011551,0.0031340520755627,0.0032967878361834,-0.0001627357606207,0.0058329228108885,4.20794427191944,4.19005572808056,0.0178885438388807,4.21
2026-01-08,MTNGH,4.21,4.2,4.2,4.2,4.21,4.21,0.01,7521.0,31663.41,4.201333333333333,2026,1,January,1,3,4.2,4.21,4.2,4.2,4.2,4.2,1177361.0,485319.0,4945126.2,2043235.46,4.202857142857143,4.199285714285715,0.0048795003665163,4.2,4.21,0.0023809523809523,0.0023781224049674,0.238095238095233,0.0099999999999997,60.0,4.20154559130448,4.197846642603288,0.0036989487011922,0.0033772200091852,0.000321728692007,0.005713464638287,4.209708355718956,4.189291644281045,0.0204167114379103,4.23
2026-01-12,MTNGH,4.23,4.2,4.21,4.21,4.23,4.23,0.02,9416457.0,37550613.33,4.202333333333334,2026,1,January,1,0,4.21,4.2,4.2,4.2,4.2,4.21,7521.0,18325232.0,31663.41,76967682.54,4.207142857142857,4.201428571428571,0.0111269728060624,4.2,4.23,0.004750593824228,0.0047393453638965,0.7142857142857202,0.0300000000000002,71.42857142857179,4.205923192642253,4.200228372780822,0.0056948198614303,0.0038407399796342,0.0018540798817961,0.0077385436280545,4.218044832529494,4.183955167470505,0.034089665058989,4.2
2026-01-13,MTNGH,4.52,2.5,4.2,4.2,4.2,4.2,0.0,960269.0,4033240.76,4.202,2026,1,January,1,1,4.23,4.2,4.21,4.2,4.21,4.2,9416457.0,1177361.0,37550613.33,4945126.2,4.207142857142857,4.202142857142857,0.0111269728060624,4.2,4.23,-0.0070921985815602,-0.0071174677688639,0.0,0.0,55.55555555555545,4.205011932235752,4.200211456278539,0.0048004759572135,0.0040326871751501,0.0007677887820634,0.0076112439518647,4.218044832529494,4.183955167470505,0.034089665058989,4.23
2026-01-14,MTNGH,4.23,4.2,4.23,4.23,4.23,4.23,0.0,546941.0,4033240.76,4.2026666666666666,2026,1,January,1,2,4.2,4.21,4.2,4.2,4.2,4.2,960269.0,7521.0,4033240.76,31663.41,4.211428571428572,4.205,0.0134518541833358,4.2,4.23,0.0071428571428571,0.0071174677688639,0.7142857142857202,0.0300000000000002,66.66666666666666,4.208856250353329,4.2024180150727215,0.0064382352806076,0.0045137967962416,0.0019244384843659,0.0090718713938609,4.223898475109486,4.181101524890515,0.0427969502189711,4.25
2026-01-15,MTNGH,4.25,4.2,4.23,4.23,4.23,4.25,0.02,3591791.0,15253121.99,4.204,2026,1,January,1,3,4.23,4.23,4.2,4.21,4.23,4.21,546941.0,9416457.0,4033240.76,37550613.33,4.217142857142858,4.2092857142857145,0.0197604704016264,4.2,4.25,0.0047281323877068,0.0047169898781388,0.9501187648456066,0.04,71.42857142857133,4.215186057991279,4.205942606548816,0.0092434514424626,0.0054597277254858,0.0037837237169768,0.0124844731157369,4.235087591430091,4.174912408569909,0.0601751828601813,4.05
2026-01-16,MTNGH,4.52,2.5,4.05,4.05,4.05,4.05,0.0,3293042.0,13336820.1,4.198666666666666,2026,1,January,1,4,4.25,4.2,4.21,4.2,4.23,4.2,3591791.0,960269.0,15253121.99,4033240.76,4.195714285714286,4.198571428571429,0.0667974906858191,4.05,4.25,-0.0470588235294118,-0.0482021018178777,-3.57142857142858,-0.1500000000000003,27.272727272727224,4.1897728183003125,4.194391302360015,-0.0046184840597023,0.0034440853684481,-0.0080625694281505,0.0307081179130074,4.273137640310547,4.121862359689453,0.1512752806210944,4.2
2026-01-16,MTNGH,4.25,4.2,4.25,4.25,4.2,4.2,-0.05,27812988.0,116814805.15,4.198333333333333,2026,1,January,1,4,4.05,4.23,4.23,4.2,4.05,4.23,3293042.0,546941.0,13336820.1,4033240.76,4.195714285714287,4.198571428571428,0.0667974906858191,4.05,4.25,0.0370370370370372,0.036367644170875,0.0,0.0,50.0,4.191346230869495,4.194806761444458,-0.003460530574963,0.0020631621797659,-0.005523692754729,0.030635041164302,4.273137640310547,4.121862359689453,0.1512752806210944,4.2
2026-01-19,MTNGH,4.25,4.2,4.2,4.2,4.2,4.2,0.0,12.0,52.0,4.198333333333333,2026,1,January,1,0,4.2,4.25,4.2,4.21,4.25,4.23,27812988.0,3591791.0,116814805.15,15253121.99,4.194285714285715,4.198571428571428,0.0665475125649994,4.05,4.25,0.0,0.0,-0.2375296912113963,-0.0099999999999997,50.0,4.192677579966496,4.195191445781906,-0.00251386581541,0.0011477565807307,-0.0036616223961407,0.030635041164302,4.273137640310547,4.121862359689453,0.1512752806210944,4.2
2026-01-20,MTNGH,4.25,4.2,4.2,4.2,4.2,4.2,0.0,1.0,7.0,4.198333333333333,2026,1,January,1,1,4.2,4.05,4.23,4.23,4.2,4.05,12.0,3293042.0,52.0,13336820.1,4.19,4.198571428571428,0.0648074069842122,4.05,4.25,0.0,0.0,-0.7092198581560342,-0.0300000000000002,50.0,4.193804106125497,4.195547634983246,-0.0017435288577489,0.0005694994930347,-0.0023130283507837,0.030635041164302,4.273561059312184,4.122438940687816,0.151122118624368,4.2
2026-01-21,MTNGH,4.25,4.2,4.2,4.2,4.2,4.2,0.0,719.0,3.0,4.198333333333333,2026,1,January,1,2,4.2,4.2,4.25,4.2,4.2,4.25,1.0,27812988.0,7.0,116814805.15,4.19,4.198571428571428,0.0648074069842122,4.05,4.25,0.0,0.0,0.0,0.0,50.0,4.194757320567728,4.195877439799302,-0.0011201192315741,0.000231575748113,-0.0013516949796871,0.030635041164302,4.273970454310631,4.123029545689369,0.150940908621262,4.2
2026-01-22,MTNGH,4.25,4.2,4.2,4.2,4.2,4.2,0.0,7.0,32.0,4.198333333333334,2026,1,January,1,3,4.2,4.2,4.05,4.23,4.2,4.2,719.0,12.0,3.0,52.0,4.185714285714286,4.198571428571428,0.0626783170529389,4.05,4.25,0.0,0.0,-0.7092198581560342,-0.0300000000000002,50.0,4.195563886634232,4.196182814628983,-0.0006189279947514,6.14749995401042e-05,-0.0006804029942915,0.030635041164302,4.274365774726788,4.123634225273212,0.1507315494535763,4.2
2026-01-23,MTNGH,4.25,4.2,4.2,4.2,4.2,4.2,0.0,6.0,27.0,4.198333333333333,2026,1,January,1,4,4.2,4.2,4.2,4.25,4.2,4.2,7.0,1.0,32.0,7.0,4.178571428571429,4.197857142857143,0.0566946709515366,4.05,4.2,0.0,0.0,-1.17647058823529,-0.0499999999999998,48.93617021276599,4.196246365613581,4.19646556910091,-0.0002192034873296,5.339302166158906e-06,-0.0002245427894957,0.030635041164302,4.274365774726788,4.123634225273212,0.1507315494535763,4.2
2026-01-26,MTNGH,4.25,4.2,4.2,4.2,4.2,4.2,0.0,21.0,89.0,4.198333333333333,2026,1,January,1,0,4.2,4.2,4.2,4.05,4.2,4.2,6.0,719.0,27.0,3.0,4.2,4.197857142857143,0.0,4.2,4.2,0.0,0.0,3.7037037037037126,0.1500000000000003,50.0,4.1968238478268765,4.19672737879714,9.646902973692306e-05,2.356524768031174e-05,7.290378205661131e-05,0.030635041164302,4.274365774726788,4.123634225273212,0.1507315494535763,4.2
2026-01-27,MTNGH,4.25,4.2,4.2,4.2,4.2,4.2,0.0,1.0,4.0,4.198333333333333,2026,1,January,1,1,4.2,4.2,4.2,4.2,4.2,4.2,21.0,7.0,89.0,32.0,4.2,4.197857142857143,0.0,4.2,4.2,0.0,0.0,0.0,0.0,50.0,4.197312486622741,4.196969795182537,0.0003426914402044,8.739048618514741e-05,0.0002553009540193,0.030635041164302,4.274365774726788,4.123634225273212,0.1507315494535763,4.2
2026-01-28,MTNGH,4.25,4.2,4.2,4.2,4.2,4.2,0.0,28.0,118.0,4.198333333333333,2026,1,January,1,2,4.2,4.2,4.2,4.2,4.2,4.2,1.0,6.0,4.0,27.0,4.2,4.197142857142857,0.0,4.2,4.2,0.0,0.0,0.0,0.0,48.88888888888892,4.197725950219243,4.197194254798645,0.000531695420598,0.0001762514730677,0.0003554439475303,0.030635041164302,4.274365774726788,4.123634225273212,0.1507315494535763,4.2
2026-01-29,MTNGH,4.25,4.2,4.2,4.2,4.2,4.2,0.0,853.0,3.0,4.198333333333334,2026,1,January,1,3,4.2,4.2,4.2,4.2,4.2,4.2,28.0,21.0,118.0,89.0,4.2,4.195,0.0,4.2,4.2,0.0,0.0,0.0,0.0,46.51162790697672,4.198075804031667,4.197402087776523,0.000673716255144,0.0002757444294829,0.000397971825661,0.030635041164302,4.274365774726788,4.123634225273212,0.1507315494535763,4.2
2026-01-30,MTNGH,4.25,4.2,4.2,4.2,4.2,4.2,0.0,8.0,34.0,4.198333333333333,2026,1,January,1,4,4.2,4.2,4.2,4.2,4.2,4.2,853.0,1.0,3.0,4.0,4.2,4.195,0.0,4.2,4.2,0.0,0.0,0.0,0.0,50.0,4.198371834180642,4.197594525719003,0.0007773084616387,0.0003760572359141,0.0004012512257245,0.030635041164302,4.274365774726788,4.123634225273212,0.1507315494535763,4.2
2026-02-02,MTNGH,4.25,4.2,4.2,4.2,4.2,4.2,0.0,411.0,1.0,4.198333333333333,2026,2,February,1,0,4.2,4.2,4.2,4.2,4.2,4.2,8.0,28.0,34.0,118.0,4.2,4.192857142857143,0.0,4.2,4.2,0.0,0.0,0.0,0.0,45.94594594594591,4.198622321229774,4.197772708999077,0.0008496122306969,0.0004707682348706,0.0003788439958262,0.030635041164302,4.273690984903081,4.123309015096921,0.1503819698061601,4.2
2026-02-03,MTNGH,4.25,4.2,4.2,4.2,4.2,4.2,0.0,1.0,5.0,4.198666666666667,2026,2,February,1,1,4.2,4.2,4.2,4.2,4.2,4.2,411.0,853.0,1.0,3.0,4.2,4.189285714285715,0.0,4.2,4.2,0.0,0.0,0.0,0.0,42.8571428571429,4.198834271809809,4.197937693517663,0.0008965782921457,0.0005559302463256,0.00034064804582,0.0305956198504791,4.273690984903081,4.123309015096921,0.1503819698061601,4.2
2026-02-04,MTNGH,4.25,4.2,4.2,4.2,4.2,4.2,0.0,25.0,105.0,4.199000000000001,2026,2,February,1,2,4.2,4.2,4.2,4.2,4.2,4.2,1.0,8.0,5.0,34.0,4.2,4.2,0.0,4.2,4.2,0.0,0.0,0.0,0.0,100.0,4.1990136146083,4.1980904569608,0.0009231576475006,0.0006293757265606,0.0002937819209399,0.0305523857640301,4.27369098490308,4.12330901509692,0.1503819698061601,4.21
2026-02-06,MTNGH,4.25,4.2,4.2,4.2,4.21,4.21,0.01,1.0,6.0,4.199666666666667,2026,2,February,1,4,4.2,4.2,4.2,4.2,4.2,4.2,34.0,1.0,145.0,5.0,4.201428571428572,4.200714285714286,0.0037796447323834,4.2,4.21,0.0023809523809523,0.0023781224049674,0.238095238095233,0.0099999999999997,100.0,4.200832232944404,4.199103615364197,0.0017286175802073,0.0008978778392308,0.0008307397409764,0.0305674306428263,4.270727806652939,4.123272193347063,0.1474556133058762,4.22
2026-02-09,MTNGH,4.25,4.2,4.21,4.21,4.22,4.22,0.01,10.0,42.0,4.200333333333334,2026,2,February,1,0,4.21,4.2,4.2,4.2,4.2,4.2,1.0,25.0,6.0,105.0,4.204285714285715,4.202142857142857,0.0078679579257951,4.2,4.22,0.002375296912114,0.0023724803536303,0.476190476190466,0.0199999999999995,100.0,4.203781120183727,4.200651495707589,0.0031296244761378,0.0013442271666122,0.0017853973095255,0.0307922217378394,4.272438247102869,4.123561752897132,0.1488764942057372,4.39
2026-02-10,MTNGH,4.39,4.2,4.22,4.22,4.4,4.39,0.17,1.0,6.0,4.206666666666667,2026,2,February,1,1,4.22,4.2,4.2,4.2,4.21,4.2,10.0,34.0,42.0,145.0,4.231428571428571,4.215714285714286,0.0703393136704958,4.2,4.39,0.0402843601895734,0.0394940990391595,4.523809523809512,0.1899999999999995,100.0,4.232430178616999,4.214677310840361,0.0177528677766387,0.0046259552886175,0.0131269124880211,0.0463370956879435,4.319211492815141,4.09278850718486,0.2264229856302808,4.41
2026-02-11,MTNGH,4.41,4.2,4.39,4.39,4.5,4.41,0.02,1.0,5.0,4.213666666666667,2026,2,February,1,2,4.39,4.21,4.2,4.2,4.22,4.2,1.0,1.0,6.0,6.0,4.261428571428572,4.230714285714286,0.0951189731212258,4.2,4.41,0.0045558086560364,0.0045454623716746,4.999999999999999,0.2099999999999999,100.0,4.2597486126759225,4.229145658185519,0.0306029544904031,0.0098213551289746,0.0207815993614284,0.0593344310890033,4.358571963505201,4.0694280364948,0.2891439270104019,4.5
2026-02-12,MTNGH,4.5,4.2,4.41,4.41,4.5,4.5,0.09,10.0,45.0,4.2236666666666665,2026,2,February,1,3,4.41,4.22,4.2,4.2,4.39,4.21,1.0,10.0,5.0,42.0,4.304285714285714,4.252142857142857,0.1255464247277567,4.2,4.5,0.0204081632653061,0.0202027073175194,7.142857142857138,0.2999999999999998,100.0,4.2967103645719344,4.24920894276437,0.0475014218075644,0.0173573684646926,0.0301440533428717,0.0789798461125749,4.410647547847292,4.062352452152709,0.3482950956945831,4.85
2026-02-13,MTNGH,4.85,4.2,4.5,4.5,4.92,4.85,0.35,4.0,22.0,4.245333333333334,2026,2,February,1,4,4.5,4.39,4.21,4.2,4.41,4.22,10.0,1.0,45.0,6.0,4.397142857142857,4.298571428571429,0.2313521331732803,4.2,4.85,0.0777777777777777,0.0749013081731177,15.476190476190462,0.6499999999999995,100.0,4.381831846945483,4.293711984041083,0.0881198629043993,0.0315098673526339,0.0566099955517653,0.1387812303053601,4.592786804451659,3.945213195548341,0.6475736089033184,4.91
2026-02-16,MTNGH,4.91,4.2,4.85,4.85,5.32,4.91,0.06,7.0,37.0,4.268666666666666,2026,2,February,1,0,4.85,4.41,4.22,4.2,4.5,4.39,4.0,1.0,22.0,5.0,4.498571428571428,4.349285714285714,0.2808575303974782,4.21,4.91,0.0123711340206187,0.0122952368570375,16.9047619047619,0.71,100.0,4.463088485876947,4.339362948186189,0.123725537690758,0.0499530014202588,0.0737725362704992,0.1840864364693007,4.734651748009894,3.8743482519901056,0.8603034960197888,5.35
2026-02-17,MTNGH,5.35,4.2,4.91,4.91,5.35,5.35,0.44,412.0,2.0,4.307,2026,2,February,1,1,4.91,4.5,4.39,4.21,4.85,4.41,7.0,10.0,37.0,45.0,4.661428571428571,4.431428571428572,0.3935491740316206,4.22,5.35,0.0896130346232177,0.0858226191014858,27.07838479809975,1.1399999999999997,100.0,4.599536411126647,4.414224952024249,0.1853114591023983,0.0770246929566867,0.1082867661457116,0.2693049802989257,4.993609472946672,3.730390527053328,1.2632189458933438,5.4
2026-02-18,MTNGH,5.4,4.2,5.35,5.35,5.4,5.4,0.05,2.0,15.0,4.347,2026,2,February,1,2,5.35,4.85,4.41,4.22,4.91,4.5,412.0,4.0,2.0,22.0,4.83,4.517142857142857,0.4244604418160608,4.39,5.4,0.0093457943925234,0.0093023926623136,27.96208530805689,1.1800000000000006,100.0,4.722684655568702,4.487245325948379,0.2354393296203225,0.1087076202894138,0.1267317093309086,0.3341706151055349,5.199867530327003,3.6441324696729978,1.5557350606540052,5.3
2026-02-19,MTNGH,5.4,4.2,5.4,5.4,5.4,5.3,-0.1,31.0,168.0,4.383333333333334,2026,2,February,1,3,5.4,4.91,4.5,4.39,5.35,4.85,2.0,7.0,15.0,37.0,4.96,4.595714285714286,0.4062019202318215,4.41,5.4,-0.0185185185185186,-0.0186921330121526,20.728929384965834,0.91,92.30769230769226,4.811502400865824,4.547449375878129,0.2640530249876951,0.1397767012290701,0.1242763237586249,0.375465993991053,5.339703217859686,3.6142967821403142,1.7254064357193712,5.47
2026-02-20,MTNGH,5.47,4.2,5.3,5.3,5.47,5.47,0.17,629.0,3.0,4.424666666666667,2026,2,February,1,4,5.3,5.35,4.85,4.41,5.4,4.91,31.0,412.0,168.0,2.0,5.111428571428571,4.686428571428571,0.3621891113506475,4.5,5.47,0.032075471698113,0.0315717958758135,24.036281179138317,1.0599999999999996,93.1972789115646,4.912809723809543,4.615786459146415,0.2970232646631281,0.1712260139158817,0.1257972507472463,0.4232202763323867,5.498996080765228,3.582003919234771,1.9169921615304573,5.58
2026-02-23,MTNGH,5.58,4.2,5.47,5.47,5.58,5.58,0.11,1.0,7.0,4.470666666666667,2026,2,February,1,0,5.47,5.4,4.91,4.5,5.3,5.35,629.0,2.0,3.0,15.0,5.265714285714286,4.784999999999999,0.2787386555454013,4.85,5.58,0.0201096892138941,0.0199101599593298,24.000000000000004,1.08,93.67088607594934,5.015454381684998,4.687209684394829,0.3282446972901693,0.2026297505907393,0.12561494669943,0.4703332152137932,5.659141041399239,3.5598589586007607,2.099282082798478,5.64
2026-02-24,MTNGH,5.64,4.2,5.58,5.58,5.65,5.64,0.06,816032.0,4605024.4,4.517666666666667,2026,2,February,1,1,5.58,5.3,5.35,4.85,5.47,5.4,1.0,31.0,7.0,168.0,5.378571428571428,4.887857142857143,0.2395432161030082,4.91,5.64,0.010752688172043,0.0106952891167479,16.288659793814436,0.79,93.90243902439022,5.11153832296423,4.757786744810026,0.3537515781542035,0.2328541161034321,0.1208974620507714,0.5138877063256664,5.807634983028327,3.555365016971672,2.252269966056655,5.58
2026-02-25,MTNGH,5.64,4.2,5.64,5.64,5.6,5.58,-0.06,3225976.0,18004581.7,4.561999999999999,2026,2,February,1,2,5.64,5.47,5.4,4.91,5.58,5.3,816032.0,629.0,4605024.4,3.0,5.474285714285714,4.986428571428571,0.129853397190544,5.3,5.64,-0.0106382978723403,-0.0106952891167479,13.645621181262726,0.6699999999999999,90.58823529411764,5.183609350200502,4.818691430379654,0.3649179198208481,0.2592668768469153,0.1056510429739327,0.5463445925358043,5.920663731233778,3.5803362687662235,2.3403274624675543,5.56
2026-02-26,MTNGH,5.64,4.2,5.58,5.58,5.56,5.56,-0.02,2960677.0,16472990.13,4.612333333333334,2026,2,February,1,3,5.58,5.58,5.3,5.35,5.64,5.47,3225976.0,1.0,18004581.7,7.0,5.504285714285714,5.082857142857144,0.1202576598887788,5.3,5.64,-0.003584229390681,-0.0035906681307285,3.925233644859813,0.2099999999999999,89.47368421052629,5.2415156040158095,4.873603176277458,0.3679124277383518,0.2809959870252027,0.0869164407131491,0.5667249124899945,6.0118019205902735,3.625198079409727,2.3866038411805466,5.56
2026-02-27,MTNGH,5.64,4.2,5.56,5.56,5.56,5.56,0.0,22868764.0,127161543.28,4.657666666666667,2026,2,February,1,4,5.56,5.64,5.47,5.4,5.58,5.58,2960677.0,816032.0,16472990.13,4605024.4,5.527142857142857,5.178571428571428,0.1120586581088822,5.3,5.64,0.0,0.0,2.962962962962949,0.1599999999999992,89.41176470588232,5.2905132033979925,4.9244473854420905,0.366065817955902,0.2980099532113425,0.0680558647445594,0.5866484780357136,6.086382011743444,3.686617988256556,2.399764023486888,5.76
2026-03-02,MTNGH,5.76,4.2,5.56,5.56,5.75,5.76,0.2,2653430.0,15277208.23,4.709666666666666,2026,3,March,1,0,5.56,5.58,5.58,5.3,5.56,5.64,22868764.0,3225976.0,127161543.28,18004581.7,5.592857142857143,5.276428571428572,0.0892028186615396,5.47,5.76,0.0359712230215827,0.0353393664453088,8.679245283018867,0.4599999999999999,89.59537572254332,5.362741941336762,4.986340171705639,0.3764017696311228,0.3136883164952986,0.0627134531358242,0.6132192235179551,6.1792076754686045,3.749792324531394,2.4294153509372105,5.78
2026-03-03,MTNGH,5.78,4.2,5.76,5.76,5.77,5.78,0.02,3085929.0,17827488.28,4.762333333333333,2026,3,March,1,1,5.76,5.56,5.64,5.47,5.56,5.58,2653430.0,2960677.0,15277208.23,16472990.13,5.637142857142856,5.374285714285714,0.0948181216355661,5.56,5.78,0.0034722222222223,0.0034662079764863,5.66727605118831,0.3100000000000005,89.59537572254332,5.426935488823414,5.045129788616332,0.3818057002070816,0.3273117932376552,0.0544939069694264,0.6353857548539107,6.254367892311884,3.832632107688116,2.4217357846237686,5.8
2026-03-04,MTNGH,5.8,4.2,5.78,5.78,5.8,5.8,0.02,1968543.0,11416143.01,4.815666666666667,2026,3,March,1,2,5.78,5.56,5.58,5.58,5.76,5.56,3085929.0,22868764.0,17827488.28,127161543.28,5.668571428571428,5.467142857142856,0.1082325538565299,5.56,5.8,0.0034602076124565,0.0034542348680873,3.9426523297490994,0.2199999999999997,89.15662650602407,5.484330029004427,5.101046100570678,0.383283928433749,0.338506220276874,0.044777708156875,0.6534506990523182,6.310912489850467,3.936087510149533,2.374824979700934,5.92
2026-03-05,MTNGH,5.92,4.2,5.8,5.8,6.0,5.92,0.12,13413290.0,79457215.58,4.873,2026,3,March,1,3,5.8,5.76,5.56,5.64,5.78,5.56,1968543.0,2653430.0,11416143.01,15277208.23,5.708571428571427,5.543571428571428,0.142294128647812,5.56,5.92,0.0206896551724138,0.0204785313435407,4.964539007092203,0.2800000000000002,87.41258741258738,5.551356178388361,5.1617093523802575,0.3896468260081036,0.3487343414231199,0.0409124845849837,0.6727409195430255,6.3639782371271725,4.055021762872828,2.3089564742543445,5.94
2026-03-09,MTNGH,5.94,4.2,5.92,5.92,5.94,5.94,0.02,419562.0,2493247.29,4.930999999999999,2026,3,March,1,0,5.92,5.78,5.56,5.58,5.8,5.76,13413290.0,3085929.0,79457215.58,17827488.28,5.76,5.617142857142857,0.1527525231652641,5.56,5.94,0.0033783783783785,0.0033726844786393,6.451612903225811,0.3600000000000003,87.05035971223019,5.611147535559383,5.219360511463202,0.3917870240961809,0.3573448779577322,0.0344421461384487,0.687561157154471,6.3929699895143015,4.199030010485697,2.1939399790286043,6.33
2026-03-10,MTNGH,6.33,4.2,5.94,5.94,6.3,6.33,0.39,1187562.0,7509411.87,5.002,2026,3,March,1,1,5.94,5.8,5.76,5.56,5.92,5.78,419562.0,1968543.0,2493247.29,11416143.01,5.869999999999999,5.687142857142857,0.2381176179958581,5.56,6.33,0.0656565656565655,0.0635911027815311,13.84892086330936,0.7700000000000005,86.56716417910445,5.7217402223964005,5.301630103206668,0.4201101191897329,0.3698979262041323,0.0502121929856005,0.7187412368281438,6.468187444973195,4.334812555026806,2.1333748899463885,6.34
2026-03-11,MTNGH,6.34,4.2,6.33,6.33,6.34,6.34,0.01,3220676.0,20409755.53,5.073333333333334,2026,3,March,1,2,6.33,5.92,5.78,5.56,5.94,5.8,1187562.0,13413290.0,7509411.87,79457215.58,5.981428571428572,5.754285714285714,0.251026464171225,5.76,6.34,0.0015797788309637,0.0015785322930497,14.028776978417271,0.7800000000000002,86.15384615384612,5.816857111258493,5.378546391858025,0.4383107194004676,0.3835804848433994,0.0547302345570682,0.7422116685417635,6.532357328527429,4.465642671472571,2.066714657054858,6.28
2026-03-12,MTNGH,6.34,4.2,6.34,6.34,6.29,6.28,-0.06,2458993.0,15433520.5,5.142666666666667,2026,3,March,1,3,6.34,5.94,5.8,5.76,6.33,5.92,3220676.0,419562.0,20409755.53,2493247.29,6.055714285714286,5.824285714285714,0.2515191936253105,5.78,6.34,-0.0094637223974762,-0.0095087879690271,9.027777777777786,0.5200000000000005,88.88888888888891,5.888109863372571,5.445320733201876,0.442789130170695,0.3954222139088585,0.0473669162618364,0.7548598103842471,6.546315054344938,4.6386849456550605,1.9076301086898777,6.27
2026-03-13,MTNGH,6.34,4.2,6.28,6.28,6.25,6.27,-0.01,345321.0,2165859.4,5.211666666666667,2026,3,March,1,4,6.28,6.33,5.92,5.78,6.34,5.94,2458993.0,1187562.0,15433520.5,7509411.87,6.125714285714286,5.881428571428571,0.2291911242360691,5.8,6.34,-0.0015923566878981,-0.001593625835278,8.47750865051902,0.4899999999999993,86.36363636363633,5.946862192084483,5.506408086298033,0.4404541057864497,0.4044285922843768,0.0360255135020728,0.7603088452924199,6.530790066954802,4.831209933045198,1.6995801339096044,6.34
2026-03-16,MTNGH,6.34,4.2,6.27,6.27,6.27,6.34,0.07,349198.0,2211956.32,5.283,2026,3,March,1,0,6.27,6.34,5.94,5.8,6.28,6.33,345321.0,3220676.0,2165859.4,20409755.53,6.202857142857143,5.935714285714285,0.1885660172384325,5.92,6.34,0.0111642743221691,0.0111024138043053,9.310344827586208,0.54,85.84905660377356,6.007344931763793,5.5681556354611415,0.4391892963026516,0.4113807330880318,0.0278085632146197,0.7625056246259531,6.558506849286054,4.952493150713945,1.6060136985721094,6.29
2026-03-17,MTNGH,6.34,4.2,6.34,6.34,6.29,6.29,-0.05,314415.0,1977932.56,5.352666666666667,2026,3,March,1,1,6.34,6.28,6.33,5.92,6.27,6.34,349198.0,2458993.0,2211956.32,15433520.5,6.255714285714285,5.982142857142857,0.1422271824532621,5.94,6.34,-0.0078864353312302,-0.0079176977367853,6.250000000000002,0.3700000000000001,80.95238095238095,6.050830326877056,5.6216255883899455,0.42920473848711,0.4149455341678474,0.0142592043192625,0.7555903530413838,6.5555403545634965,5.093459645436503,1.4620807091269938,6.48
2026-03-18,MTNGH,6.48,4.2,6.29,6.29,6.29,6.48,0.19,5257765.0,34080370.43,5.4286666666666665,2026,3,March,1,2,6.29,6.27,6.34,5.94,6.34,6.28,314415.0,345321.0,1977932.56,2165859.4,6.332857142857143,6.046428571428571,0.0711135912267485,6.27,6.48,0.0302066772655007,0.0297594396518341,9.090909090909092,0.54,88.13559322033895,6.116856430434432,5.685208878138839,0.4316475522955922,0.4182859377933964,0.0133616145021958,0.7502998634262695,6.632024563338091,5.129975436661909,1.502049126676182,6.53
2026-03-19,MTNGH,6.53,4.2,6.48,6.48,6.54,6.53,0.05,34854670.0,227267391.12,5.506333333333333,2026,3,March,1,3,6.48,6.34,6.28,6.33,6.29,6.27,5257765.0,349198.0,34080370.43,2211956.32,6.361428571428571,6.115714285714285,0.1028637564012448,6.27,6.53,0.0077160493827159,0.0076864329241562,3.159557661927333,0.2000000000000001,90.08264462809916,6.180416979598364,5.747785998276703,0.4326309813216618,0.4211549464990495,0.0114760348226122,0.7392423116964466,6.705981071917241,5.169018928082759,1.5369621438344812,6.5
2026-03-24,MTNGH,6.53,4.2,6.53,6.53,6.48,6.5,-0.03,605217.0,3935884.02,5.583,2026,3,March,1,1,6.53,6.29,6.27,6.34,6.48,6.34,34854670.0,314415.0,227267391.12,1977932.56,6.384285714285714,6.182857142857143,0.114434427054363,6.27,6.53,-0.004594180704441,-0.0046047663867482,2.5236593059936934,0.1600000000000001,87.9032258064516,6.2295835981216925,5.80350555395991,0.4260780441617822,0.4221395660315961,0.0039384781301861,0.7180536431790915,6.743461054437281,5.251538945562718,1.4919221088745631,5.91
2026-03-25,MTNGH,6.53,4.2,6.5,6.5,5.91,5.91,-0.59,284788.0,1685677.51,5.639666666666667,2026,3,March,1,2,6.5,6.48,6.34,6.28,6.53,6.29,605217.0,5257765.0,3935884.02,34080370.43,6.33142857142857,6.193571428571429,0.2133407736798287,5.91,6.53,-0.0907692307692307,-0.0951563454835845,-5.891719745222932,-0.3700000000000001,54.60122699386504,6.180416890718355,5.811394031444362,0.3690228592739935,0.4115162246800756,-0.0424933654060821,0.6715370086771063,6.724802473374162,5.314197526625838,1.4106049467483237,5.39
2026-03-26,MTNGH,6.53,4.2,5.91,5.91,5.39,5.39,-0.52,55297559.0,298101507.57,5.678666666666667,2026,3,March,1,3,5.91,6.53,6.29,6.27,6.5,6.48,284788.0,34854670.0,1685677.51,227267391.12,6.2057142857142855,6.1657142857142855,0.4173270956479183,5.39,6.53,-0.0879864636209815,-0.0921004464971011,-14.035087719298245,-0.8799999999999999,40.8450704225352,6.0588142921463,5.780179658744779,0.2786346334015208,0.3849399064243646,-0.1063052730228438,0.6180934720816039,6.744732317887072,5.275267682112927,1.4694646357741448,5.03
2026-03-27,MTNGH,6.53,4.2,5.39,5.39,5.3,5.03,-0.36,13816222.0,69501204.36,5.7,2026,3,March,1,4,5.39,6.5,6.48,6.34,5.91,6.53,55297559.0,605217.0,298101507.57,3935884.02,6.018571428571428,6.110714285714286,0.6005671922282916,5.03,6.53,-0.0667903525046381,-0.0691254008092578,-20.662460567823334,-1.3099999999999996,34.41295546558706,5.900535170277639,5.724610795134055,0.1759243751435839,0.3431368001682086,-0.1672124250246246,0.5820771367297084,6.821689502365753,5.137310497634247,1.6843790047315057,5.28
2026-03-30,MTNGH,6.53,4.2,5.03,5.03,5.5,5.28,0.25,1203354.0,6372721.13,5.728999999999999,2026,3,March,1,0,5.03,5.91,6.53,6.29,5.39,6.5,13816222.0,284788.0,69501204.36,1685677.51,5.874285714285714,6.065,0.6442271116839091,5.03,6.53,0.0497017892644136,0.0485061136065223,-16.057233704292525,-1.0099999999999998,37.6923076923077,5.805068221004156,5.691676662161162,0.1133915588429941,0.2971877519031656,-0.1837961930601715,0.5353912523598565,6.846399266237256,5.082600733762744,1.763798532474512,5.4
2026-03-31,MTNGH,6.53,4.2,5.28,5.28,5.5,5.4,0.12,5425723.0,29280069.98,5.759,2026,3,March,1,1,5.28,5.39,6.5,6.48,5.03,5.91,1203354.0,55297559.0,6372721.13,298101507.57,5.72,6.026428571428572,0.6029925372672696,5.03,6.53,0.0227272727272727,0.0224728558520585,-16.666666666666664,-1.08,39.99999999999999,5.742750033157362,5.670070983482558,0.0726790496748046,0.2522860114574934,-0.1796069617826888,0.4871971207660878,6.8565649099401655,5.056435090059835,1.8001298198803308,5.32
2026-04-01,MTNGH,6.53,4.2,5.4,5.4,5.32,5.32,-0.08,6472638.0,34524064.4,5.774666666666667,2026,4,April,2,2,5.4,5.03,5.91,6.53,5.28,5.39,5425723.0,13816222.0,29280069.98,69501204.36,5.547142857142857,5.954285714285715,0.4960414729205225,5.03,6.5,-0.0148148148148148,-0.0149256502166757,-18.529862174578867,-1.21,28.870292887029308,5.677711566517768,5.644139799520886,0.0335717669968822,0.2085431625653712,-0.1749713955684889,0.4639614530163736,6.87278024352921,5.0162197564707895,1.8565604870584205,5.45
2026-04-02,MTNGH,6.53,4.2,5.32,5.32,5.5,5.45,0.13,432425.0,2356047.06,5.792666666666666,2026,4,April,2,3,5.32,5.28,5.39,6.5,5.4,5.03,6472638.0,1203354.0,34524064.4,6372721.13,5.397142857142858,5.890714285714286,0.2646830989261697,5.03,5.91,0.0244360902255638,0.0241423053215995,-16.153846153846153,-1.0499999999999998,32.270916334661365,5.642679017822727,5.62975907363045,0.0129199441922764,0.1694185188907522,-0.1564985746984757,0.439065884093401,6.880318199021656,4.977681800978345,1.9026363980433116,5.45
2026-04-07,MTNGH,6.53,4.2,5.45,5.45,5.45,5.45,0.0,1253266.0,6831204.83,5.796,2026,4,April,2,1,5.45,5.4,5.03,5.91,5.32,5.28,432425.0,5425723.0,2356047.06,29280069.98,5.331428571428572,5.831428571428572,0.1471312986676738,5.03,5.45,0.0,0.0,-7.783417935702198,-0.4599999999999999,33.06122448979593,5.613036092003846,5.616443586694861,-0.0034074946910154,0.1348533161743987,-0.1382608108654141,0.4359579226769882,6.88589070967651,4.939109290323489,1.9467814193530213,5.5
2026-04-08,MTNGH,6.53,4.2,5.45,5.45,5.5,5.5,0.05,1281303.0,7046930.8,5.799333333333333,2026,4,April,2,2,5.45,5.32,5.28,5.39,5.45,5.4,1253266.0,6472638.0,6831204.83,34524064.4,5.347142857142857,5.776428571428572,0.1597617273436502,5.03,5.5,0.0091743119266054,0.0091324835632724,2.0408163265306185,0.1100000000000003,34.53815261044177,5.595645924003254,5.607818135828575,-0.0121722118253213,0.1054482105744547,-0.117620422399776,0.4331992719239144,6.887297959181736,4.907702040818264,1.979595918363472,5.49
2026-04-09,MTNGH,6.53,4.2,5.5,5.5,5.49,5.49,-0.01,1112050.0,6108955.98,5.805666666666666,2026,4,April,2,3,5.5,5.45,5.4,5.03,5.45,5.32,1281303.0,432425.0,7046930.8,2356047.06,5.412857142857143,5.715714285714285,0.0844026630138376,5.28,5.5,-0.0018181818181818,-0.0018198367169859,9.145129224652086,0.4599999999999999,32.510288065843625,5.57939270492583,5.59909086650794,-0.0196981615821094,0.0804189361431419,-0.1001170977252513,0.4269917493617361,6.882283417228865,4.869716582771136,2.012566834457729,5.5
2026-04-10,MTNGH,6.53,4.2,5.49,5.49,5.5,5.5,0.01,873258.0,4801769.82,5.806666666666667,2026,4,April,2,4,5.49,5.45,5.32,5.28,5.5,5.45,1112050.0,1253266.0,6108955.98,6831204.83,5.444285714285714,5.659285714285714,0.0655380660017998,5.32,5.5,0.0018214936247722,0.0018198367169858,4.166666666666662,0.2199999999999997,33.47280334728033,5.567178442629549,5.591750802322166,-0.024572359692617,0.0594206769759901,-0.0839930366686071,0.42621294122114,6.873543757611481,4.834456242388521,2.03908751522296,5.5
2026-04-13,MTNGH,6.53,4.2,5.5,5.5,5.5,5.5,0.0,3038826.0,16716938.21,5.804,2026,4,April,2,0,5.5,5.5,5.45,5.4,5.49,5.45,873258.0,1281303.0,4801769.82,7046930.8,5.458571428571429,5.589285714285714,0.0651737604227141,5.32,5.5,0.0,0.0,1.8518518518518448,0.0999999999999996,27.727272727272705,5.556843297609619,5.584954446594598,-0.028111148984979,0.0419143117837962,-0.0700254607687753,0.427926838735726,6.817935229142247,4.807064770857753,2.0108704582844936,5.55
2026-04-14,MTNGH,6.53,4.2,5.5,5.5,5.55,5.55,0.05,769907.0,4274398.26,5.801,2026,4,April,2,1,5.5,5.49,5.45,5.32,5.5,5.5,3038826.0,1112050.0,16716938.21,6108955.98,5.491428571428571,5.519285714285715,0.0343649877196387,5.45,5.55,0.009090909090909,0.0090498355199178,4.323308270676683,0.2299999999999995,27.727272727272705,5.555790482592755,5.5823652283283325,-0.0265747457355773,0.0282165002799215,-0.0547912460154989,0.4294290515845834,6.752926957535909,4.793073042464092,1.9598539150718164,5.79
2026-04-15,MTNGH,6.53,4.2,5.55,5.55,5.79,5.79,0.24,1337862.0,7758244.07,5.808000000000001,2026,4,April,2,2,5.55,5.5,5.5,5.45,5.5,5.49,769907.0,873258.0,4274398.26,4801769.82,5.539999999999999,5.468571428571429,0.1140175425099968,5.45,5.79,0.0432432432432432,0.0423343638265607,6.23853211009174,0.3399999999999998,35.26970954356845,5.591822716040023,5.597745581785492,-0.005922865745469,0.0213886270748434,-0.0273114928203125,0.4274091958412481,6.699118081483,4.797881918517,1.9012361629660008,5.93
2026-04-16,MTNGH,6.53,4.2,5.79,5.79,6.1,5.93,0.14,783998.0,4647814.61,5.820333333333334,2026,4,April,2,3,5.79,5.5,5.49,5.45,5.55,5.5,1337862.0,3038826.0,7758244.07,16716938.21,5.6085714285714285,5.470000000000001,0.1775226343718038,5.49,5.93,0.0241796200345423,0.0238919214247302,8.807339449541276,0.4799999999999995,50.51020408163264,5.643849990495404,5.622357020171752,0.0214929703236519,0.0214094957246051,8.347459904680526e-05,0.4253394857768635,6.654613153810059,4.80838684618994,1.8462263076201195,6.1
2026-04-17,MTNGH,6.53,4.2,5.93,5.93,6.1,6.1,0.17,2229587.0,13599303.65,5.838333333333334,2026,4,April,2,4,5.93,5.55,5.5,5.5,5.79,5.5,783998.0,769907.0,4647814.61,4274398.26,5.694285714285714,5.520714285714286,0.247444077376266,5.49,6.1,0.0286677908937604,0.0282645581696314,10.909090909090905,0.5999999999999996,72.0496894409938,5.714026915034573,5.657737981640511,0.0562889333940619,0.0283853832584964,0.0279035501355654,0.425368670387387,6.615137967273252,4.823862032726748,1.7912759345465048,6.28
2026-04-20,MTNGH,6.53,4.2,6.1,6.1,6.5,6.28,0.18,2811593.0,17722255.59,5.855666666666667,2026,4,April,2,0,6.1,5.79,5.5,5.49,5.93,5.55,2229587.0,1337862.0,13599303.65,7758244.07,5.807142857142857,5.61,0.3107900838033565,5.5,6.28,0.0295081967213115,0.0290812093008418,14.389799635701277,0.79,93.70629370629372,5.801099697336946,5.703831464481955,0.0972682328549909,0.0421619531777953,0.0551062796771955,0.4325998655549582,6.613307141399534,4.824692858600465,1.7886142827990683,6.28
2026-04-21,MTNGH,6.53,4.2,6.28,6.28,6.0,6.28,0.0,493084.0,3121174.53,5.872333333333334,2026,4,April,2,1,6.28,5.93,5.55,5.5,6.1,5.79,2811593.0,783998.0,17722255.59,4647814.61,5.918571428571428,5.681428571428572,0.3219435028815479,5.5,6.28,0.0,0.0,14.181818181818189,0.7800000000000002,92.3728813559322,5.874776666977415,5.746510615261069,0.1282660517163458,0.0593827728855054,0.0688832788308403,0.4391660068917019,6.571381036799795,4.846618963200204,1.7247620735995906,6.52
2026-04-22,MTNGH,6.53,4.2,6.28,6.28,6.53,6.52,0.24,764077.0,4985328.84,5.896333333333333,2026,4,April,2,2,6.28,6.1,5.79,5.5,6.28,5.93,493084.0,2229587.0,3121174.53,13599303.65,6.064285714285714,5.761428571428572,0.3316050433300558,5.55,6.52,0.0382165605095541,0.0375043954584542,18.545454545454536,1.0199999999999996,93.07692307692308,5.974041795134736,5.803806125241732,0.1702356698930049,0.0815533522870053,0.0886823176059996,0.4544832862397375,6.568886082248327,4.8481139177516726,1.7207721644966547,6.59
2026-04-23,MTNGH,6.59,4.2,6.52,6.52,6.69,6.59,0.07,745571.0,4910672.51,5.918666666666667,2026,4,April,2,3,6.52,6.28,5.93,5.55,6.28,6.1,764077.0,2811593.0,4985328.84,17722255.59,6.212857142857144,5.852142857142858,0.2935821455581058,5.79,6.59,0.0107361963190184,0.0106789725758543,18.73873873873874,1.04,99.2248062015504,6.068804595883238,5.862042708557159,0.2067618873260794,0.1065950592948202,0.1001668280312592,0.471817712705866,6.591565816963733,4.834434183036265,1.757131633927468,6.57
2026-04-24,MTNGH,6.59,4.2,6.59,6.59,6.6,6.57,-0.02,1156511.0,7600497.98,5.939666666666668,2026,4,April,2,4,6.59,6.28,6.1,5.79,6.52,6.28,745571.0,493084.0,4910672.51,3121174.53,6.324285714285715,5.932142857142857,0.2513203230181165,5.93,6.59,-0.0030349013657055,-0.0030395160178965,13.47150259067358,0.7800000000000002,97.45762711864413,6.145911581131971,5.9144839894047765,0.2314275917271944,0.131561565781295,0.0998660259458993,0.4865889955339302,6.70189913583759,4.790100864162411,1.9117982716751796,6.51
2026-04-27,MTNGH,6.59,4.2,6.57,6.57,6.6,6.51,-0.06,3981375.0,25939878.25,5.945666666666667,2026,4,April,2,0,6.57,6.52,6.28,5.93,6.59,6.28,1156511.0,764077.0,7600497.98,4985328.84,6.4071428571428575,6.007857142857143,0.187057414155394,6.1,6.59,-0.0091324200913243,-0.0091743762760413,9.780775716694777,0.5800000000000001,92.74193548387098,6.201925184034745,5.958596286485904,0.2433288975488405,0.1539150321348041,0.0894138654140364,0.4926402011773891,6.800369196556013,4.803630803443986,1.996738393112027,6.55
2026-04-28,MTNGH,6.59,4.2,6.51,6.51,6.6,6.55,0.04,248891.0,1629648.97,5.9526666666666666,2026,4,April,2,1,6.51,6.59,6.28,6.1,6.57,6.52,3981375.0,745571.0,25939878.25,4910672.51,6.471428571428571,6.082857142857143,0.1335949813714797,6.28,6.59,0.0061443932411673,0.0061255934266825,7.377049180327873,0.4500000000000002,92.6829268292683,6.255475155721707,6.00240396896843,0.2530711867532771,0.1737462630584987,0.0793249236947783,0.4998753867704,6.86021232563632,4.89578767436368,1.9644246512726404,6.77
2026-04-29,MTNGH,6.59,4.2,6.55,6.55,6.8,6.77,0.22,254605.0,1724713.84,5.968999999999999,2026,4,April,2,2,6.55,6.57,6.52,6.28,6.51,6.59,248891.0,1156511.0,1629648.97,7600497.98,6.541428571428571,6.174285714285714,0.1445024303635756,6.28,6.77,0.0335877862595419,0.033036037277023,7.802547770700626,0.4899999999999993,94.44444444444444,6.334632824072214,6.059262934230028,0.2753698898421861,0.1940709884152362,0.0812989014269499,0.5185945861919429,6.969158613715756,4.935841386284244,2.033317227431512,6.8
2026-04-30,MTNGH,6.8,4.2,6.77,6.77,6.8,6.8,0.03,3059292.0,20799960.25,5.986666666666667,2026,4,April,2,3,6.77,6.51,6.59,6.28,6.55,6.57,254605.0,3981375.0,1724713.84,25939878.25,6.615714285714285,6.267142857142858,0.1191437706943439,6.51,6.8,0.0044313146233383,0.0044215252578774,8.280254777070056,0.5199999999999996,94.52054794520548,6.40622777421495,6.114132346509286,0.2920954277056644,0.2136758762733219,0.0784195514323425,0.5378714968525874,7.071266192397589,4.973733807602411,2.097532384795178,6.8
2026-05-04,MTNGH,6.8,4.2,6.8,6.8,6.8,6.8,0.0,705610.0,4801210.06,6.002,2026,5,May,2,0,6.8,6.55,6.57,6.52,6.77,6.51,3059292.0,248891.0,20799960.25,1629648.97,6.655714285714287,6.36,0.1283039545841569,6.51,6.8,0.0,0.0,4.294478527607367,0.2800000000000002,94.52054794520548,6.466808116643419,6.164937357878968,0.3018707587644504,0.2313148527715476,0.0705559059929028,0.5545883841752143,7.145414727355619,5.047585272644381,2.0978294547112384,6.8
2026-05-05,MTNGH,6.8,4.2,6.8,6.8,6.8,6.8,0.0,479619.0,3259635.36,6.019,2026,5,May,2,1,6.8,6.77,6.51,6.59,6.8,6.55,705610.0,254605.0,4801210.06,1724713.84,6.685714285714285,6.449285714285714,0.1347661113260067,6.51,6.8,0.0,0.0,3.1866464339908944,0.2099999999999999,94.32624113475175,6.518068406390585,6.211979035073119,0.3060893713174657,0.2462697564807312,0.0598196148367344,0.5712862076354449,7.211491238501403,5.116508761498596,2.094982477002807,6.8
2026-05-06,MTNGH,6.8,4.2,6.8,6.8,6.8,6.8,0.0,2946136.0,20028741.81,6.0296666666666665,2026,5,May,2,2,6.8,6.8,6.55,6.57,6.8,6.77,479619.0,3059292.0,3259635.36,20799960.25,6.718571428571429,6.521428571428571,0.1297983784476838,6.51,6.8,0.0,0.0,3.5007610350076037,0.2299999999999995,93.16239316239316,6.56144249771511,6.255536143586221,0.3059063541288882,0.2581970760103627,0.0477092781185255,0.5830566503104739,7.259062778207864,5.203937221792135,2.05512555641573,6.77
2026-05-07,MTNGH,6.8,4.2,6.8,6.8,6.6,6.77,-0.03,1384573.0,9373253.53,6.0376666666666665,2026,5,May,2,3,6.8,6.8,6.77,6.51,6.8,6.8,2946136.0,705610.0,20028741.81,4801210.06,6.755714285714285,6.58142857142857,0.0918072515033578,6.55,6.8,-0.0044117647058823,-0.0044215252578773,3.99385560675883,0.2599999999999998,89.62264150943393,6.5935282672974,6.293644577394649,0.2998836899027512,0.2665343987888404,0.0333492911139108,0.5917401767512622,7.288632358147757,5.301367641852242,1.987264716295515,6.53
2026-05-08,MTNGH,6.8,4.2,6.77,6.77,6.6,6.53,-0.24,2478506.0,16199254.61,6.038666666666667,2026,5,May,2,4,6.77,6.8,6.8,6.55,6.8,6.8,1384573.0,479619.0,9373253.53,3259635.36,6.752857142857143,6.612142857142857,0.0992831448795423,6.53,6.8,-0.0354505169867059,-0.0360941436358438,-0.3053435114503752,-0.0199999999999995,69.0265486725664,6.583754687713185,6.311152386476527,0.2726023012366578,0.2677479792784039,0.0048543219582539,0.5925731925304696,7.269561651056656,5.424438348943343,1.845123302113313,6.64
2026-05-11,MTNGH,6.8,4.2,6.53,6.53,6.7,6.64,0.11,304611.0,2021646.03,6.063,2026,5,May,2,0,6.53,6.8,6.8,6.77,6.77,6.8,2478506.0,2946136.0,16199254.61,20028741.81,6.734285714285714,6.637857142857143,0.1073711852807849,6.53,6.8,0.0168453292496171,0.0167050202000027,-1.92023633677991,-0.1299999999999999,66.98113207547169,6.592407812680387,6.335511468959747,0.2568963437206397,0.2655776521668511,-0.0086813084462113,0.6020204487304903,7.243333068573132,5.564666931426866,1.6786661371462657,6.71
2026-05-12,MTNGH,6.8,4.2,6.64,6.64,6.8,6.71,0.07,252217.0,1690732.35,6.106999999999999,2026,5,May,2,1,6.64,6.77,6.8,6.8,6.53,6.8,304611.0,1384573.0,2021646.03,9373253.53,6.721428571428572,6.668571428571428,0.1035098339014938,6.53,6.8,0.0105421686746989,0.010486987495248,-1.3235294117647038,-0.0899999999999998,69.02654867256638,6.610498918421865,6.363251360147914,0.2472475582739512,0.2619116333882711,-0.0146640751143198,0.5993683456715986,7.197122542291787,5.731877457708212,1.4652450845835752,6.52
2026-05-13,MTNGH,6.8,4.2,6.71,6.71,6.71,6.52,-0.19,788826.0,5142987.82,6.156666666666667,2026,5,May,2,2,6.71,6.53,6.8,6.8,6.64,6.77,252217.0,2478506.0,1690732.35,16199254.61,6.681428571428571,6.668571428571428,0.1207516144032091,6.52,6.8,-0.0283159463487332,-0.0287245750450288,-4.117647058823533,-0.2800000000000002,50.0,6.596576007895424,6.374862370507328,0.2217136373880954,0.253872034188236,-0.0321583968001406,0.5679566115855007,7.105802443350657,5.920197556649343,1.1856048867013147,6.5
2026-05-14,MTNGH,6.8,4.2,6.52,6.52,6.5,6.5,-0.02,515689.0,3353715.03,6.197333333333334,2026,5,May,2,3,6.52,6.64,6.77,6.8,6.71,6.53,788826.0,304611.0,5142987.82,2021646.03,6.638571428571429,6.6621428571428565,0.1248236851762559,6.5,6.8,-0.0030674846625766,-0.0030721990369701,-4.411764705882351,-0.2999999999999998,45.63106796116505,6.581718160526897,6.384131824543823,0.1975863359830745,0.2426148945472037,-0.0450285585641292,0.5462848400210155,7.034396891813574,6.062603108186425,0.9717937836271489,6.49
2026-05-15,MTNGH,6.8,4.2,6.5,6.5,6.5,6.49,-0.01,786652.0,5109419.84,6.233666666666667,2026,5,May,2,4,6.5,6.71,6.53,6.8,6.52,6.64,515689.0,252217.0,3353715.03,1690732.35,6.594285714285715,6.656428571428571,0.11237691679611,6.49,6.77,-0.0015384615384614,-0.0015396461855927,-4.558823529411759,-0.3099999999999996,46.07843137254902,6.56760767429199,6.391973911614651,0.1756337626773394,0.2292186681732309,-0.0535849054958915,0.5273452270626442,6.967626577977528,6.185373422022472,0.7822531559550558,6.49
2026-05-18,MTNGH,6.8,4.2,6.49,6.49,6.5,6.49,0.0,574640.0,3732506.56,6.272666666666666,2026,5,May,2,0,6.49,6.52,6.64,6.77,6.5,6.71,786652.0,788826.0,5109419.84,5142987.82,6.554285714285714,6.655,0.0861891607372969,6.49,6.71,0.0,0.0,-4.135893648449031,-0.2799999999999993,48.95833333333335,6.555668032093222,6.399235103346899,0.156432928746323,0.2146615202878494,-0.0582285915415263,0.4999995402296781,6.920274088096691,6.271725911903311,0.6485481761933798,6.53
2026-05-19,MTNGH,6.8,4.2,6.49,6.49,6.7,6.53,0.04,204986.0,1342589.65,6.308666666666666,2026,5,May,2,1,6.49,6.5,6.71,6.53,6.49,6.52,574640.0,515689.0,3732506.56,3353715.03,6.554285714285713,6.653571428571429,0.0861891607372969,6.49,6.71,0.0061633281972264,0.0061444125723409,0.0,0.0,48.95833333333335,6.551719104078881,6.408921391987869,0.1427977120910117,0.2002887586484819,-0.0574910465574701,0.477079718151242,6.899000475586883,6.31799952441312,0.5810009511737633,6.72
2026-05-20,MTNGH,6.8,4.2,6.53,6.53,6.72,6.72,0.19,374476.0,2518187.19,6.351,2026,5,May,2,2,6.53,6.49,6.52,6.64,6.49,6.5,204986.0,786652.0,1342589.65,5109419.84,6.565714285714286,6.65,0.1030949631582439,6.49,6.72,0.029096477794793,0.0286812112467183,1.204819277108435,0.08,47.31182795698925,6.57760847268213,6.431964251840619,0.1456442208415111,0.1893598510870877,-0.0437156302455765,0.4540495947391237,6.880002663207802,6.380997336792199,0.4990053264156024,6.73
2026-05-21,MTNGH,6.8,4.2,6.72,6.72,6.73,6.73,0.01,408453.0,2752291.23,6.392,2026,5,May,2,3,6.72,6.49,6.5,6.71,6.53,6.49,374476.0,574640.0,2518187.19,3732506.56,6.5685714285714285,6.6450000000000005,0.1079241356122315,6.49,6.73,0.0014880952380953,0.0014869891215783,0.2980625931445672,0.0200000000000004,46.15384615384618,6.601053323038726,6.4540409739264994,0.1470123491122263,0.1808903506921155,-0.0338780015798891,0.4294214231040333,6.88859049382397,6.39340950617603,0.4951809876479398,6.73
2026-05-22,MTNGH,6.8,4.2,6.73,6.73,6.73,6.73,0.0,1776101.0,11955854.47,6.433333333333334,2026,5,May,2,4,6.73,6.53,6.49,6.52,6.72,6.49,408453.0,204986.0,2752291.23,1342589.65,6.59857142857143,6.64,0.1206135110493328,6.49,6.73,0.0,0.0,3.220858895705535,0.2100000000000008,46.15384615384618,6.620891273340461,6.474482383265277,0.1464088900751834,0.1739940585687291,-0.0275851684935456,0.3981451245838487,6.897428821194594,6.398571178805407,0.4988576423891864,6.73
2026-05-25,MTNGH,6.8,4.2,6.73,6.73,6.73,6.73,0.0,411899.0,2771377.12,6.474333333333333,2026,5,May,2,0,6.73,6.72,6.49,6.5,6.73,6.53,1776101.0,374476.0,11955854.47,2518187.19,6.631428571428572,6.635,0.1206135110493337,6.49,6.73,0.0,0.0,3.538461538461545,0.2300000000000004,46.15384615384618,6.637677231288083,6.493409614134516,0.1442676171535666,0.1680487702856966,-0.02378115313213,0.360245924941261,6.905158584039202,6.406841415960799,0.4983171680784029,6.51
2026-05-26,MTNGH,6.8,4.2,6.73,6.73,6.5,6.51,-0.22,8837231.0,57559488.93,6.508,2026,5,May,2,1,6.73,6.73,6.53,6.49,6.73,6.72,411899.0,408453.0,2771377.12,2752291.23,6.634285714285714,6.614285714285715,0.1168841510296991,6.49,6.73,-0.0326894502228827,-0.0332356874361586,0.3081664098613185,0.0199999999999995,37.16814159292036,6.6180345803206855,6.494638531606034,0.1233960487146514,0.1591182259714876,-0.0357221772568361,0.3096984072420759,6.905158584039202,6.406841415960799,0.4983171680784029,6.51
