Daily Date,Share Code,Year High (GH¢),Year Low (GH¢),Previous Closing Price - VWAP (GH¢),Opening Price (GH¢),Last Transaction Price (GH¢),Closing Price - VWAP (GH¢),Price Change (GH¢),Total Shares Traded,Total Value Traded (GH¢)
2018-09-05,MTNGH,0.75,0.75,0.75,0.75,0.75,0.75,0.0,5007600.0,
2018-09-06,MTNGH,0.75,0.75,0.75,0.75,0.75,0.75,0.0,0.0,
2018-09-07,MTNGH,0.75,0.75,0.75,0.75,0.75,0.75,0.0,0.0,
2018-09-10,MTNGH,0.75,0.75,0.75,0.75,0.75,0.75,0.0,720000.0,
2018-09-11,MTNGH,0.76,0.75,0.75,0.75,0.77,0.76,0.01,565900.0,
2018-09-12,MTNGH,0.76,0.75,0.76,0.76,0.77,0.76,0.0,3000.0,
2018-09-13,MTNGH,0.77,0.75,0.76,0.76,0.77,0.77,0.01,156800.0,
2018-09-14,MTNGH,0.78,0.75,0.77,0.77,0.78,0.78,0.01,266000.0,
2018-09-17,MTNGH,0.8,0.75,0.78,0.78,0.8,0.8,0.02,1311900.0,
2018-09-18,MTNGH,0.8,0.75,0.8,0.8,0.8,0.8,0.0,861900.0,
2018-09-19,MTNGH,0.8,0.75,0.8,0.82,0.84,0.8,0.0,154400.0,
2018-09-20,MTNGH,0.8,0.75,0.8,0.8,0.84,0.8,0.0,0.0,
2018-09-24,MTNGH,0.8,0.75,0.8,0.8,0.84,0.8,0.0,65000.0,
2018-09-25,MTNGH,0.84,0.75,0.8,0.8,0.84,0.84,0.04,1600.0,
2018-09-26,MTNGH,0.85,0.75,0.84,0.84,0.85,0.85,0.01,5500.0,
2018-09-27,MTNGH,0.85,0.75,0.85,0.85,0.85,0.85,0.0,0.0,
2018-09-28,MTNGH,0.88,0.75,0.85,0.85,0.88,0.88,0.03,4600.0,
2018-10-01,MTNGH,0.88,0.75,0.88,0.88,0.93,0.91,0.03,204200.0,
2018-10-02,MTNGH,0.92,0.75,0.91,0.91,0.92,0.92,0.01,115900.0,
2018-10-03,MTNGH,0.92,0.75,0.92,0.92,0.9,0.9,-0.02,1643300.0,
2018-10-04,MTNGH,0.92,0.75,0.9,0.9,0.9,0.9,0.0,1137000.0,
2018-10-05,MTNGH,0.93,0.75,0.9,0.9,0.92,0.93,0.03,2000.0,
2018-10-08,MTNGH,0.93,0.75,0.93,0.93,0.92,0.93,0.0,5600.0,
2018-10-09,MTNGH,0.93,0.75,0.93,0.93,0.92,0.93,0.0,210600.0,
2018-10-10,MTNGH,0.93,0.75,0.93,0.93,0.92,0.92,-0.01,5200.0,
2018-10-11,MTNGH,0.93,0.75,0.92,0.92,0.9,0.93,0.01,17000.0,
2018-10-12,MTNGH,0.93,0.75,0.93,0.93,0.92,0.91,-0.02,2100.0,
2018-10-15,MTNGH,0.93,0.75,0.91,0.91,0.9,0.9,-0.01,6900.0,
2018-10-16,MTNGH,0.93,0.75,0.9,0.9,0.9,0.89,-0.01,274900.0,
2018-10-17,MTNGH,0.93,0.75,0.89,0.89,0.9,0.9,0.01,35200.0,
2018-10-18,MTNGH,0.93,0.75,0.9,0.9,0.89,0.9,0.0,66300.0,
2018-10-19,MTNGH,0.93,0.75,0.9,0.9,0.89,0.9,0.0,500.0,
2018-10-22,MTNGH,0.93,0.75,0.9,0.9,0.9,0.9,0.0,7000.0,
2018-10-23,MTNGH,0.93,0.75,0.9,0.9,0.9,0.9,0.0,57000.0,
2018-10-24,MTNGH,0.93,0.75,0.9,0.9,0.91,0.91,0.01,5800.0,
2018-10-24,MTNGH,0.93,0.75,0.9,0.9,0.9,0.9,0.0,5600.0,
2018-10-26,MTNGH,0.93,0.75,0.91,0.91,0.91,0.91,0.0,1100.0,
2018-10-29,MTNGH,0.93,0.75,0.91,0.91,0.91,0.91,0.0,0.0,
2018-10-30,MTNGH,0.93,0.75,0.91,0.91,0.9,0.9,-0.01,43800.0,
2018-10-31,MTNGH,0.93,0.75,0.9,0.9,0.9,0.9,0.0,5700.0,
2018-11-01,MTNGH,0.93,0.75,0.9,0.9,0.89,0.9,0.0,46300.0,
2018-11-02,MTNGH,0.93,0.75,0.9,0.9,0.89,0.9,0.0,2100.0,
2018-11-05,MTNGH,0.93,0.75,0.9,0.9,0.89,0.9,0.0,1800.0,
2018-11-06,MTNGH,0.93,0.75,0.9,0.9,0.88,0.88,-0.02,1198800.0,
2018-11-07,MTNGH,0.93,0.75,0.88,0.88,0.87,0.88,0.0,11800.0,
2018-11-08,MTNGH,0.93,0.75,0.88,0.88,0.87,0.88,0.0,1022300.0,
2018-11-09,MTNGH,0.93,0.75,0.88,0.88,0.88,0.88,0.0,1400.0,
2018-11-12,MTNGH,0.93,0.75,0.88,0.88,0.85,0.85,-0.03,51700.0,
2018-11-13,MTNGH,0.93,0.75,0.85,0.85,0.85,0.87,0.02,3700.0,
2018-11-14,MTNGH,0.93,0.75,0.87,0.87,0.88,0.88,0.01,1900.0,
2018-11-15,MTNGH,0.93,0.75,0.88,0.88,0.88,0.88,0.0,4400.0,
2018-11-16,MTNGH,0.93,0.75,0.88,0.88,0.87,0.84,-0.04,130800.0,
2018-11-19,MTNGH,0.93,0.75,0.84,0.84,0.84,0.86,0.02,57200.0,49207.0
2018-11-20,MTNGH,0.93,0.75,0.86,0.86,0.82,0.82,-0.04,3000.0,2460.0
2018-11-21,MTNGH,0.93,0.75,0.82,0.82,0.82,0.82,0.0,0.0,0.0
2018-11-22,MTNGH,0.93,0.75,0.82,0.82,0.8,0.8,-0.02,2140600.0,1712660.0
2018-11-23,MTNGH,0.93,0.75,0.8,0.8,0.8,0.8,0.0,2600.0,2080.0
2018-11-26,MTNGH,0.93,0.75,0.8,0.8,0.82,0.82,0.02,2400.0,1968.0
2018-11-27,MTNGH,0.93,0.75,0.82,0.82,0.82,0.82,0.0,4200.0,3444.0
2018-11-28,MTNGH,0.93,0.75,0.82,0.82,0.81,0.81,-0.01,3400.0,2741.0
2018-11-29,MTNGH,0.93,0.75,0.81,0.81,0.8,0.8,-0.01,84200.0,67352.0
2018-11-30,MTNGH,0.93,0.75,0.8,0.8,0.8,0.8,0.0,1300.0,1040.0
2018-12-03,MTNGH,0.93,0.75,0.8,0.8,0.8,0.81,0.01,36900.0,29720.0
2018-12-04,MTNGH,0.93,0.75,0.81,0.81,0.78,0.78,-0.03,55000.0,43070.0
2018-12-05,MTNGH,0.93,0.75,0.78,0.78,0.8,0.8,0.02,200.0,160.0
2018-12-06,MTNGH,0.93,0.75,0.8,0.8,0.78,0.78,-0.02,2000.0,1560.0
2018-12-10,MTNGH,0.93,0.75,0.78,0.78,0.79,0.79,0.01,1800.0,1422.0
2018-12-11,MTNGH,0.93,0.75,0.79,0.79,0.79,0.79,0.0,1900.0,1492.0
2018-12-12,MTNGH,0.93,0.75,0.79,0.79,0.79,0.79,0.0,173300.0,136907.0
2018-12-13,MTNGH,0.93,0.75,0.79,0.79,0.78,0.78,-0.01,17400.0,13572.0
2018-12-14,MTNGH,0.93,0.75,0.78,0.78,0.78,0.78,0.0,21500.0,16775.0
2018-12-17,MTNGH,0.93,0.75,0.78,0.78,0.78,0.78,0.0,1685400.0,1314712.0
2018-12-18,MTNGH,0.93,0.75,0.78,0.78,0.78,0.78,0.0,4700.0,3666.0
2018-12-19,MTNGH,0.93,0.75,0.78,0.78,0.77,0.77,-0.01,350800.0,270182.0
2018-12-20,MTNGH,0.93,0.75,0.77,0.77,0.77,0.77,0.0,3500.0,2695.0
2018-12-21,MTNGH,0.93,0.75,0.77,0.77,0.77,0.77,0.0,70400.0,54128.0
2018-12-24,MTNGH,0.93,0.75,0.77,0.77,0.79,0.78,0.01,24600.0,19228.0
2018-12-27,MTNGH,0.93,0.75,0.78,0.78,0.8,0.8,0.02,10000.0,8000.0
2018-12-28,MTNGH,0.93,0.75,0.8,0.8,0.8,0.8,0.0,23300.0,18556.0
2018-12-31,MTNGH,0.93,0.75,0.8,0.8,0.8,0.79,-0.01,99900.0,78855.0
2019-01-02,MTNGH,0.8,0.79,0.79,0.79,0.8,0.8,0.01,34800.0,27840.0
2019-01-03,MTNGH,0.8,0.79,0.8,0.8,0.79,0.79,-0.01,128300.0,101464.0
2019-01-04,MTNGH,0.8,0.79,0.79,0.79,0.79,0.79,0.0,15400.0,12166.0
2019-01-08,MTNGH,0.8,0.79,0.79,0.79,0.79,0.79,0.0,200.0,158.0
2019-01-09,MTNGH,0.8,0.79,0.79,0.79,0.79,0.79,0.0,200.0,158.0
2019-01-10,MTNGH,0.8,0.79,0.79,0.79,0.79,0.79,0.0,5400.0,4266.0
2019-01-11,MTNGH,0.8,0.79,0.79,0.79,0.79,0.79,0.0,1200.0,948.0
2019-01-14,MTNGH,0.8,0.79,0.79,0.79,0.79,0.79,0.0,10700.0,8416.0
2019-01-15,MTNGH,0.8,0.79,0.79,0.79,0.79,0.79,0.0,1600.0,1264.0
2019-01-16,MTNGH,0.8,0.79,0.79,0.79,0.79,0.79,0.0,9900.0,7821.0
2019-01-17,MTNGH,0.8,0.78,0.79,0.79,0.79,0.78,-0.01,25000.0,19450.0
2019-01-18,MTNGH,0.8,0.78,0.78,0.78,0.79,0.78,0.0,20700.0,16187.0
2019-01-21,MTNGH,0.8,0.78,0.78,0.78,0.79,0.78,0.0,0.0,0.0
2019-01-22,MTNGH,0.8,0.77,0.78,0.78,0.77,0.77,-0.01,21300.0,16401.0
2019-01-23,MTNGH,0.8,0.76,0.77,0.77,0.76,0.76,-0.01,53500.0,40758.0
2019-01-24,MTNGH,0.8,0.76,0.76,0.76,0.75,0.76,0.0,75500.0,57250.0
2019-01-25,MTNGH,0.8,0.76,0.76,0.76,0.75,0.76,0.0,17000.0,12850.0
2019-01-28,MTNGH,0.8,0.75,0.76,0.76,0.75,0.75,-0.01,15400.0,11595.0
2019-01-29,MTNGH,0.8,0.75,0.75,0.75,0.75,0.75,0.0,32300.0,24238.0
2019-01-30,MTNGH,0.8,0.75,0.75,0.75,0.75,0.75,0.0,25200.0,18900.0
2019-01-31,MTNGH,0.8,0.75,0.75,0.75,0.75,0.75,0.0,15000.0,11250.0
2019-02-01,MTNGH,0.8,0.75,0.75,0.75,0.75,0.75,0.0,75100.0,56325.0
2019-02-04,MTNGH,0.8,0.75,0.75,0.75,0.75,0.75,0.0,21400.0,16050.0
2019-02-05,MTNGH,0.8,0.74,0.75,0.75,0.74,0.74,-0.01,87700.0,64898.0
2019-02-06,MTNGH,0.8,0.74,0.74,0.74,0.74,0.74,0.0,12800.0,9491.0
2019-02-07,MTNGH,0.8,0.74,0.74,0.74,0.74,0.75,0.01,3200.0,2396.0
2019-02-08,MTNGH,0.8,0.74,0.75,0.75,0.74,0.74,-0.01,5600.0,4144.0
2019-02-11,MTNGH,0.8,0.74,0.74,0.74,0.74,0.74,0.0,17800.0,13172.0
2019-02-12,MTNGH,0.8,0.74,0.74,0.74,0.74,0.74,0.0,0.0,0.0
2019-02-13,MTNGH,0.8,0.74,0.74,0.74,0.74,0.74,0.0,57000.0,42180.0
2019-02-14,MTNGH,0.8,0.74,0.74,0.74,0.74,0.74,0.0,11200.0,8288.0
2019-02-15,MTNGH,0.8,0.74,0.74,0.74,0.74,0.74,0.0,10000.0,7400.0
2019-02-18,MTNGH,0.8,0.74,0.74,0.74,0.74,0.74,0.0,700.0,518.0
2019-02-19,MTNGH,0.8,0.73,0.74,0.74,0.73,0.73,-0.01,42900.0,31317.0
2019-02-20,MTNGH,0.8,0.73,0.73,0.73,0.74,0.74,0.01,114700.0,84878.0
2019-02-21,MTNGH,0.8,0.73,0.74,0.74,0.74,0.74,0.0,100.0,74.0
2019-02-22,MTNGH,0.8,0.73,0.74,0.74,0.73,0.73,-0.01,295500.0,215715.0
2019-02-25,MTNGH,0.8,0.73,0.73,0.73,0.73,0.73,0.0,52200.0,38106.0
2019-02-26,MTNGH,0.8,0.73,0.73,0.73,0.74,0.73,0.0,24100.0,17597.0
2019-02-27,MTNGH,0.8,0.73,0.73,0.73,0.73,0.73,0.0,23800.0,17374.0
2019-02-28,MTNGH,0.8,0.73,0.73,0.73,0.73,0.73,0.0,2100.0,1533.0
2019-03-01,MTNGH,0.8,0.73,0.73,0.73,0.74,0.74,0.01,1600.0,1184.0
2019-03-04,MTNGH,0.8,0.73,0.74,0.74,0.73,0.73,-0.01,11200.0,8176.0
2019-03-05,MTNGH,0.8,0.72,0.73,0.73,0.72,0.72,-0.01,4527000.0,3259499.0
2019-03-07,MTNGH,0.8,0.72,0.72,0.72,0.72,0.72,0.0,500.0,360.0
2019-03-08,MTNGH,0.8,0.72,0.72,0.72,0.72,0.72,0.0,120600.0,86832.0
2019-03-11,MTNGH,0.8,0.72,0.72,0.72,0.72,0.72,0.0,1100.0,792.0
2019-03-12,MTNGH,0.8,0.71,0.72,0.72,0.71,0.71,-0.01,23000.0,16330.0
2019-03-13,MTNGH,0.8,0.71,0.71,0.71,0.71,0.71,0.0,22500.0,15898.0
2019-03-14,MTNGH,0.8,0.71,0.71,0.71,0.71,0.71,0.0,2000.0,1420.0
2019-03-15,MTNGH,0.8,0.7,0.71,0.71,0.7,0.7,-0.01,13000.0,9130.0
2019-03-18,MTNGH,0.8,0.7,0.7,0.7,0.7,0.7,0.0,23800.0,16660.0
2019-03-19,MTNGH,0.8,0.7,0.7,0.7,0.71,0.71,0.01,9700.0,6887.0
2019-03-20,MTNGH,0.8,0.7,0.71,0.71,0.7,0.7,-0.01,278600.0,196159.0
2019-03-21,MTNGH,0.8,0.7,0.7,0.7,0.72,0.7,0.0,16200.0,11344.0
2019-03-22,MTNGH,0.8,0.7,0.7,0.7,0.72,0.7,0.0,2800.0,1960.0
2019-03-25,MTNGH,0.8,0.7,0.7,0.7,0.72,0.7,0.0,66600.0,46620.0
2019-03-26,MTNGH,0.8,0.7,0.7,0.7,0.72,0.7,0.0,75700.0,52998.0
2019-03-27,MTNGH,0.8,0.7,0.7,0.7,0.72,0.7,0.0,59700.0,41790.0
2019-03-28,MTNGH,0.8,0.68,0.7,0.7,0.68,0.68,-0.02,19000.0,12934.0
2019-03-29,MTNGH,0.8,0.68,0.68,0.68,0.7,0.7,0.02,31400.0,22008.0
2019-04-01,MTNGH,0.8,0.68,0.7,0.7,0.7,0.7,0.0,3100.0,2170.0
2019-04-02,MTNGH,0.8,0.68,0.7,0.7,0.7,0.7,0.0,8400.0,5880.0
2019-04-03,MTNGH,0.8,0.68,0.7,0.7,0.7,0.7,0.0,47700.0,33390.0
2019-04-04,MTNGH,0.8,0.68,0.7,0.7,0.7,0.7,0.0,501100.0,350770.0
2019-04-05,MTNGH,0.8,0.68,0.7,0.7,0.7,0.7,0.0,25900.0,18130.0
2019-04-08,MTNGH,0.8,0.68,0.7,0.7,0.7,0.7,0.0,7000.0,4900.0
2019-04-09,MTNGH,0.8,0.68,0.7,0.7,0.7,0.7,0.0,14035100.0,9824590.0
2019-04-10,MTNGH,0.8,0.68,0.7,0.7,0.69,0.7,0.0,566000.0,396136.0
2019-04-11,MTNGH,0.8,0.68,0.7,0.7,0.7,0.7,0.0,18200.0,12699.0
2019-04-12,MTNGH,0.8,0.68,0.7,0.7,0.7,0.7,0.0,4400.0,3080.0
2019-04-15,MTNGH,0.8,0.68,0.7,0.7,0.7,0.69,-0.01,23800.0,16503.0
2019-04-16,MTNGH,0.8,0.68,0.69,0.69,0.68,0.69,0.0,212000.0,146019.0
2019-04-17,MTNGH,0.8,0.68,0.69,0.69,0.7,0.7,0.01,726700.0,508205.0
2019-04-18,MTNGH,0.8,0.68,0.7,0.7,0.7,0.7,0.0,700.0,490.0
2019-04-23,MTNGH,0.8,0.68,0.7,0.7,0.7,0.7,0.0,150000.0,104840.0
2019-04-24,MTNGH,0.8,0.68,0.7,0.7,0.7,0.7,0.0,1000.0,700.0
2019-04-25,MTNGH,0.8,0.68,0.7,0.7,0.7,0.7,0.0,9013000.0,6274976.0
2019-04-26,MTNGH,0.8,0.68,0.7,0.7,0.7,0.7,0.0,0.0,0.0
2019-04-29,MTNGH,0.8,0.68,0.7,0.7,0.7,0.7,0.0,2700.0,1890.0
2019-04-30,MTNGH,0.8,0.67,0.7,0.7,0.67,0.67,-0.03,20200.0,13534.0
2019-05-02,MTNGH,0.8,0.67,0.67,0.67,0.67,0.67,0.0,2000.0,1340.0
2019-05-03,MTNGH,0.8,0.67,0.67,0.67,0.69,0.68,0.01,23900.0,16298.0
2019-05-06,MTNGH,0.8,0.67,0.68,0.68,0.7,0.7,0.02,1500.0,1050.0
2019-05-07,MTNGH,0.8,0.67,0.7,0.7,0.7,0.7,0.0,500.0,350.0
2019-05-08,MTNGH,0.8,0.67,0.7,0.7,0.68,0.67,-0.03,475200.0,318405.0
2019-05-09,MTNGH,0.8,0.67,0.67,0.67,0.7,0.7,0.03,4293900.0,3005730.0
2019-05-10,MTNGH,0.8,0.67,0.7,0.7,0.7,0.7,0.0,900.0,630.0
2019-05-13,MTNGH,0.8,0.67,0.7,0.7,0.7,0.69,-0.01,1359600.0,940512.0
2019-05-14,MTNGH,0.8,0.67,0.69,0.69,0.75,0.75,0.06,100.0,75.0
2019-05-15,MTNGH,0.8,0.67,0.75,0.75,0.7,0.7,-0.05,88500.0,61990.0
2019-05-16,MTNGH,0.8,0.67,0.7,0.7,0.72,0.72,0.02,61400.0,44105.0
2019-05-17,MTNGH,0.8,0.67,0.72,0.72,0.72,0.72,0.0,75800.0,54576.0
2019-05-20,MTNGH,0.8,0.67,0.72,0.72,0.73,0.73,0.01,23400.0,16981.0
2019-05-21,MTNGH,0.8,0.67,0.73,0.73,0.72,0.72,-0.01,89900.0,64967.0
2019-05-22,MTNGH,0.8,0.67,0.72,0.72,0.72,0.73,0.01,98900.0,72243.0
2019-05-23,MTNGH,0.8,0.67,0.73,0.73,0.73,0.74,0.01,1500.0,1115.0
2019-05-24,MTNGH,0.8,0.67,0.74,0.74,0.73,0.73,-0.01,233300.0,170482.0
2019-05-27,MTNGH,0.8,0.67,0.73,0.73,0.72,0.72,-0.01,284900.0,205178.0
2019-05-28,MTNGH,0.8,0.67,0.72,0.72,0.72,0.72,0.0,15900.0,11522.0
2019-05-29,MTNGH,0.8,0.67,0.72,0.72,0.72,0.72,0.0,41000.0,29520.0
2019-05-30,MTNGH,0.8,0.67,0.72,0.72,0.74,0.73,0.01,2800.0,2038.0
2019-05-31,MTNGH,0.8,0.67,0.73,0.73,0.72,0.72,-0.01,92200.0,66506.0
2019-06-03,MTNGH,0.8,0.67,0.72,0.72,0.73,0.73,0.01,500.0,367.0
2019-06-04,MTNGH,0.8,0.67,0.73,0.73,0.72,0.72,-0.01,38600.0,27797.0
2019-06-06,MTNGH,0.8,0.67,0.72,0.72,0.72,0.72,0.0,2974900.0,2141928.0
2019-06-07,MTNGH,0.8,0.67,0.72,0.72,0.73,0.73,0.01,15000.0,10950.0
2019-06-10,MTNGH,0.8,0.67,0.73,0.73,0.72,0.72,-0.01,198800.0,143143.0
2019-06-11,MTNGH,0.8,0.67,0.72,0.72,0.73,0.73,0.01,74100.0,53882.0
2019-06-12,MTNGH,0.8,0.67,0.73,0.73,0.73,0.73,0.0,5700.0,4144.0
2019-06-13,MTNGH,0.8,0.67,0.73,0.73,0.73,0.73,0.0,0.0,0.0
2019-06-14,MTNGH,0.8,0.67,0.73,0.73,0.72,0.72,-0.01,228000.0,164160.0
2019-06-17,MTNGH,0.8,0.67,0.72,0.72,0.72,0.72,0.0,5100.0,3672.0
2019-06-18,MTNGH,0.8,0.67,0.72,0.72,0.72,0.72,0.0,35700.0,25704.0
2019-06-19,MTNGH,0.8,0.67,0.72,0.72,0.72,0.72,0.0,0.0,0.0
2019-06-20,MTNGH,0.8,0.67,0.72,0.72,0.73,0.72,0.0,29000.0,20898.0
2019-06-21,MTNGH,0.8,0.67,0.72,0.72,0.73,0.72,0.0,0.0,0.0
2019-06-24,MTNGH,0.8,0.67,0.72,0.72,0.72,0.72,0.0,2600.0,1872.0
2019-06-25,MTNGH,0.8,0.67,0.72,0.72,0.73,0.73,0.01,2500000.0,1825000.0
2019-06-26,MTNGH,0.8,0.67,0.73,0.73,0.72,0.73,0.0,287400.0,209618.0
2019-06-27,MTNGH,0.8,0.67,0.73,0.73,0.72,0.73,0.0,0.0,0.0
2019-06-28,MTNGH,0.8,0.67,0.73,0.73,0.73,0.73,0.0,3800.0,2774.0
2019-07-01,MTNGH,0.8,0.67,0.73,0.73,0.71,0.71,-0.02,103400.0,73419.0
2019-07-02,MTNGH,0.8,0.67,0.71,0.71,0.7,0.7,-0.01,51200.0,35856.0
2019-07-03,MTNGH,0.8,0.67,0.7,0.7,0.7,0.7,0.0,11700.0,8190.0
2019-07-04,MTNGH,0.8,0.67,0.7,0.7,0.7,0.7,0.0,62600.0,43930.0
2019-07-05,MTNGH,0.8,0.67,0.7,0.7,0.7,0.7,0.0,21300.0,14910.0
2019-07-08,MTNGH,0.8,0.67,0.7,0.7,0.7,0.7,0.0,7200.0,5040.0
2019-07-09,MTNGH,0.8,0.67,0.7,0.7,0.7,0.7,0.0,0.0,0.0
2019-07-10,MTNGH,0.8,0.67,0.7,0.7,0.71,0.71,0.01,100.0,71.0
2019-07-11,MTNGH,0.8,0.67,0.71,0.71,0.72,0.72,0.01,1000.0,720.0
2019-07-12,MTNGH,0.8,0.67,0.72,0.72,0.71,0.71,-0.01,9300.0,6633.0
2019-07-15,MTNGH,0.8,0.67,0.71,0.71,0.7,0.7,-0.01,65800.0,46075.0
2019-07-16,MTNGH,0.8,0.67,0.7,0.7,0.7,0.7,0.0,4900.0,3444.0
2019-07-17,MTNGH,0.8,0.67,0.7,0.7,0.7,0.7,0.0,109400.0,76580.0
2019-07-18,MTNGH,0.8,0.67,0.7,0.7,0.7,0.7,0.0,0.0,0.0
2019-07-19,MTNGH,0.8,0.67,0.7,0.7,0.71,0.72,0.02,13100.0,9381.0
2019-07-22,MTNGH,0.8,0.67,0.72,0.72,0.7,0.71,-0.01,8700.0,6166.0
2019-07-23,MTNGH,0.8,0.67,0.71,0.71,0.72,0.72,0.01,3003600.0,2162593.0
2019-07-24,MTNGH,0.8,0.67,0.72,0.72,0.72,0.72,0.0,3610600.0,2599236.0
2019-07-25,MTNGH,0.8,0.67,0.72,0.72,0.72,0.7,-0.02,8100.0,5684.0
2019-07-26,MTNGH,0.8,0.67,0.7,0.7,0.72,0.71,0.01,108700.0,76805.0
2019-07-29,MTNGH,0.8,0.67,0.71,0.71,0.7,0.7,-0.01,15800.0,11060.0
2019-07-30,MTNGH,0.8,0.67,0.7,0.7,0.7,0.7,0.0,2900.0,2030.0
2019-07-31,MTNGH,0.8,0.67,0.7,0.7,0.72,0.72,0.02,6600.0,4752.0
2019-08-01,MTNGH,0.8,0.67,0.72,0.72,0.72,0.72,0.0,9300.0,6686.0
2019-08-02,MTNGH,0.8,0.67,0.72,0.72,0.71,0.71,-0.01,159200.0,113034.0
2019-08-06,MTNGH,0.8,0.67,0.71,0.71,0.7,0.7,-0.01,6800.0,4760.0
2019-08-07,MTNGH,0.8,0.67,0.7,0.7,0.7,0.7,0.0,29400.0,20593.0
2019-08-08,MTNGH,0.8,0.67,0.7,0.7,0.7,0.7,0.0,56500.0,39550.0
2019-08-09,MTNGH,0.8,0.67,0.7,0.7,0.7,0.7,0.0,1100.0,770.0
2019-08-13,MTNGH,0.8,0.67,0.7,0.7,0.73,0.73,0.03,22082700.0,16118834.0
2019-08-14,MTNGH,0.8,0.67,0.73,0.73,0.72,0.73,0.0,12110400.0,8840579.0
2019-08-15,MTNGH,0.8,0.67,0.73,0.73,0.73,0.73,0.0,2700.0,1971.0
2019-08-16,MTNGH,0.8,0.67,0.73,0.73,0.7,0.71,-0.02,12900.0,9210.0
2019-08-19,MTNGH,0.8,0.67,0.71,0.71,0.7,0.7,-0.01,11400.0,7980.0
2019-08-20,MTNGH,0.8,0.67,0.7,0.7,0.7,0.7,0.0,51000.0,35710.0
2019-08-21,MTNGH,0.8,0.67,0.7,0.7,0.7,0.7,0.0,0.0,0.0
2019-08-22,MTNGH,0.8,0.67,0.7,0.7,0.71,0.7,0.0,212200.0,148928.0
2019-08-23,MTNGH,0.8,0.67,0.7,0.7,0.69,0.7,0.0,900.0,633.0
2019-08-26,MTNGH,0.8,0.67,0.7,0.7,0.7,0.7,0.0,4512700.0,3158890.0
2019-08-27,MTNGH,0.8,0.67,0.7,0.7,0.72,0.72,0.02,13300.0,9576.0
2019-08-28,MTNGH,0.8,0.67,0.72,0.72,0.72,0.73,0.01,15900.0,11672.0
2019-08-29,MTNGH,0.8,0.67,0.73,0.73,0.72,0.72,-0.01,10700.0,7706.0
2019-08-30,MTNGH,0.8,0.67,0.72,0.72,0.72,0.72,0.0,4500.0,3240.0
2019-09-02,MTNGH,0.8,0.67,0.72,0.72,0.7,0.7,-0.02,43100.0,30270.0
2019-09-03,MTNGH,0.8,0.67,0.7,0.7,0.7,0.7,0.0,48000.0,33683.0
2019-09-04,MTNGH,0.8,0.67,0.7,0.7,0.72,0.72,0.02,14340200.0,10324904.0
2019-09-05,MTNGH,0.8,0.67,0.72,0.72,0.7,0.7,-0.02,11000.0,7700.0
2019-09-06,MTNGH,0.8,0.67,0.7,0.7,0.7,0.7,0.0,6100.0,4270.0
2019-09-09,MTNGH,0.8,0.67,0.7,0.7,0.7,0.7,0.0,42400.0,29695.0
2019-09-10,MTNGH,0.8,0.67,0.7,0.7,0.7,0.7,0.0,138900.0,97230.0
2019-09-11,MTNGH,0.8,0.67,0.7,0.7,0.72,0.7,0.0,31800.0,22336.0
2019-09-12,MTNGH,0.8,0.67,0.7,0.7,0.71,0.71,0.01,52100.0,36978.0
2019-09-13,MTNGH,0.8,0.67,0.71,0.71,0.71,0.7,-0.01,50100.0,35194.0
2019-09-16,MTNGH,0.8,0.67,0.7,0.7,0.7,0.7,0.0,3400.0,2380.0
2019-09-17,MTNGH,0.8,0.67,0.7,0.7,0.71,0.71,0.01,18052400.0,12816679.0
2019-09-18,MTNGH,0.8,0.67,0.71,0.71,0.71,0.71,0.0,9053000.0,6427140.0
2019-09-19,MTNGH,0.8,0.67,0.71,0.71,0.7,0.7,-0.01,68400.0,47898.0
2019-09-20,MTNGH,0.8,0.67,0.7,0.7,0.71,0.7,0.0,640100.0,448762.0
2019-09-24,MTNGH,0.8,0.67,0.7,0.7,0.7,0.7,0.0,6600.0,4620.0
2019-09-25,MTNGH,0.8,0.67,0.7,0.7,0.7,0.7,0.0,0.0,0.0
2019-09-26,MTNGH,0.8,0.67,0.7,0.7,0.7,0.7,0.0,9211100.0,6447770.0
2019-09-27,MTNGH,0.8,0.67,0.7,0.7,0.7,0.7,0.0,18243700.0,12770590.0
2019-09-30,MTNGH,0.8,0.67,0.7,0.7,0.69,0.69,-0.01,21300.0,14697.0
2019-10-01,MTNGH,0.8,0.67,0.69,0.69,0.69,0.69,0.0,3500.0,2415.0
2019-10-02,MTNGH,0.8,0.67,0.69,0.69,0.69,0.69,0.0,28600.0,19774.0
2019-10-03,MTNGH,0.8,0.67,0.69,0.69,0.7,0.7,0.01,14343100.0,10039967.0
2019-10-04,MTNGH,0.8,0.67,0.7,0.7,0.7,0.7,0.0,1758000.0,1230600.0
2019-10-07,MTNGH,0.8,0.67,0.7,0.7,0.7,0.71,0.01,2400.0,1700.0
2019-10-08,MTNGH,0.8,0.67,0.71,0.71,0.7,0.7,-0.01,21500.0,15050.0
2019-10-09,MTNGH,0.8,0.67,0.7,0.7,0.7,0.7,0.0,5700.0,3990.0
2019-10-10,MTNGH,0.8,0.67,0.7,0.7,0.69,0.7,0.0,13400.0,9363.0
2019-10-11,MTNGH,0.8,0.67,0.7,0.7,0.7,0.7,0.0,1000.0,700.0
2019-10-14,MTNGH,0.8,0.67,0.7,0.7,0.7,0.7,0.0,5300.0,3710.0
2019-10-15,MTNGH,0.8,0.67,0.7,0.7,0.7,0.7,0.0,2500.0,1750.0
2019-10-16,MTNGH,0.8,0.67,0.7,0.7,0.7,0.7,0.0,800.0,560.0
2019-10-17,MTNGH,0.8,0.67,0.7,0.7,0.7,0.7,0.0,0.0,0.0
2019-10-18,MTNGH,0.8,0.67,0.7,0.7,0.69,0.7,0.0,75700.0,52846.0
2019-10-21,MTNGH,0.8,0.67,0.7,0.7,0.7,0.7,0.0,5900.0,4130.0
2019-10-22,MTNGH,0.8,0.67,0.7,0.7,0.7,0.7,0.0,46800.0,32760.0
2019-10-23,MTNGH,0.8,0.67,0.7,0.7,0.7,0.7,0.0,37500.0,26275.0
2019-10-24,MTNGH,0.8,0.67,0.7,0.7,0.7,0.7,0.0,516800.0,361760.0
2019-10-25,MTNGH,0.8,0.67,0.7,0.7,0.7,0.7,0.0,1276700.0,893558.0
2019-10-28,MTNGH,0.8,0.67,0.7,0.7,0.7,0.7,0.0,100.0,70.0
2019-10-29,MTNGH,0.8,0.67,0.7,0.7,0.7,0.7,0.0,10000.0,7000.0
2019-10-30,MTNGH,0.8,0.67,0.7,0.7,0.7,0.7,0.0,282600.0,197840.0
2019-10-31,MTNGH,0.8,0.67,0.7,0.7,0.7,0.7,0.0,7100.0,4970.0
2019-11-01,MTNGH,0.8,0.67,0.7,0.7,0.7,0.7,0.0,559500.0,391650.0
2019-11-04,MTNGH,0.8,0.67,0.7,0.7,0.7,0.7,0.0,100000.0,70000.0
2019-11-05,MTNGH,0.8,0.67,0.7,0.7,0.7,0.7,0.0,35600.0,24920.0
2019-11-06,MTNGH,0.8,0.67,0.7,0.7,0.7,0.7,0.0,0.0,0.0
2019-11-07,MTNGH,0.8,0.67,0.7,0.7,0.7,0.7,0.0,0.0,0.0
2019-11-08,MTNGH,0.8,0.67,0.7,0.7,0.7,0.7,0.0,2600.0,1820.0
2019-11-11,MTNGH,0.8,0.67,0.7,0.7,0.7,0.7,0.0,20100.0,14070.0
2019-11-12,MTNGH,0.8,0.67,0.7,0.7,0.68,0.7,0.0,405200.0,283594.0
2019-11-13,MTNGH,0.8,0.67,0.7,0.7,0.68,0.7,0.0,11000.0,7700.0
2019-11-14,MTNGH,0.8,0.67,0.7,0.7,0.68,0.7,0.0,0.0,0.0
2019-11-15,MTNGH,0.8,0.67,0.7,0.7,0.7,0.7,0.0,291600.0,204120.0
2019-11-18,MTNGH,0.8,0.67,0.7,0.7,0.7,0.7,0.0,11600.0,8120.0
2019-11-19,MTNGH,0.8,0.67,0.7,0.7,0.7,0.7,0.0,0.0,0.0
2019-11-20,MTNGH,0.8,0.67,0.7,0.7,0.71,0.7,0.0,4800.0,3370.0
2019-11-21,MTNGH,0.8,0.67,0.7,0.7,0.71,0.7,0.0,436500.0,305550.0
2019-11-22,MTNGH,0.8,0.67,0.7,0.7,0.71,0.71,0.01,1000.0,710.0
2019-11-25,MTNGH,0.8,0.67,0.7,0.7,0.71,0.71,0.01,1000.0,710.0
2019-11-26,MTNGH,0.8,0.67,0.7,0.7,0.7,0.7,0.0,8300.0,5810.0
2019-11-27,MTNGH,0.8,0.67,0.7,0.7,0.7,0.7,0.0,1163200.0,814240.0
2019-11-28,MTNGH,0.8,0.67,0.7,0.7,0.7,0.7,0.0,2030000.0,1421000.0
2019-11-29,MTNGH,0.8,0.67,0.7,0.7,0.7,0.7,0.0,900.0,630.0
2019-12-02,MTNGH,0.8,0.67,0.7,0.7,0.7,0.7,0.0,4000.0,2800.0
2019-12-03,MTNGH,0.8,0.67,0.7,0.7,0.7,0.7,0.0,16400.0,11480.0
2019-12-04,MTNGH,0.8,0.67,0.7,0.7,0.73,0.7,0.0,466800.0,326463.0
2019-12-05,MTNGH,0.8,0.67,0.7,0.7,0.73,0.7,0.0,0.0,0.0
2019-12-09,MTNGH,0.8,0.67,0.7,0.7,0.7,0.7,0.0,6600.0,4620.0
2019-12-10,MTNGH,0.8,0.67,0.7,0.7,0.71,0.71,0.01,6000.0,4243.0
2019-12-11,MTNGH,0.8,0.67,0.71,0.71,0.73,0.73,0.02,2300.0,1679.0
2019-12-12,MTNGH,0.8,0.67,0.73,0.73,0.71,0.71,-0.02,46500.0,33063.0
2019-12-13,MTNGH,0.8,0.67,0.71,0.71,0.7,0.7,-0.01,2700.0,1890.0
2019-12-16,MTNGH,0.8,0.67,0.7,0.7,0.7,0.7,0.0,101000.0,70700.0
2019-12-17,MTNGH,0.8,0.67,0.7,0.7,0.7,0.7,0.0,18100.0,12670.0
2019-12-18,MTNGH,0.8,0.67,0.7,0.7,0.7,0.7,0.0,29100.0,20370.0
2019-12-19,MTNGH,0.8,0.67,0.7,0.7,0.69,0.7,0.0,2800.0,1953.0
2019-12-20,MTNGH,0.8,0.67,0.7,0.7,0.69,0.69,-0.01,69400.0,48050.0
2019-12-23,MTNGH,0.8,0.67,0.69,0.69,0.7,0.7,0.01,400.0,280.0
2019-12-24,MTNGH,0.8,0.67,0.7,0.7,0.7,0.7,0.0,0.0,0.0
2019-12-27,MTNGH,0.8,0.67,0.7,0.7,0.7,0.7,0.0,0.0,0.0
2019-12-30,MTNGH,0.8,0.67,0.7,0.7,0.7,0.7,0.0,6600.0,4620.0
2019-12-31,MTNGH,0.8,0.67,0.7,0.7,0.7,0.7,0.0,16275200.0,11392640.0
2020-01-02,MTNGH,0.7,0.7,0.7,0.7,0.7,0.7,0.0,3700.0,2590.0
2020-01-03,MTNGH,0.7,0.7,0.7,0.7,0.7,0.7,0.0,217600.0,152147.0
2020-01-06,MTNGH,0.7,0.7,0.7,0.7,0.7,0.7,0.0,16500.0,11614.0
2020-01-08,MTNGH,0.7,0.7,0.7,0.7,0.7,0.7,0.0,103200.0,72230.0
2020-01-09,MTNGH,0.7,0.7,0.7,0.7,0.7,0.7,0.0,217200.0,152040.0
2020-01-10,MTNGH,0.7,0.7,0.7,0.7,0.7,0.7,0.0,700000.0,490000.0
2020-01-13,MTNGH,0.7,0.7,0.7,0.7,0.7,0.7,0.0,2250100.0,1575070.0
2020-01-14,MTNGH,0.7,0.7,0.7,0.7,0.7,0.7,0.0,4031500.0,2822050.0
2020-01-15,MTNGH,0.7,0.69,0.7,0.7,0.69,0.69,-0.01,85000.0,58750.0
2020-01-16,MTNGH,0.7,0.69,0.69,0.69,0.7,0.7,0.01,100.0,70.0
2020-01-17,MTNGH,0.7,0.69,0.7,0.7,0.69,0.69,-0.01,1712900.0,1181968.0
2020-01-20,MTNGH,0.7,0.69,0.69,0.69,0.7,0.7,0.01,9500.0,6650.0
2020-01-21,MTNGH,0.7,0.68,0.7,0.7,0.68,0.68,-0.02,100300.0,68210.0
2020-01-22,MTNGH,0.7,0.68,0.68,0.68,0.69,0.68,0.0,40517700.0,27552307.0
2020-01-23,MTNGH,0.7,0.68,0.68,0.68,0.7,0.7,0.02,15800.0,11049.0
2020-01-24,MTNGH,0.7,0.68,0.7,0.7,0.69,0.68,-0.02,3600.0,2454.0
2020-01-27,MTNGH,0.7,0.67,0.68,0.68,0.67,0.67,-0.01,231900.0,155500.0
2020-01-28,MTNGH,0.7,0.67,0.67,0.67,0.69,0.69,0.02,3500.0,2415.0
2020-01-29,MTNGH,0.7,0.67,0.69,0.69,0.69,0.68,-0.01,3014300.0,2050003.0
2020-01-30,MTNGH,0.7,0.67,0.68,0.68,0.69,0.68,0.0,30000.0,20400.0
2020-01-31,MTNGH,0.7,0.67,0.68,0.68,0.69,0.68,0.0,24500.0,16662.0
2020-02-03,MTNGH,0.7,0.67,0.68,0.68,0.68,0.68,0.0,900.0,612.0
2020-02-04,MTNGH,0.7,0.67,0.68,0.68,0.68,0.68,0.0,28100.0,19108.0
2020-02-05,MTNGH,0.7,0.67,0.68,0.68,0.67,0.67,-0.01,1822800.0,1221327.0
2020-02-06,MTNGH,0.7,0.67,0.67,0.67,0.68,0.68,0.01,5900.0,4012.0
2020-02-07,MTNGH,0.7,0.66,0.68,0.68,0.66,0.66,-0.02,66200.0,43783.0
2020-02-10,MTNGH,0.7,0.66,0.66,0.66,0.67,0.68,0.02,546900.0,371526.0
2020-02-11,MTNGH,0.7,0.66,0.68,0.68,0.67,0.67,-0.01,158600.0,106565.0
2020-02-12,MTNGH,0.7,0.66,0.67,0.67,0.68,0.67,0.0,33800.0,22747.0
2020-02-13,MTNGH,0.7,0.66,0.67,0.67,0.68,0.68,0.01,3100.0,2096.0
2020-02-14,MTNGH,0.7,0.66,0.68,0.68,0.67,0.67,-0.01,3333900.0,2233793.0
2020-02-17,MTNGH,0.7,0.66,0.67,0.67,0.68,0.68,0.01,6600.0,4488.0
2020-02-18,MTNGH,0.7,0.66,0.68,0.68,0.67,0.67,-0.01,68600.0,45972.0
2020-02-19,MTNGH,0.7,0.66,0.67,0.67,0.67,0.67,0.0,28700.0,19257.0
2020-02-20,MTNGH,0.7,0.66,0.67,0.67,0.67,0.67,0.0,18000.0,12060.0
2020-02-21,MTNGH,0.7,0.66,0.67,0.67,0.67,0.67,0.0,18100700.0,12127470.0
2020-02-24,MTNGH,0.7,0.66,0.67,0.67,0.67,0.67,0.0,20800.0,13937.0
2020-02-25,MTNGH,0.7,0.66,0.67,0.67,0.67,0.67,0.0,10000.0,6700.0
2020-02-26,MTNGH,0.7,0.66,0.67,0.67,0.67,0.67,0.0,151700.0,101639.0
2020-02-27,MTNGH,0.7,0.66,0.67,0.67,0.68,0.67,0.0,380200.0,255686.0
2020-02-28,MTNGH,0.7,0.66,0.67,0.67,0.7,0.7,0.03,600000.0,419982.0
2020-03-02,MTNGH,0.7,0.66,0.7,0.7,0.68,0.68,-0.02,103800.0,70874.0
2020-03-03,MTNGH,0.7,0.66,0.68,0.68,0.7,0.7,0.02,8251600.0,5776120.0
2020-03-04,MTNGH,0.7,0.66,0.7,0.7,0.67,0.67,-0.03,41200.0,27604.0
2020-03-05,MTNGH,0.7,0.66,0.67,0.67,0.68,0.68,0.01,1500.0,1020.0
2020-03-09,MTNGH,0.7,0.66,0.68,0.68,0.7,0.68,0.0,13700.0,9318.0
2020-03-10,MTNGH,0.7,0.66,0.68,0.68,0.7,0.68,0.0,300.0,204.0
2020-03-11,MTNGH,0.7,0.66,0.68,0.68,0.7,0.7,0.02,1800000.0,1260000.0
2020-03-12,MTNGH,0.7,0.66,0.7,0.7,0.7,0.7,0.0,3200.0,2240.0
2020-03-13,MTNGH,0.7,0.66,0.7,0.7,0.68,0.68,-0.02,191900.0,130792.0
2020-03-16,MTNGH,0.7,0.66,0.68,0.68,0.68,0.68,0.0,10700.0,7296.0
2020-03-17,MTNGH,0.7,0.66,0.68,0.68,0.69,0.69,0.01,1500.0,1030.0
2020-03-18,MTNGH,0.7,0.66,0.69,0.69,0.68,0.68,-0.01,340300.0,231427.0
2020-03-19,MTNGH,0.7,0.66,0.68,0.68,0.68,0.68,0.0,11200.0,7616.0
2020-03-20,MTNGH,0.7,0.66,0.68,0.68,0.68,0.68,0.0,493600.0,335648.0
2020-03-23,MTNGH,0.7,0.66,0.68,0.68,0.68,0.68,0.0,16400.0,11152.0
2020-03-24,MTNGH,0.7,0.66,0.68,0.68,0.68,0.68,0.0,0.0,0.0
2020-03-25,MTNGH,0.7,0.66,0.68,0.68,0.68,0.68,0.0,0.0,0.0
2020-03-26,MTNGH,0.7,0.66,0.68,0.68,0.68,0.68,0.0,18100.0,12308.0
2020-03-27,MTNGH,0.7,0.66,0.68,0.68,0.68,0.68,0.0,0.0,0.0
2020-03-30,MTNGH,0.7,0.66,0.68,0.68,0.68,0.68,0.0,20000.0,13600.0
2020-03-31,MTNGH,0.7,0.66,0.68,0.68,0.68,0.68,0.0,44200.0,30056.0
2020-04-01,MTNGH,0.7,0.66,0.68,0.68,0.68,0.68,0.0,0.0,0.0
2020-04-02,MTNGH,0.7,0.66,0.68,0.68,0.65,0.66,-0.02,81000.0,53313.0
2020-04-03,MTNGH,0.7,0.66,0.66,0.66,0.68,0.68,0.02,300.0,204.0
2020-04-06,MTNGH,0.7,0.66,0.68,0.68,0.66,0.66,-0.02,70000.0,46200.0
2020-04-07,MTNGH,0.7,0.66,0.66,0.66,0.66,0.66,0.0,24600.0,16236.0
2020-04-08,MTNGH,0.7,0.65,0.66,0.66,0.65,0.65,-0.01,9200.0,6002.0
2020-04-09,MTNGH,0.7,0.65,0.65,0.65,0.68,0.68,0.03,200.0,136.0
2020-04-14,MTNGH,0.7,0.65,0.68,0.68,0.68,0.68,0.0,0.0,0.0
2020-04-15,MTNGH,0.7,0.65,0.68,0.68,0.68,0.68,0.0,0.0,0.0
2020-04-16,MTNGH,0.7,0.65,0.68,0.68,0.68,0.68,0.0,0.0,0.0
2020-04-17,MTNGH,0.7,0.65,0.68,0.68,0.68,0.68,0.0,0.0,0.0
2020-04-20,MTNGH,0.7,0.65,0.68,0.68,0.67,0.68,0.0,47200.0,32074.0
2020-04-21,MTNGH,0.7,0.65,0.68,0.68,0.67,0.68,0.0,31300.0,21261.0
2020-04-22,MTNGH,0.7,0.65,0.68,0.68,0.66,0.66,-0.02,4700.0,3106.0
2020-04-23,MTNGH,0.7,0.65,0.66,0.66,0.69,0.69,0.03,193000.0,132900.0
2020-04-24,MTNGH,0.7,0.65,0.69,0.69,0.69,0.69,0.0,46900.0,32361.0
2020-04-27,MTNGH,0.7,0.65,0.69,0.69,0.68,0.68,-0.01,52800.0,35910.0
2020-04-28,MTNGH,0.7,0.62,0.68,0.68,0.62,0.62,-0.06,1122100.0,696316.0
2020-04-29,MTNGH,0.7,0.62,0.62,0.62,0.67,0.7,0.08,2207000.0,1541695.0
2020-04-30,MTNGH,0.7,0.62,0.7,0.7,0.64,0.64,-0.06,23794335.0,16168061.15
2020-05-04,MTNGH,0.7,0.62,0.64,0.64,0.68,0.68,0.04,1600.0,1088.0
2020-05-05,MTNGH,0.7,0.62,0.68,0.68,0.64,0.64,-0.04,14231600.0,9108272.0
2020-05-06,MTNGH,0.7,0.62,0.64,0.64,0.64,0.66,0.02,1700.0,1116.0
2020-05-07,MTNGH,0.7,0.61,0.66,0.66,0.61,0.61,-0.05,9894700.0,6036402.0
2020-05-08,MTNGH,0.7,0.61,0.61,0.61,0.61,0.61,0.0,200.0,122.0
2020-05-11,MTNGH,0.7,0.61,0.61,0.61,0.61,0.61,0.0,0.0,0.0
2020-05-12,MTNGH,0.7,0.61,0.61,0.61,0.65,0.64,0.03,17100.0,10981.0
2020-05-13,MTNGH,0.7,0.61,0.64,0.64,0.62,0.62,-0.02,85400.0,52977.0
2020-05-14,MTNGH,0.7,0.58,0.62,0.62,0.58,0.58,-0.04,6023900.0,3494971.0
2020-05-15,MTNGH,0.7,0.58,0.58,0.58,0.58,0.58,0.0,5305000.0,3077360.0
2020-05-18,MTNGH,0.7,0.58,0.58,0.58,0.6,0.6,0.02,12100.0,7260.0
2020-05-19,MTNGH,0.7,0.58,0.6,0.6,0.6,0.6,0.0,0.0,0.0
2020-05-20,MTNGH,0.7,0.58,0.6,0.6,0.6,0.59,-0.01,52700.0,31274.0
2020-05-21,MTNGH,0.7,0.58,0.59,0.59,0.62,0.61,0.02,63800.0,38854.0
2020-05-22,MTNGH,0.7,0.58,0.61,0.61,0.62,0.61,0.0,0.0,0.0
2020-05-26,MTNGH,0.7,0.58,0.61,0.61,0.6,0.6,-0.01,38700.0,23321.0
2020-05-27,MTNGH,0.7,0.58,0.6,0.61,0.6,0.58,-0.02,10005200.0,5803018.0
2020-05-28,MTNGH,0.7,0.56,0.58,0.61,0.55,0.56,-0.02,6091100.0,3431972.0
2020-05-29,MTNGH,0.7,0.55,0.56,0.56,0.55,0.55,-0.01,18824900.0,10353845.0
2020-06-01,MTNGH,0.7,0.55,0.55,0.55,0.55,0.55,0.0,14100.0,7755.0
2020-06-02,MTNGH,0.7,0.55,0.55,0.55,0.55,0.55,0.0,0.0,0.0
2020-06-03,MTNGH,0.7,0.55,0.55,0.55,0.56,0.56,0.01,7295200.0,4085936.0
2020-06-04,MTNGH,0.7,0.55,0.56,0.56,0.57,0.57,0.01,5364200.0,3056073.0
2020-06-05,MTNGH,0.7,0.55,0.57,0.57,0.58,0.58,0.01,4020800.0,2331790.0
2020-06-08,MTNGH,0.7,0.55,0.58,0.58,0.57,0.58,0.0,22000.0,12744.0
2020-06-09,MTNGH,0.7,0.55,0.58,0.58,0.59,0.59,0.01,1138600.0,671612.0
2020-06-10,MTNGH,0.7,0.55,0.59,0.59,0.59,0.59,0.0,231300.0,136467.0
2020-06-11,MTNGH,0.7,0.55,0.59,0.59,0.58,0.58,-0.01,27800.0,16133.0
2020-06-12,MTNGH,0.7,0.55,0.58,0.58,0.58,0.58,0.0,1831200.0,1062096.0
2020-06-15,MTNGH,0.7,0.55,0.58,0.58,0.58,0.58,0.0,3200.0,1856.0
2020-06-16,MTNGH,0.7,0.55,0.58,0.58,0.58,0.58,0.0,3600.0,2088.0
2020-06-17,MTNGH,0.7,0.55,0.58,0.58,0.6,0.6,0.02,40800.0,24480.0
2020-06-18,MTNGH,0.7,0.55,0.6,0.6,0.6,0.59,-0.01,26500.0,15760.0
2020-06-19,MTNGH,0.7,0.55,0.59,0.59,0.59,0.59,0.0,13600.0,8024.0
2020-06-22,MTNGH,0.7,0.55,0.59,0.59,0.59,0.59,0.0,38600.0,22774.0
2020-06-23,MTNGH,0.7,0.55,0.59,0.59,0.59,0.59,0.0,10300.0,6077.0
2020-06-24,MTNGH,0.7,0.55,0.59,0.59,0.59,0.59,0.0,400.0,236.0
2020-06-25,MTNGH,0.7,0.55,0.59,0.59,0.55,0.56,-0.03,21832100.0,12223260.0
2020-06-26,MTNGH,0.7,0.55,0.56,0.56,0.56,0.56,0.0,13187200.0,7384832.0
2020-06-29,MTNGH,0.7,0.55,0.56,0.56,0.56,0.56,0.0,1800.0,1008.0
2020-06-30,MTNGH,0.7,0.55,0.56,0.56,0.58,0.59,0.03,12700.0,7436.0
2020-07-01,MTNGH,0.7,0.55,0.59,0.59,0.58,0.59,0.0,800.0,472.0
2020-07-02,MTNGH,0.7,0.55,0.59,0.59,0.58,0.58,-0.01,35900.0,20833.0
2020-07-03,MTNGH,0.7,0.55,0.58,0.58,0.58,0.58,0.0,9200.0,5336.0
2020-07-06,MTNGH,0.7,0.55,0.58,0.58,0.58,0.58,0.0,16500.0,9550.0
2020-07-07,MTNGH,0.7,0.55,0.58,0.58,0.58,0.58,0.0,9100.0,5278.0
2020-07-08,MTNGH,0.7,0.55,0.58,0.58,0.57,0.57,-0.01,34400.0,19651.0
2020-07-09,MTNGH,0.7,0.55,0.57,0.57,0.57,0.57,0.0,14800.0,8436.0
2020-07-10,MTNGH,0.7,0.55,0.57,0.57,0.57,0.57,0.0,6054700.0,3451179.0
2020-07-13,MTNGH,0.7,0.55,0.57,0.57,0.57,0.57,0.0,27600.0,15732.0
2020-07-14,MTNGH,0.57,0.57,0.57,0.57,0.57,0.57,0.57,35100.0,20007.0
2020-07-15,MTNGH,0.57,0.57,0.57,0.57,0.57,0.57,0.57,170700.0,97299.0
2020-07-16,MTNGH,0.57,0.57,0.57,0.57,0.57,0.57,0.0,236900.0,135033.0
2020-07-17,MTNGH,0.57,0.56,0.57,0.57,0.56,0.56,-0.01,29552394.0,16798995.58
2020-07-20,MTNGH,0.7,0.55,0.56,0.56,0.57,0.57,0.01,35000.0,19950.0
2020-07-21,MTNGH,0.7,0.55,0.57,0.57,0.57,0.57,0.0,32900.0,18753.0
2020-07-22,MTNGH,0.7,0.55,0.57,0.57,0.56,0.56,-0.01,210000.0,117600.0
2020-07-23,MTNGH,0.7,0.55,0.56,0.56,0.56,0.56,0.0,10972700.0,6144712.0
2020-07-24,MTNGH,0.7,0.55,0.56,0.56,0.56,0.56,0.0,20911400.0,11710380.0
2020-07-27,MTNGH,0.7,0.55,0.56,0.56,0.56,0.56,0.0,41300.0,23130.0
2020-07-28,MTNGH,0.7,0.55,0.56,0.56,0.56,0.56,0.0,0.0,0.0
2020-07-29,MTNGH,0.7,0.55,0.56,0.56,0.57,0.57,0.01,24700.0,14079.0
2020-07-30,MTNGH,0.7,0.55,0.57,0.57,0.57,0.57,0.0,3300.0,1881.0
2020-08-03,MTNGH,0.7,0.55,0.57,0.57,0.59,0.58,0.01,4054600.0,2352168.0
2020-08-05,MTNGH,0.7,0.55,0.58,0.58,0.59,0.58,0.0,3584700.0,2079126.0
2020-08-06,MTNGH,0.7,0.55,0.58,0.58,0.58,0.58,0.0,7100.0,4118.0
2020-08-07,MTNGH,0.7,0.55,0.58,0.58,0.58,0.58,0.0,2620300.0,1519774.0
2020-08-10,MTNGH,0.7,0.55,0.58,0.58,0.58,0.58,0.0,0.0,0.0
2020-08-11,MTNGH,0.7,0.55,0.58,0.58,0.58,0.58,0.0,22200.0,12876.0
2020-08-12,MTNGH,0.7,0.55,0.58,0.58,0.58,0.58,0.0,1513100.0,877598.0
2020-08-13,MTNGH,0.7,0.55,0.58,0.58,0.58,0.58,0.0,9700.0,5626.0
2020-08-14,MTNGH,0.7,0.55,0.58,0.58,0.58,0.58,0.0,95000.0,55100.0
2020-08-17,MTNGH,0.7,0.55,0.58,0.58,0.58,0.58,0.0,1600.0,928.0
2020-08-18,MTNGH,0.7,0.55,0.58,0.58,0.58,0.58,0.0,192900.0,111482.0
2020-08-19,MTNGH,0.7,0.55,0.58,0.58,0.58,0.58,0.0,968400.0,561672.0
2020-08-20,MTNGH,0.7,0.55,0.58,0.58,0.58,0.58,0.0,2864800.0,1661584.0
2020-08-21,MTNGH,0.7,0.55,0.58,0.58,0.59,0.59,0.01,13312700.0,7854366.0
2020-08-24,MTNGH,0.7,0.55,0.59,0.59,0.59,0.59,0.0,0.0,0.0
2020-08-25,MTNGH,0.7,0.55,0.59,0.59,0.58,0.58,-0.01,8200.0,4756.0
2020-08-26,MTNGH,0.7,0.55,0.58,0.58,0.59,0.59,0.01,111800.0,65784.0
2020-08-27,MTNGH,0.7,0.55,0.59,0.59,0.59,0.59,0.0,39800.0,23482.0
2020-08-28,MTNGH,0.7,0.55,0.59,0.59,0.59,0.59,0.0,0.0,0.0
2020-08-31,MTNGH,0.7,0.55,0.59,0.59,0.59,0.59,0.0,22200.0,13098.0
2020-09-01,MTNGH,0.7,0.55,0.59,0.59,0.59,0.59,0.0,9700.0,5723.0
2020-09-02,MTNGH,0.7,0.55,0.59,0.59,0.59,0.58,-0.01,62700.0,36471.0
2020-09-03,MTNGH,0.7,0.55,0.58,0.58,0.59,0.59,0.01,4786700.0,2823816.0
2020-09-04,MTNGH,0.7,0.55,0.59,0.59,0.59,0.59,0.0,24600.0,14514.0
2020-09-07,MTNGH,0.7,0.55,0.59,0.59,0.59,0.59,0.0,8400.0,4956.0
2020-09-08,MTNGH,0.7,0.55,0.59,0.59,0.59,0.59,0.0,0.0,0.0
2020-09-09,MTNGH,0.7,0.55,0.59,0.59,0.59,0.59,0.0,14900.0,8791.0
2020-09-10,MTNGH,0.7,0.55,0.59,0.59,0.59,0.59,0.0,0.0,0.0
2020-09-11,MTNGH,0.7,0.55,0.59,0.59,0.59,0.59,0.0,0.0,0.0
2020-09-14,MTNGH,0.7,0.55,0.59,0.59,0.59,0.59,0.0,18900.0,11151.0
2020-09-15,MTNGH,0.7,0.55,0.59,0.59,0.58,0.58,-0.01,73900.0,42883.0
2020-09-16,MTNGH,0.7,0.55,0.58,0.58,0.6,0.6,0.02,2000.0,1200.0
2020-09-17,MTNGH,0.7,0.55,0.6,0.6,0.6,0.6,0.0,2300.0,1380.0
2020-09-18,MTNGH,0.7,0.55,0.6,0.6,0.6,0.6,0.0,300.0,180.0
2020-09-22,MTNGH,0.7,0.55,0.6,0.6,0.6,0.6,0.0,5176600.0,3105968.0
2020-09-23,MTNGH,0.7,0.55,0.6,0.6,0.6,0.6,0.0,117100.0,70260.0
2020-09-24,MTNGH,0.7,0.55,0.6,0.6,0.6,0.6,0.0,19000.0,11400.0
2020-09-25,MTNGH,0.7,0.55,0.6,0.6,0.6,0.6,0.0,4400.0,2640.0
2020-09-28,MTNGH,0.7,0.55,0.6,0.6,0.61,0.61,0.01,133800.0,81572.0
2020-09-29,MTNGH,0.7,0.55,0.61,0.61,0.61,0.61,0.0,105200.0,64172.0
2020-09-30,MTNGH,0.7,0.55,0.61,0.61,0.61,0.61,0.0,51000.0,31110.0
2020-10-01,MTNGH,0.7,0.55,0.61,0.61,0.6,0.6,-0.01,87100.0,52260.0
2020-10-02,MTNGH,0.7,0.55,0.6,0.6,0.6,0.6,0.0,32000.0,19200.0
2020-10-05,MTNGH,0.7,0.55,0.6,0.6,0.6,0.6,0.0,200400.0,120740.0
2020-10-06,MTNGH,0.7,0.55,0.6,0.6,0.6,0.6,0.0,11700.0,7020.0
2020-10-07,MTNGH,0.7,0.55,0.6,0.6,0.6,0.6,0.0,9040800.0,5424480.0
2020-10-08,MTNGH,0.7,0.55,0.6,0.6,0.6,0.6,0.0,1027800.0,616680.0
2020-10-09,MTNGH,0.7,0.55,0.6,0.6,0.61,0.61,0.01,167800.0,102180.0
2020-10-12,MTNGH,0.7,0.55,0.61,0.61,0.61,0.61,0.0,8200.0,5002.0
2020-10-13,MTNGH,0.7,0.55,0.61,0.61,0.61,0.61,0.0,1097500.0,669475.0
2020-10-14,MTNGH,0.7,0.55,0.61,0.61,0.61,0.61,0.0,1000000.0,610000.0
2020-10-15,MTNGH,0.7,0.55,0.61,0.61,0.61,0.61,0.0,13200.0,8052.0
2020-10-16,MTNGH,0.7,0.55,0.61,0.61,0.61,0.61,0.0,7134700.0,4350327.0
2020-10-19,MTNGH,0.7,0.55,0.61,0.61,0.61,0.61,0.0,167200.0,101992.0
2020-10-20,MTNGH,0.7,0.55,0.61,0.61,0.62,0.62,0.01,31800.0,19700.0
2020-10-21,MTNGH,0.7,0.55,0.62,0.62,0.62,0.62,0.0,4700.0,2914.0
2020-10-22,MTNGH,0.7,0.55,0.62,0.62,0.62,0.62,0.0,34600.0,21452.0
2020-10-23,MTNGH,0.7,0.55,0.62,0.62,0.62,0.62,0.0,1200.0,744.0
2020-10-26,MTNGH,0.7,0.55,0.62,0.62,0.61,0.61,-0.01,5172300.0,3155103.0
2020-10-27,MTNGH,0.7,0.55,0.61,0.61,0.61,0.61,0.0,1800.0,1098.0
2020-10-28,MTNGH,0.7,0.55,0.61,0.61,0.61,0.61,0.0,500.0,305.0
2020-10-29,MTNGH,0.7,0.55,0.61,0.61,0.61,0.61,0.0,1400.0,854.0
2020-10-30,MTNGH,0.7,0.55,0.61,0.61,0.61,0.61,0.0,23700.0,14457.0
2020-11-02,MTNGH,0.7,0.55,0.61,0.61,0.61,0.61,0.0,2720100.0,1659261.0
2020-11-03,MTNGH,0.7,0.55,0.61,0.61,0.61,0.61,0.0,68500.0,41785.0
2020-11-04,MTNGH,0.7,0.55,0.61,0.61,0.61,0.61,0.0,12300.0,7503.0
2020-11-05,MTNGH,0.7,0.55,0.61,0.61,0.61,0.61,0.0,3400.0,2074.0
2020-11-06,MTNGH,0.7,0.55,0.61,0.61,0.61,0.61,0.0,8500.0,5185.0
2020-11-09,MTNGH,0.7,0.55,0.61,0.61,0.61,0.61,0.0,12009100.0,7325551.0
2020-11-10,MTNGH,0.7,0.55,0.61,0.61,0.62,0.61,0.0,15023400.0,9164300.0
2020-11-11,MTNGH,0.7,0.55,0.61,0.61,0.61,0.61,0.0,11300.0,6943.0
2020-11-12,MTNGH,0.7,0.55,0.61,0.61,0.61,0.61,0.0,20114300.0,12269700.0
2020-11-13,MTNGH,0.7,0.55,0.61,0.61,0.61,0.61,0.0,8997400.0,5488414.0
2020-11-16,MTNGH,0.7,0.55,0.61,0.61,0.61,0.61,0.0,113700.0,69357.0
2020-11-17,MTNGH,0.7,0.55,0.61,0.61,0.61,0.61,0.0,11859400.0,7234234.0
2020-11-18,MTNGH,0.7,0.55,0.61,0.61,0.61,0.6,-0.01,34200.0,20642.0
2020-11-19,MTNGH,0.7,0.55,0.6,0.6,0.6,0.6,0.0,2020100.0,1212060.0
2020-11-20,MTNGH,0.7,0.55,0.6,0.6,0.61,0.61,0.01,15900.0,9627.0
2020-11-23,MTNGH,0.7,0.55,0.61,0.61,0.61,0.61,0.0,0.0,0.0
2020-11-24,MTNGH,0.7,0.55,0.61,0.61,0.61,0.61,0.0,10105600.0,6164416.0
2020-11-25,MTNGH,0.7,0.55,0.61,0.61,0.61,0.61,0.0,9500.0,5795.0
2020-11-26,MTNGH,0.7,0.55,0.61,0.61,0.61,0.6,-0.01,2004500.0,1202725.0
2020-11-27,MTNGH,0.7,0.55,0.6,0.6,0.6,0.6,0.0,72800.0,43680.0
2020-11-30,MTNGH,0.7,0.55,0.6,0.61,0.61,0.61,0.01,17126900.0,10447130.0
2020-12-01,MTNGH,0.7,0.55,0.61,0.61,0.61,0.61,0.0,2509900.0,1531039.0
2020-12-02,MTNGH,0.7,0.55,0.61,0.61,0.61,0.61,0.0,7504200.0,4577562.0
2020-12-03,MTNGH,0.7,0.55,0.61,0.61,0.61,0.61,0.0,0.0,0.0
2020-12-04,MTNGH,0.7,0.55,0.61,0.61,0.61,0.61,0.0,9610600.0,5862466.0
2020-12-08,MTNGH,0.7,0.55,0.61,0.61,0.62,0.62,0.01,300500.0,186305.0
2020-12-09,MTNGH,0.7,0.55,0.62,0.62,0.62,0.62,0.0,153400.0,95108.0
2020-12-10,MTNGH,0.7,0.55,0.62,0.62,0.61,0.61,-0.01,15000500.0,9150305.0
2020-12-11,MTNGH,0.7,0.55,0.61,0.61,0.61,0.61,0.0,2000.0,1220.0
2020-12-14,MTNGH,0.7,0.55,0.61,0.61,0.62,0.62,0.01,13168500.0,8164469.0
2020-12-15,MTNGH,0.7,0.55,0.62,0.62,0.62,0.62,0.0,10146400.0,6290768.0
2020-12-16,MTNGH,0.7,0.55,0.62,0.62,0.62,0.62,0.0,10001400.0,6200868.0
2020-12-17,MTNGH,0.7,0.55,0.62,0.62,0.63,0.63,0.01,7709300.0,4836778.0
2020-12-18,MTNGH,0.7,0.55,0.62,0.62,0.63,0.63,0.01,7857200.0,4950036.0
2020-12-21,MTNGH,0.7,0.55,0.62,0.62,0.63,0.63,0.01,8900.0,5607.0
2020-12-22,MTNGH,0.7,0.55,0.63,0.63,0.63,0.63,0.0,7311900.0,4608351.0
2020-12-23,MTNGH,0.7,0.55,0.63,0.63,0.63,0.63,0.0,8200.0,5166.0
2020-12-24,MTNGH,0.7,0.55,0.63,0.63,0.63,0.64,0.01,5822000.0,3726020.0
2020-12-29,MTNGH,0.7,0.55,0.64,0.64,0.63,0.64,0.0,755500.0,482180.0
2020-12-30,MTNGH,0.7,0.55,0.64,0.64,0.63,0.64,0.0,10408500.0,6661440.0
2020-12-31,MTNGH,0.7,0.55,0.64,0.64,0.63,0.64,0.0,1817600.0,1159587.0
2021-01-04,MTNGH,0.7,0.55,0.64,0.64,0.64,0.64,0.0,14252420.0,9121549.0
2021-01-05,MTNGH,0.64,0.64,0.64,0.64,0.64,0.64,0.0,35945.0,23004.8
2021-01-06,MTNGH,0.64,0.64,0.64,0.64,0.64,0.64,0.0,25452.0,16289.28
2021-01-08,MTNGH,0.65,0.64,0.64,0.64,0.65,0.65,0.01,55250000.0,35912500.0
2021-01-11,MTNGH,0.65,0.64,0.65,0.65,0.65,0.65,0.0,35900.0,23335.0
2021-01-12,MTNGH,0.66,0.64,0.65,0.65,0.66,0.66,0.01,20024090.0,13215660.0
2021-01-13,MTNGH,0.66,0.64,0.66,0.66,0.66,0.66,0.0,8820.0,5821.2
2021-01-14,MTNGH,0.66,0.64,0.66,0.66,0.66,0.66,0.0,0.0,0.0
2021-01-15,MTNGH,0.66,0.64,0.66,0.66,0.66,0.66,0.0,9900.0,6583.0
2021-01-18,MTNGH,0.66,0.64,0.66,0.66,0.66,0.66,0.0,72386.0,47774.76
2021-01-19,MTNGH,0.66,0.64,0.66,0.66,0.66,0.66,0.0,57855.0,38184.3
2021-01-20,MTNGH,0.67,0.64,0.66,0.66,0.67,0.67,0.01,2300450.0,1541185.5
2021-01-21,MTNGH,0.68,0.64,0.67,0.67,0.68,0.68,0.01,1333464.0,906552.31
2021-01-22,MTNGH,0.68,0.64,0.68,0.68,0.68,0.68,0.0,1232500.0,838100.0
2021-01-25,MTNGH,0.68,0.64,0.68,0.68,0.68,0.68,0.0,32200.0,21896.0
2021-01-26,MTNGH,0.68,0.64,0.68,0.68,0.68,0.68,0.0,56207.0,38220.76
2021-01-27,MTNGH,0.68,0.64,0.68,0.68,0.68,0.68,0.0,1259785.0,856653.8
2021-01-28,MTNGH,0.68,0.64,0.68,0.68,0.68,0.68,0.0,245141.0,166695.88
2021-01-29,MTNGH,0.68,0.64,0.68,0.68,0.68,0.68,0.0,37000.0,25160.0
2021-02-01,MTNGH,0.68,0.64,0.68,0.68,0.68,0.68,0.0,143311.0,97474.59
2021-02-02,MTNGH,0.68,0.64,0.68,0.68,0.68,0.68,0.0,9900.0,6732.0
2021-02-03,MTNGH,0.7,0.64,0.68,0.68,0.7,0.7,0.02,1997689.0,1393405.41
2021-02-05,MTNGH,0.7,0.64,0.7,0.7,0.7,0.7,0.0,66150.0,46305.0
2021-02-08,MTNGH,0.7,0.64,0.7,0.7,0.7,0.7,0.0,54150.0,37905.0
2021-02-09,MTNGH,0.72,0.64,0.7,0.7,0.72,0.72,0.02,1272255.0,915852.8
2021-02-10,MTNGH,0.73,0.64,0.72,0.72,0.73,0.73,0.01,50000.0,36500.0
2021-02-11,MTNGH,0.75,0.64,0.73,0.73,0.75,0.75,0.02,7796740.0,5854055.0
2021-02-12,MTNGH,0.79,0.64,0.75,0.75,0.8,0.79,0.04,4200000.0,3318000.0
2021-02-15,MTNGH,0.8,0.64,0.79,0.79,0.8,0.8,0.01,215000.0,171868.6
2021-02-16,MTNGH,0.8,0.64,0.8,0.8,0.8,0.8,0.0,423984.0,339187.2
2021-02-17,MTNGH,0.8,0.64,0.8,0.8,0.8,0.8,0.0,410706.0,328564.8
2021-02-18,MTNGH,0.8,0.64,0.8,0.8,0.8,0.8,0.0,52432.0,41945.6
2021-02-19,MTNGH,0.8,0.64,0.8,0.8,0.8,0.8,0.0,27000.0,21600.0
2021-02-22,MTNGH,0.8,0.64,0.8,0.8,0.8,0.8,0.0,1732060.0,1385648.0
2021-02-23,MTNGH,0.8,0.64,0.8,0.8,0.8,0.8,0.0,53874.0,43099.2
2021-02-24,MTNGH,0.8,0.64,0.8,0.8,0.8,0.8,0.0,1751182.0,1400946.0
2021-02-25,MTNGH,0.8,0.64,0.8,0.8,0.8,0.8,0.0,5397.0,4317.6
2021-02-26,MTNGH,0.82,0.64,0.8,0.8,0.82,0.82,0.02,461923.0,377538.4
2021-03-01,MTNGH,0.83,0.64,0.82,0.82,0.83,0.83,0.01,6689020.0,5551326.0
2021-03-02,MTNGH,0.83,0.64,0.83,0.83,0.83,0.83,0.0,706100.0,585883.0
2021-03-03,MTNGH,0.83,0.64,0.83,0.83,0.83,0.83,0.0,9834737.0,8162831.71
2021-03-04,MTNGH,0.83,0.64,0.83,0.83,0.83,0.83,0.0,4373520.0,3630021.6
2021-03-05,MTNGH,0.83,0.64,0.83,0.83,0.83,0.83,0.0,13126315.0,10894841.45
2021-03-09,MTNGH,0.83,0.64,0.83,0.83,0.83,0.83,0.0,800.0,664.0
2021-03-11,MTNGH,0.84,0.64,0.83,0.83,0.84,0.84,0.01,7018855.0,5895726.2
2021-03-12,MTNGH,0.84,0.64,0.84,0.84,0.84,0.84,0.0,684773.0,575209.32
2021-03-15,MTNGH,0.84,0.64,0.84,0.84,0.84,0.84,0.0,1350.0,1134.0
2021-03-17,MTNGH,0.85,0.64,0.85,0.85,0.85,0.85,0.0,3000000.0,2550000.0
2021-03-18,MTNGH,0.85,0.64,0.85,0.85,0.83,0.83,-0.02,16300.0,13569.0
2021-03-19,MTNGH,0.85,0.64,0.83,0.83,0.83,0.83,0.0,24110.0,20011.3
2021-03-22,MTNGH,0.85,0.64,0.83,0.83,0.85,0.85,0.02,177167.0,150085.95
2021-03-23,MTNGH,0.85,0.64,0.85,0.85,0.85,0.85,0.0,3800.0,3230.0
2021-03-24,MTNGH,0.85,0.64,0.85,0.85,0.85,0.85,0.0,30705.0,26099.25
2021-03-25,MTNGH,0.85,0.64,0.85,0.85,0.85,0.85,0.0,14195.0,12065.75
2021-03-26,MTNGH,0.85,0.64,0.85,0.85,0.85,0.85,0.0,110091.0,93577.35
2021-03-29,MTNGH,0.85,0.64,0.85,0.85,0.85,0.85,0.0,829700.0,705245.0
2021-03-30,MTNGH,0.85,0.64,0.85,0.85,0.85,0.85,0.0,17100.0,14535.0
2021-03-31,MTNGH,0.85,0.64,0.85,0.85,0.85,0.85,0.0,0.0,0.0
2021-04-01,MTNGH,0.85,0.64,0.85,0.85,0.85,0.85,0.0,6573.0,5587.05
2021-04-06,MTNGH,0.85,0.64,0.85,0.85,0.85,0.85,0.0,43770.0,37204.5
2021-04-07,MTNGH,0.89,0.64,0.85,0.85,0.9,0.89,0.04,1050900.0,933265.0
2021-04-08,MTNGH,0.89,0.64,0.89,0.89,0.89,0.89,0.0,1600.0,1424.0
2021-04-09,MTNGH,0.93,0.64,0.89,0.89,0.93,0.93,0.04,2166829.0,2004710.69
2021-04-12,MTNGH,0.93,0.64,0.93,0.93,0.93,0.93,0.0,688670.0,640463.1
2021-04-13,MTNGH,0.93,0.64,0.93,0.93,0.93,0.93,0.0,102900.0,95697.0
2021-04-14,MTNGH,0.93,0.64,0.93,0.93,0.93,0.93,0.0,1279136.0,1189206.48
2021-04-15,MTNGH,0.93,0.64,0.93,0.93,0.93,0.93,0.0,5358011.0,4982950.23
2021-04-16,MTNGH,0.93,0.64,0.93,0.93,0.93,0.93,0.0,15500.0,14415.0
2021-04-19,MTNGH,0.94,0.64,0.93,0.93,0.94,0.94,0.01,9279.0,8722.26
2021-04-20,MTNGH,0.95,0.64,0.94,0.94,0.95,0.95,0.01,159539.0,151122.46
2021-04-21,MTNGH,0.96,0.64,0.95,0.95,0.96,0.96,0.01,11039.0,10597.44
2021-04-22,MTNGH,0.96,0.64,0.96,0.96,0.96,0.96,0.0,23267.0,22336.32
2021-04-23,MTNGH,0.96,0.64,0.96,0.96,0.96,0.96,0.0,40050.0,38448.0
2021-04-26,MTNGH,0.96,0.64,0.96,0.96,0.96,0.96,0.0,75687.0,72659.52
2021-04-27,MTNGH,0.96,0.64,0.96,0.96,0.96,0.96,0.0,194584.0,186800.64
2021-04-28,MTNGH,1.04,0.64,0.96,0.96,1.05,1.04,0.08,805550.0,840421.0
2021-04-29,MTNGH,1.04,0.64,1.04,1.04,1.04,1.04,0.0,2000.0,2080.0
2021-04-30,MTNGH,1.14,0.64,1.04,1.04,1.14,1.14,0.1,531240.0,605613.6
2021-05-04,MTNGH,1.23,0.64,1.14,1.14,1.25,1.23,0.09,3904250.0,4818872.4
2021-05-05,MTNGH,1.25,0.64,1.23,1.23,1.25,1.25,0.02,53950.0,67507.77
2021-05-06,MTNGH,1.26,0.64,1.25,1.25,1.26,1.26,0.01,30044.0,37695.0
2021-05-07,MTNGH,1.26,0.64,1.26,1.26,1.24,1.24,-0.02,11695892.0,14508404.04
2021-05-10,MTNGH,1.26,0.64,1.24,1.24,1.24,1.24,0.0,206271.0,255776.04
2021-05-11,MTNGH,1.26,0.64,1.24,1.24,1.18,1.19,-0.05,695957.0,829933.15
2021-05-12,MTNGH,1.26,0.64,1.19,1.19,1.17,1.17,-0.02,13771.0,16166.85
2021-05-14,MTNGH,1.26,0.64,1.17,1.17,1.13,1.14,-0.03,3136336.0,3575493.11
2021-05-17,MTNGH,1.26,0.64,1.14,1.14,1.14,1.14,0.0,741.0,839.13
2021-05-18,MTNGH,1.26,0.64,1.14,1.14,1.12,1.13,-0.01,794110.0,896904.39
2021-05-19,MTNGH,1.26,0.64,1.13,1.13,1.05,1.06,-0.07,3718833.0,3940368.47
2021-05-20,MTNGH,1.26,0.64,1.06,1.06,1.0,1.02,-0.04,2597992.0,2639755.55
2021-05-21,MTNGH,1.26,0.64,1.02,1.02,1.0,1.0,-0.02,3975000.0,3961499.06
2021-05-24,MTNGH,1.26,0.64,1.0,1.0,1.0,1.0,0.0,1340.0,1340.0
2021-05-25,MTNGH,1.26,0.64,1.0,1.0,1.0,1.0,0.0,5639552.0,5637662.09
2021-05-26,MTNGH,1.26,0.64,1.0,1.0,1.0,1.0,0.0,3549670.0,3549670.0
2021-05-27,MTNGH,1.26,0.64,1.0,1.0,1.0,1.0,0.0,11932.0,11932.0
2021-05-28,MTNGH,1.26,0.64,1.0,1.0,1.0,1.0,0.0,376820.0,376820.0
2021-05-31,MTNGH,1.26,0.64,1.0,1.0,1.0,1.0,0.0,200.0,200.0
2021-06-01,MTNGH,1.26,0.64,1.0,1.0,1.0,1.0,0.0,0.0,0.0
2021-06-02,MTNGH,1.26,0.64,1.0,1.0,1.1,1.1,0.1,2022092.0,2222791.1
2021-06-03,MTNGH,1.26,0.64,1.1,1.1,1.1,1.1,0.0,180068.0,198074.8
2021-06-04,MTNGH,1.26,0.64,1.1,1.1,1.15,1.15,0.05,1520610.0,1748671.0
2021-06-08,MTNGH,1.26,0.64,1.25,1.25,1.25,1.25,0.0,5039367.0,6297378.75
2021-06-09,MTNGH,1.26,0.64,1.25,1.25,1.25,1.25,0.0,7671214.0,9589017.5
2021-06-10,MTNGH,1.26,0.64,1.25,1.25,1.25,1.25,0.0,1339672.0,1674590.0
2021-06-11,MTNGH,1.26,0.64,1.25,1.25,1.25,1.25,0.0,721.0,901.25
2021-06-14,MTNGH,1.26,0.64,1.25,1.25,1.24,1.24,-0.01,2400156.0,2976195.0
2021-06-15,MTNGH,1.26,0.64,1.24,1.24,1.2,1.2,-0.04,866200.0,1039440.0
2021-06-16,MTNGH,1.26,0.64,1.2,1.2,1.2,1.2,0.0,884734.0,1061680.8
2021-06-17,MTNGH,1.26,0.64,1.2,1.2,1.2,1.2,0.0,176560.0,211872.0
2021-06-18,MTNGH,1.26,0.64,1.2,1.2,1.2,1.2,0.0,203497.0,244196.4
2021-06-21,MTNGH,1.26,0.64,1.2,1.2,1.2,1.2,0.0,31187.0,37424.4
2021-06-22,MTNGH,1.26,0.64,1.2,1.2,1.2,1.2,0.0,6648.0,7977.6
2021-06-23,MTNGH,1.26,0.64,1.2,1.2,1.2,1.2,0.0,336928.0,404313.6
2021-06-24,MTNGH,1.26,0.64,1.2,1.2,1.2,1.2,0.0,269877.0,323830.92
2021-06-25,MTNGH,1.26,0.64,1.2,1.2,1.2,1.2,0.0,21035.0,25242.0
2021-06-28,MTNGH,1.26,0.64,1.2,1.2,1.2,1.2,0.0,3403.0,4083.6
2021-06-29,MTNGH,1.26,0.64,1.2,1.2,1.2,1.2,0.0,78653.0,94383.6
2021-06-30,MTNGH,1.26,0.64,1.2,1.2,1.2,1.2,0.0,3994592.0,4793510.4
2021-07-01,MTNGH,1.26,0.64,1.2,1.2,1.2,1.2,0.0,553414.0,664096.8
2021-07-02,MTNGH,1.26,0.64,1.2,1.2,1.2,1.2,0.0,124171.0,148905.2
2021-07-05,MTNGH,1.26,0.64,1.2,1.2,1.2,1.2,0.0,17108.0,20529.6
2021-07-06,MTNGH,1.26,0.64,1.2,1.2,1.2,1.2,0.0,1011680.0,1214016.0
2021-07-07,MTNGH,1.26,0.64,1.2,1.2,1.2,1.2,0.0,6040.0,7248.0
2021-07-08,MTNGH,1.26,0.64,1.2,1.2,1.2,1.2,0.0,11416.0,13699.2
2021-07-09,MTNGH,1.26,0.64,1.2,1.2,1.2,1.2,0.0,1550.0,1860.0
2021-07-12,MTNGH,1.26,0.64,1.2,1.2,1.2,1.2,0.0,10260.0,12312.0
2021-07-13,MTNGH,1.26,0.64,1.2,1.2,1.2,1.21,0.01,61650.0,74549.0
2021-07-14,MTNGH,1.26,0.64,1.21,1.21,1.21,1.21,0.0,2038.0,2465.98
2021-07-15,MTNGH,1.26,0.64,1.21,1.21,1.21,1.21,0.0,3900.0,4719.0
2021-07-16,MTNGH,1.26,0.64,1.21,1.21,1.2,1.2,-0.01,1524127.0,1829172.7
2021-07-19,MTNGH,1.26,0.64,1.2,1.2,1.2,1.2,0.0,5591402.0,6709682.4
2021-07-21,MTNGH,1.26,0.64,1.2,1.2,1.09,1.18,-0.02,64606.0,76427.2
2021-07-22,MTNGH,1.26,0.64,1.18,1.18,1.18,1.18,0.0,15030.0,17735.4
2021-07-23,MTNGH,1.26,0.64,1.18,1.18,1.2,1.2,0.02,1507854.0,1809404.8
2021-07-26,MTNGH,1.26,0.64,1.2,1.2,1.2,1.2,0.0,10620.0,12744.0
2021-07-27,MTNGH,1.26,0.64,1.2,1.2,1.25,1.25,0.05,1517170.0,1896462.5
2021-07-28,MTNGH,1.26,0.64,1.25,1.25,1.25,1.25,0.0,3550499.0,4438123.75
2021-07-29,MTNGH,1.26,0.64,1.25,1.25,1.25,1.25,0.0,74489.0,93111.25
2021-07-30,MTNGH,1.26,0.64,1.25,1.25,1.25,1.25,0.0,747488.0,934360.0
2021-08-02,MTNGH,1.26,0.64,1.25,1.25,1.26,1.26,0.01,140941.0,177533.86
2021-08-03,MTNGH,1.26,0.64,1.26,1.26,1.26,1.26,0.0,148033.0,186521.58
2021-08-05,MTNGH,1.26,0.64,1.26,1.26,1.26,1.26,0.0,3275260.0,4126827.6
2021-08-06,MTNGH,1.26,0.64,1.26,1.26,1.26,1.26,0.0,5000.0,6300.0
2021-08-09,MTNGH,1.26,0.64,1.26,1.26,1.26,1.26,0.0,423892.0,534103.92
2021-08-10,MTNGH,1.26,0.64,1.26,1.26,1.26,1.26,0.0,145550.0,183393.0
2021-08-11,MTNGH,1.26,0.64,1.26,1.26,1.26,1.26,0.0,7269.0,9158.94
2021-08-12,MTNGH,1.26,0.64,1.26,1.26,1.26,1.26,0.0,1460.0,1839.6
2021-08-13,MTNGH,1.26,0.64,1.26,1.26,1.26,1.26,0.0,1334571.0,1681559.46
2021-08-16,MTNGH,1.26,0.64,1.26,1.26,1.26,1.26,0.0,32190.0,40559.4
2021-08-17,MTNGH,1.26,0.64,1.26,1.26,1.26,1.26,0.0,5613899.0,7072867.74
2021-08-18,MTNGH,1.26,0.64,1.26,1.26,1.26,1.26,0.0,21872.0,27558.72
2021-08-19,MTNGH,1.26,0.64,1.26,1.26,1.26,1.26,0.0,506774.0,638525.24
2021-08-20,MTNGH,1.26,0.64,1.26,1.26,1.26,1.26,0.0,176382.0,222241.32
2021-08-23,MTNGH,1.26,0.64,1.26,1.26,1.26,1.26,0.0,34176.0,43061.76
2021-08-24,MTNGH,1.26,0.64,1.26,1.26,1.26,1.26,0.0,5693.0,6953.18
2021-08-25,MTNGH,1.26,0.64,1.26,1.26,1.24,1.24,-0.02,1966778.0,2438764.84
2021-08-26,MTNGH,1.26,0.64,1.24,1.24,1.23,1.23,-0.01,37552.0,46206.4
2021-08-27,MTNGH,1.26,0.64,1.23,1.23,1.24,1.24,0.01,634673.0,786727.3
2021-08-30,MTNGH,1.26,0.64,1.24,1.24,1.24,1.24,0.0,7150.0,8866.0
2021-08-31,MTNGH,1.26,0.64,1.24,1.24,1.24,1.24,0.0,644137.0,798729.88
2021-09-01,MTNGH,1.26,0.64,1.24,1.24,1.24,1.24,0.0,18765.0,23268.6
2021-09-02,MTNGH,1.26,0.64,1.24,1.24,1.24,1.24,0.0,4365.0,5412.6
2021-09-03,MTNGH,1.26,0.64,1.24,1.24,1.24,1.24,0.0,20870.0,25878.8
2021-09-06,MTNGH,1.26,0.64,1.24,1.24,1.24,1.24,0.0,81853.0,101500.85
2021-09-07,MTNGH,1.26,0.64,1.24,1.24,1.24,1.24,0.0,9113.0,11300.12
2021-09-08,MTNGH,1.26,0.64,1.24,1.24,1.26,1.26,0.02,4200403.0,5292490.91
2021-09-09,MTNGH,1.26,0.64,1.26,1.26,1.26,1.26,0.0,7448.0,9384.48
2021-09-10,MTNGH,1.26,0.64,1.26,1.26,1.26,1.26,0.0,4390.0,5535.4
2021-09-13,MTNGH,1.26,0.64,1.26,1.26,1.26,1.26,0.0,18614.0,23453.64
2021-09-14,MTNGH,1.26,0.64,1.26,1.26,1.24,1.24,-0.02,3803666.0,4718436.09
2021-09-15,MTNGH,1.26,0.64,1.24,1.24,1.24,1.24,0.0,4189773.0,5195318.52
2021-09-16,MTNGH,1.26,0.64,1.24,1.24,1.24,1.24,0.0,321215.0,398306.6
2021-09-20,MTNGH,1.26,0.64,1.24,1.24,1.24,1.24,0.0,74929.0,92911.96
2021-09-22,MTNGH,1.26,0.64,1.24,1.24,1.24,1.24,0.0,234754.0,291094.96
2021-09-23,MTNGH,1.26,0.64,1.24,1.24,1.12,1.12,-0.12,4047.0,4654.8
2021-09-24,MTNGH,1.26,0.64,1.12,1.12,1.12,1.12,0.0,67961.0,76127.42
2021-09-27,MTNGH,1.26,0.64,1.12,1.12,1.14,1.14,0.02,8287504.0,9446980.12
2021-09-28,MTNGH,1.26,0.64,1.14,1.14,1.24,1.23,0.09,272015.0,334309.4
2021-09-29,MTNGH,1.26,0.64,1.23,1.23,1.23,1.23,0.0,14015.0,17238.45
2021-09-30,MTNGH,1.26,0.64,1.23,1.23,1.24,1.24,0.01,89428.0,110859.6
2021-10-01,MTNGH,1.26,0.64,1.24,1.24,1.24,1.24,0.0,451304.0,558748.81
2021-10-04,MTNGH,1.26,0.64,1.24,1.24,1.24,1.24,0.0,75341.0,93422.84
2021-10-05,MTNGH,1.26,0.64,1.24,1.24,1.24,1.24,0.0,3820.0,4736.8
2021-10-06,MTNGH,1.26,0.64,1.24,1.24,1.24,1.24,0.0,9028.0,11194.72
2021-10-07,MTNGH,1.26,0.64,1.24,1.24,1.24,1.24,0.0,2668.0,3308.32
2021-10-08,MTNGH,1.26,0.64,1.24,1.24,1.23,1.23,-0.01,926017.0,1140001.91
2021-10-11,MTNGH,1.26,0.64,1.23,1.23,1.22,1.23,0.0,595180.0,730873.72
2021-10-12,MTNGH,1.26,0.64,1.23,1.23,1.2,1.21,-0.02,53367.0,64459.67
2021-10-13,MTNGH,1.26,0.64,1.21,1.21,1.2,1.2,-0.01,92608.0,111129.6
2021-10-14,MTNGH,1.26,0.64,1.2,1.2,1.2,1.2,0.0,1966.0,2359.2
2021-10-15,MTNGH,1.26,0.64,1.2,1.2,1.2,1.2,0.0,3699412.0,4439294.4
2021-10-18,MTNGH,1.26,0.64,1.2,1.2,1.2,1.2,0.0,32766.0,39319.2
2021-10-19,MTNGH,1.26,0.64,1.2,1.2,1.2,1.2,0.0,345734.0,414880.8
2021-10-20,MTNGH,1.26,0.64,1.2,1.2,1.2,1.2,0.0,7493.0,8991.6
2021-10-21,MTNGH,1.26,0.64,1.2,1.2,1.2,1.2,0.0,6357257.0,7628708.0
2021-10-22,MTNGH,1.26,0.64,1.2,1.2,1.2,1.2,0.0,27660.0,33192.0
2021-10-25,MTNGH,1.26,0.64,1.2,1.2,1.2,1.2,0.0,319886.0,383863.2
2021-10-26,MTNGH,1.26,0.64,1.2,1.2,1.2,1.2,0.0,249410.0,299292.0
2021-10-27,MTNGH,1.26,0.64,1.2,1.2,1.2,1.2,0.0,26090.0,31308.0
2021-10-28,MTNGH,1.26,0.64,1.2,1.2,1.24,1.24,0.04,495505.0,612106.0
2021-10-29,MTNGH,1.26,0.64,1.24,1.24,1.21,1.21,-0.03,71217.0,86226.18
2021-11-01,MTNGH,1.26,0.64,1.21,1.24,1.21,1.21,0.0,31604.0,38240.84
2021-11-02,MTNGH,1.26,0.64,1.21,1.24,1.21,1.21,0.0,21810.0,26390.1
2021-11-03,MTNGH,1.27,0.64,1.21,1.24,1.27,1.27,0.06,655680.0,830339.4
2021-11-04,MTNGH,1.27,0.64,1.27,1.27,1.27,1.27,0.0,7410.0,9410.7
2021-11-05,MTNGH,1.27,0.64,1.27,1.27,1.27,1.27,0.0,871.0,1106.17
2021-11-08,MTNGH,1.3,0.64,1.27,1.27,1.3,1.3,0.03,1474964.0,1916104.28
2021-11-09,MTNGH,1.3,0.64,1.3,1.3,1.26,1.27,-0.03,898280.0,1140726.87
2021-11-10,MTNGH,1.3,0.64,1.27,1.27,1.3,1.29,0.02,233805.0,300485.15
2021-11-11,MTNGH,1.3,0.64,1.29,1.29,1.3,1.3,0.01,1260255.0,1634322.7
2021-11-12,MTNGH,1.3,0.64,1.3,1.3,1.3,1.3,0.0,14656.0,19052.8
2021-11-15,MTNGH,1.32,0.64,1.3,1.3,1.32,1.32,0.02,2308250.0,3046790.02
2021-11-16,MTNGH,1.33,0.64,1.32,1.32,1.35,1.33,0.01,14841.0,19711.5
2021-11-17,MTNGH,1.33,0.64,1.33,1.33,1.32,1.32,-0.01,678224.0,895418.97
2021-11-18,MTNGH,1.33,0.64,1.32,1.32,1.32,1.32,0.0,1965.0,2593.8
2021-11-22,MTNGH,1.33,0.64,1.25,1.25,1.23,1.24,-0.01,3910922.0,4849444.5
2021-11-23,MTNGH,1.33,0.64,1.24,1.24,1.2,1.2,-0.04,3244125.0,3892969.59
2021-11-24,MTNGH,1.33,0.64,1.2,1.2,1.08,1.2,0.0,440228.0,527433.6
2021-11-25,MTNGH,1.33,0.64,1.2,1.2,1.08,1.2,0.0,2050778.0,2460923.6
2021-11-26,MTNGH,1.33,0.64,1.2,1.2,1.2,1.2,0.0,12341.0,14809.2
2021-11-29,MTNGH,1.33,0.64,1.2,1.2,1.2,1.2,0.0,0.0,0.0
2021-11-30,MTNGH,1.33,0.64,1.2,1.2,1.2,1.2,0.0,868940.0,1042728.0
2021-12-01,MTNGH,1.33,0.64,1.2,1.2,1.18,1.18,-0.02,26898.0,31739.64
2021-12-02,MTNGH,1.33,0.64,1.18,1.18,1.18,1.18,0.0,14402.0,16994.36
2021-12-06,MTNGH,1.33,0.64,1.18,1.18,1.18,1.18,0.0,15559.0,18359.62
2021-12-07,MTNGH,1.33,0.64,1.18,1.18,1.15,1.16,-0.02,8211290.0,9524986.2
2021-12-08,MTNGH,1.33,0.64,1.16,1.16,1.15,1.15,-0.01,65126.0,74884.9
2021-12-09,MTNGH,1.33,0.64,1.15,1.15,1.15,1.15,0.0,23289.0,26782.35
2021-12-10,MTNGH,1.33,0.64,1.15,1.15,1.15,1.16,0.01,1838620.0,2132768.2
2021-12-13,MTNGH,1.33,0.64,1.16,1.16,1.16,1.16,0.0,157217.0,182310.78
2021-12-14,MTNGH,1.33,0.64,1.16,1.16,1.16,1.16,0.0,1674065.0,1940738.5
2021-12-15,MTNGH,1.33,0.64,1.16,1.16,1.16,1.16,0.0,1391211.0,1613725.17
2021-12-16,MTNGH,1.33,0.64,1.16,1.16,1.14,1.15,-0.01,30639.0,35235.53
2021-12-17,MTNGH,1.33,0.64,1.15,1.15,1.16,1.16,0.01,5711628.0,6623531.68
2021-12-20,MTNGH,1.33,0.64,1.16,1.16,1.16,1.16,0.0,2430.0,2803.0
2021-12-21,MTNGH,1.33,0.64,1.16,1.16,1.16,1.16,0.0,59411.0,68759.01
2021-12-22,MTNGH,1.33,0.64,1.16,1.16,1.13,1.13,-0.03,797169.0,900806.27
2021-12-23,MTNGH,1.33,0.64,1.13,1.13,1.13,1.13,0.0,3003700.0,3394171.0
2021-12-24,MTNGH,1.33,0.64,1.13,1.13,1.13,1.13,0.0,9839.0,11098.91
2021-12-29,MTNGH,1.33,0.64,1.13,1.13,1.13,1.13,0.0,4313163.0,4873815.89
2021-12-30,MTNGH,1.33,0.64,1.13,1.13,1.12,1.12,-0.01,3273.0,3668.78
2021-12-31,MTNGH,1.33,0.64,1.12,1.12,1.12,1.11,-0.01,83092.0,92596.49
2022-01-04,MTNGH,1.11,1.06,1.11,1.11,1.07,1.06,-0.05,19610289.0,20851563.22
2022-01-05,MTNGH,1.11,1.06,1.06,1.06,1.07,1.07,0.01,2239165.0,2395906.55
2022-01-06,MTNGH,1.11,1.06,1.07,1.07,1.07,1.07,0.0,2965288.0,3172858.16
2022-01-10,MTNGH,1.11,1.06,1.07,1.07,1.0,1.03,-0.04,40982.0,43080.74
2022-01-11,MTNGH,1.11,1.06,1.03,1.03,1.03,1.03,0.0,48235.0,49682.05
2022-01-12,MTNGH,1.11,1.06,1.03,1.03,1.06,1.06,0.03,3526.0,3737.26
2022-01-13,MTNGH,1.11,1.06,1.06,1.06,1.1,1.08,0.02,250810.0,270892.54
2022-01-14,MTNGH,1.11,1.06,1.08,1.08,1.09,1.09,0.01,917050.0,999437.3
2022-01-17,MTNGH,1.11,1.06,1.09,1.09,1.09,1.09,0.0,23213.0,25302.17
2022-01-18,MTNGH,1.11,1.06,1.09,1.09,1.09,1.09,0.0,489219.0,533248.71
2022-01-19,MTNGH,1.11,1.06,1.09,1.09,1.11,1.11,0.02,1566955.0,1739180.95
2022-01-20,MTNGH,1.11,1.06,1.11,1.11,1.11,1.11,0.0,4546.0,5046.06
2022-01-21,MTNGH,1.11,1.06,1.11,1.11,1.11,1.11,0.0,9831.0,10912.41
2022-01-24,MTNGH,1.11,1.06,1.11,1.11,1.11,1.11,0.0,48819.0,54189.09
2022-01-25,MTNGH,1.11,1.06,1.11,1.11,1.11,1.11,0.0,14502.0,16097.22
2022-01-26,MTNGH,1.11,1.06,1.11,1.11,1.11,1.11,0.0,3269060.0,3628656.6
2022-01-27,MTNGH,1.11,1.06,1.11,1.11,1.11,1.11,0.0,14419.0,16005.09
2022-01-28,MTNGH,1.11,1.06,1.11,1.11,1.11,1.11,0.0,644450.0,715339.5
2022-01-31,MTNGH,1.11,1.06,1.11,1.11,1.11,1.11,0.0,1085.0,1194.0
2022-02-01,MTNGH,1.11,1.06,1.11,1.11,1.11,1.11,0.0,6289.0,6980.79
2022-02-02,MTNGH,1.11,1.06,1.11,1.11,1.09,1.09,-0.02,13656.0,14908.86
2022-02-03,MTNGH,1.11,1.06,1.09,1.09,1.08,1.08,-0.01,2637208.0,2848202.2
2022-02-04,MTNGH,1.11,1.06,1.08,1.08,1.08,1.08,0.0,1032.0,1114.56
2022-02-07,MTNGH,1.11,1.06,1.08,1.08,1.08,1.08,0.0,3527420.0,3809613.9
2022-02-08,MTNGH,1.11,1.06,1.08,1.08,1.08,1.08,0.0,3994174.0,4313707.92
2022-02-09,MTNGH,1.11,1.06,1.08,1.08,1.08,1.08,0.0,5216.0,5633.28
2022-02-10,MTNGH,1.11,1.06,1.08,1.08,1.08,1.08,0.0,1029211.0,1111547.88
2022-02-11,MTNGH,1.11,1.06,1.08,1.08,1.08,1.08,0.0,4877.0,5267.16
2022-02-14,MTNGH,1.11,1.06,1.08,1.08,1.08,1.08,0.0,7739.0,8358.12
2022-02-15,MTNGH,1.11,1.05,1.08,1.08,1.05,1.05,-0.03,9962.0,10502.37
2022-02-16,MTNGH,1.11,1.05,1.05,1.05,1.05,1.05,0.0,28497.0,29921.85
2022-02-17,MTNGH,1.11,1.05,1.05,1.05,1.05,1.05,0.0,16353.0,17170.65
2022-02-18,MTNGH,1.11,1.05,1.05,1.05,1.05,1.05,0.0,186457.0,195779.85
2022-02-21,MTNGH,1.11,1.05,1.05,1.05,1.05,1.05,0.0,452500.0,475125.0
2022-02-22,MTNGH,1.11,1.05,1.05,1.05,1.05,1.05,0.0,118483.0,124407.15
2022-02-23,MTNGH,1.11,1.05,1.05,1.05,1.05,1.05,0.0,129283.0,135747.15
2022-02-24,MTNGH,1.11,1.05,1.05,1.05,1.05,1.05,0.0,2866.0,3009.3
2022-02-25,MTNGH,1.11,1.05,1.05,1.05,1.05,1.05,0.0,8151.0,8558.55
2022-02-28,MTNGH,1.11,1.05,1.05,1.05,1.05,1.05,0.0,85242.0,89504.1
2022-03-01,MTNGH,1.11,1.05,1.05,1.05,1.08,1.08,0.03,18395395.0,19866312.15
2022-03-02,MTNGH,1.11,1.05,1.08,1.08,1.08,1.08,0.0,17239245.0,18618384.6
2022-03-03,MTNGH,1.11,1.05,1.08,1.08,1.08,1.08,0.0,3797549.0,4101352.92
2022-03-04,MTNGH,1.11,1.05,1.08,1.08,1.08,1.08,0.0,4892.0,5283.36
2022-03-08,MTNGH,1.11,1.05,1.08,1.08,1.08,1.08,0.0,18006.0,19446.48
2022-03-09,MTNGH,1.11,1.05,1.08,1.08,1.08,1.08,0.0,79750.0,86071.2
2022-03-10,MTNGH,1.11,1.05,1.08,1.08,1.08,1.08,0.0,54854.0,59242.32
2022-03-11,MTNGH,1.11,1.05,1.08,1.08,1.08,1.08,0.0,647459.0,699255.72
2022-03-14,MTNGH,1.11,1.05,1.08,1.08,1.08,1.08,0.0,5400.0,5832.0
2022-03-15,MTNGH,1.11,1.05,1.08,1.08,1.06,1.06,-0.02,1302098.0,1380261.84
2022-03-16,MTNGH,1.11,1.05,1.06,1.06,1.06,1.06,0.0,14690.0,15571.4
2022-03-17,MTNGH,1.11,1.05,1.06,1.06,1.06,1.06,0.0,2335154.0,2475323.24
2022-03-18,MTNGH,1.11,1.05,1.06,1.06,1.06,1.06,0.0,10835640.0,11485778.4
2022-03-21,MTNGH,1.11,1.05,1.06,1.06,1.06,1.06,0.0,2138.0,2266.28
2022-03-22,MTNGH,1.11,1.05,1.06,1.06,1.06,1.06,0.0,40845.0,43295.7
2022-03-23,MTNGH,1.11,1.05,1.06,1.06,1.06,1.06,0.0,1188.0,1259.28
2022-03-24,MTNGH,1.11,1.05,1.06,1.06,1.06,1.06,0.0,67774703.0,71841185.18
2022-03-25,MTNGH,1.11,1.05,1.06,1.06,1.06,1.06,0.0,12841.0,13611.46
2022-03-28,MTNGH,1.11,1.05,1.06,1.06,1.06,1.06,0.0,15709.0,16651.54
2022-03-29,MTNGH,1.11,1.05,1.06,1.06,1.06,1.06,0.0,81366364.0,86248345.84
2022-03-30,MTNGH,1.11,1.05,1.06,1.06,1.06,1.06,0.0,281252.0,298067.12
2022-03-31,MTNGH,1.11,1.05,1.06,1.06,1.06,1.06,0.0,93504.0,99114.24
2022-04-01,MTNGH,1.11,1.05,1.06,1.06,1.06,1.06,0.0,272943.0,289319.58
2022-04-04,MTNGH,1.11,1.0,1.06,1.06,1.0,1.0,-0.06,18175.0,18293.8
2022-04-05,MTNGH,1.11,1.0,1.0,1.0,1.0,1.0,0.0,2026033.0,2026033.0
2022-04-06,MTNGH,1.11,1.0,1.0,1.0,1.0,1.0,0.0,15667.0,15667.0
2022-04-07,MTNGH,1.11,1.0,1.0,1.0,1.0,1.0,0.0,39747.0,39880.0
2022-04-08,MTNGH,1.11,1.0,1.0,1.0,1.0,1.0,0.0,27137.0,27137.0
2022-04-11,MTNGH,1.11,1.0,1.0,1.0,1.0,1.0,0.0,27788.0,27788.0
2022-04-12,MTNGH,1.11,1.0,1.0,1.0,1.0,1.0,0.0,4562.0,4562.0
2022-04-13,MTNGH,1.11,1.0,1.0,1.0,1.0,1.0,0.0,16697.0,16697.0
2022-04-14,MTNGH,1.11,1.0,1.0,1.0,1.0,1.0,0.0,10100.0,10100.0
2022-04-19,MTNGH,1.11,1.0,1.0,1.0,1.0,1.0,0.0,10788850.0,10788850.0
2022-04-20,MTNGH,1.11,1.0,1.0,1.0,1.0,1.0,0.0,7777.0,7777.0
2022-04-21,MTNGH,1.11,1.0,1.0,1.0,1.0,1.0,0.0,14436.0,14436.0
2022-04-22,MTNGH,1.11,1.0,1.0,1.0,1.0,1.0,0.0,12118.0,12118.0
2022-04-25,MTNGH,1.11,1.0,1.0,1.0,1.0,1.0,0.0,9432.0,9432.0
2022-04-26,MTNGH,1.11,1.0,1.0,1.0,1.0,1.0,0.0,1559934.0,1559934.0
2022-04-27,MTNGH,1.11,1.0,1.0,1.0,1.0,1.0,0.0,34282.0,34282.0
2022-04-28,MTNGH,1.11,1.0,1.0,1.0,1.0,1.0,0.0,82688252.0,82688252.0
2022-04-29,MTNGH,1.11,1.0,1.0,1.0,1.0,1.0,0.0,2130731.0,2130731.0
2022-05-04,MTNGH,1.11,1.0,1.0,1.0,1.0,1.0,0.0,33674.0,33674.0
2022-05-05,MTNGH,1.11,1.0,1.0,1.0,1.0,1.0,0.0,18722.0,18722.0
2022-05-06,MTNGH,1.11,1.0,1.0,1.0,1.0,1.0,0.0,10120702.0,10120702.0
2022-05-09,MTNGH,1.11,1.0,1.0,1.0,1.0,1.0,0.0,5009.0,5009.0
2022-05-10,MTNGH,1.11,1.0,1.0,1.0,1.0,1.0,0.0,17405.0,17405.0
2022-05-12,MTNGH,1.11,0.9,0.92,0.92,0.9,0.9,-0.02,14718639.0,13248125.26
2022-05-13,MTNGH,1.11,0.9,0.9,0.9,0.9,0.9,0.0,399841.0,359856.9
2022-05-16,MTNGH,1.11,0.9,0.9,0.9,0.9,0.9,0.0,38760.0,34884.0
2022-05-17,MTNGH,1.11,0.9,0.9,0.9,0.92,0.92,0.02,5755.0,5285.7
2022-05-18,MTNGH,1.11,0.9,0.92,0.92,0.95,0.94,0.02,34091.0,32054.81
2022-05-19,MTNGH,1.11,0.9,0.94,0.94,0.9,0.9,-0.04,876893.0,792974.65
2022-05-20,MTNGH,1.11,0.9,0.9,0.9,0.9,0.9,0.0,10520.0,9468.0
2022-05-23,MTNGH,1.11,0.9,0.9,0.9,0.9,0.9,0.0,23694.0,21324.6
2022-05-24,MTNGH,1.11,0.9,0.9,0.9,0.9,0.9,0.0,4405518.0,3964966.2
2022-05-25,MTNGH,1.11,0.9,0.9,0.9,0.9,0.9,0.0,2624.0,2361.6
2022-05-26,MTNGH,1.11,0.9,0.9,0.9,0.9,0.9,0.0,5079.0,4571.1
2022-05-27,MTNGH,1.11,0.9,0.9,0.9,0.9,0.9,0.0,1418.0,1276.2
2022-05-30,MTNGH,1.11,0.9,0.9,0.9,0.9,0.9,0.0,1042677.0,938049.3
2022-05-31,MTNGH,1.11,0.9,0.9,0.9,0.9,0.9,0.0,7610939.0,6849845.0
2022-06-01,MTNGH,1.11,0.9,0.9,0.9,0.9,0.9,0.0,15895.0,14305.5
2022-06-02,MTNGH,1.11,0.9,0.9,0.9,0.9,0.9,0.0,9418.0,8476.2
2022-06-03,MTNGH,1.11,0.9,0.9,0.9,0.9,0.9,0.0,14887.0,13398.3
2022-06-06,MTNGH,1.11,0.9,0.9,0.9,0.9,0.9,0.0,309181.0,278262.9
2022-06-07,MTNGH,1.11,0.9,0.9,0.9,0.9,0.9,0.0,3124.0,2811.6
2022-06-08,MTNGH,1.11,0.9,0.9,0.9,0.9,0.9,0.0,1786847.0,1608162.3
2022-06-09,MTNGH,1.11,0.9,0.9,0.9,0.9,0.9,0.0,42164.0,37947.6
2022-06-10,MTNGH,1.11,0.9,0.9,0.9,0.9,0.9,0.0,12672.0,11404.8
2022-06-13,MTNGH,1.11,0.9,0.9,0.9,0.9,0.9,0.0,326444.0,293799.6
2022-06-14,MTNGH,1.11,0.9,0.9,0.9,0.9,0.9,0.0,3165.0,2802.75
2022-06-15,MTNGH,1.11,0.9,0.9,0.9,0.9,0.9,0.0,10820.0,9738.0
2022-06-16,MTNGH,1.11,0.9,0.9,0.9,0.9,0.9,0.0,10820.0,9738.0
2022-06-17,MTNGH,1.11,0.86,0.9,0.9,0.85,0.86,-0.04,28741199.0,24729110.4
2022-06-20,MTNGH,1.11,0.86,0.86,0.86,0.86,0.86,0.0,652461.0,561116.46
2022-06-22,MTNGH,1.11,0.86,0.86,0.86,0.86,0.86,0.0,3843.0,3304.98
2022-06-23,MTNGH,1.11,0.86,0.86,0.86,0.87,0.87,0.01,1520036.0,1322431.32
2022-06-24,MTNGH,1.11,0.86,0.87,0.87,0.87,0.87,0.0,1852.0,1611.24
2022-06-27,MTNGH,1.11,0.86,0.87,0.87,0.87,0.87,0.0,7816.0,6799.92
2022-06-28,MTNGH,1.11,0.86,0.87,0.87,0.9,0.9,0.03,112724.0,101297.6
2022-06-29,MTNGH,1.11,0.86,0.9,0.9,0.9,0.9,0.0,5542479.0,4988231.1
2022-06-30,MTNGH,1.11,0.86,0.9,0.9,0.9,0.9,0.0,85471.0,76923.9
2022-07-01,MTNGH,1.11,0.86,0.9,0.9,0.9,0.9,0.0,6430.0,5787.0
2022-07-04,MTNGH,1.11,0.86,0.9,0.9,0.9,0.9,0.0,24115.0,21703.5
2022-07-05,MTNGH,1.11,0.86,0.9,0.9,0.9,0.9,0.0,52320.0,47088.0
2022-07-06,MTNGH,1.11,0.86,0.9,0.9,0.9,0.9,0.0,14580.0,13122.0
2022-07-07,MTNGH,1.11,0.86,0.9,0.9,0.9,0.9,0.0,1018900.0,917010.0
2022-07-08,MTNGH,1.11,0.86,0.9,0.9,0.9,0.9,0.0,29678.0,26710.2
2022-07-12,MTNGH,1.11,0.86,0.9,0.9,0.9,0.9,0.0,448694.0,403824.6
2022-07-13,MTNGH,1.11,0.86,0.9,0.9,0.87,0.87,-0.03,10254462.0,8922862.41
2022-07-14,MTNGH,1.11,0.83,0.87,0.87,0.83,0.83,-0.04,38128902.0,31648901.34
2022-07-18,MTNGH,1.11,0.83,0.83,0.83,0.83,0.83,0.0,5405.0,4486.15
2022-07-19,MTNGH,1.11,0.83,0.83,0.83,0.83,0.83,0.0,12000.0,9960.0
2022-07-20,MTNGH,1.11,0.83,0.83,0.83,0.83,0.83,0.0,1005550.0,834606.5
2022-07-21,MTNGH,1.11,0.83,0.83,0.83,0.83,0.83,0.0,786970.0,653185.1
2022-07-22,MTNGH,1.11,0.83,0.83,0.83,0.83,0.83,0.0,7267.0,6031.61
2022-07-25,MTNGH,1.11,0.83,0.83,0.83,0.83,0.83,0.0,8333.0,6916.39
2022-07-26,MTNGH,1.11,0.83,0.83,0.83,0.83,0.83,0.0,2912.0,2416.96
2022-07-27,MTNGH,1.11,0.83,0.83,0.83,0.91,0.91,0.08,6004.0,5172.84
2022-07-28,MTNGH,1.11,0.83,0.91,0.91,0.91,0.91,0.0,31695.0,28842.45
2022-07-29,MTNGH,1.11,0.83,0.91,0.91,0.91,0.91,0.0,4466.0,4064.06
2022-08-01,MTNGH,1.11,0.83,0.91,0.91,0.83,0.83,-0.08,1062857.0,883257.15
2022-08-02,MTNGH,1.11,0.75,0.83,0.83,0.75,0.75,-0.08,60828795.0,45626783.16
2022-08-03,MTNGH,1.11,0.75,0.75,0.75,0.8,0.8,0.05,3801667.0,3041333.6
2022-08-05,MTNGH,1.11,0.75,0.8,0.8,0.8,0.8,0.0,665.0,532.0
2022-08-08,MTNGH,1.11,0.75,0.8,0.8,0.8,0.8,0.0,11746.0,9396.8
2022-08-09,MTNGH,1.11,0.75,0.8,0.8,0.8,0.8,0.0,5947.0,4757.6
2022-08-10,MTNGH,1.11,0.75,0.8,0.8,0.88,0.88,0.08,2328746.0,2049296.48
2022-08-11,MTNGH,1.11,0.75,0.88,0.88,0.88,0.88,0.0,8280.0,7286.4
2022-08-12,MTNGH,1.11,0.75,0.88,0.88,0.96,0.95,0.07,13565.0,12732.2
2022-08-15,MTNGH,1.11,0.75,0.95,0.95,0.95,0.95,0.0,62053.0,58950.35
2022-08-16,MTNGH,1.11,0.75,0.95,0.95,0.95,0.95,0.0,83172.0,79013.4
2022-08-17,MTNGH,1.11,0.75,0.95,0.95,0.95,0.95,0.0,7147.0,6789.65
2022-08-18,MTNGH,1.11,0.75,0.95,0.95,0.95,0.95,0.0,9476.0,9002.2
2022-08-19,MTNGH,1.11,0.75,0.95,0.95,0.95,0.95,0.0,6442.0,6119.9
2022-08-22,MTNGH,1.11,0.75,0.95,0.95,0.95,0.95,0.0,2179.0,2070.05
2022-08-23,MTNGH,1.11,0.75,0.95,0.95,0.91,0.91,-0.04,933028.0,849515.96
2022-08-24,MTNGH,1.11,0.75,0.91,0.91,0.91,0.91,0.0,15392.0,14006.72
2022-08-25,MTNGH,1.11,0.75,0.91,0.91,0.91,0.91,0.0,3076.0,2799.16
2022-08-26,MTNGH,1.11,0.75,0.91,0.91,0.91,0.91,0.0,9219.0,8389.29
2022-08-29,MTNGH,1.11,0.75,0.91,0.91,0.91,0.91,0.0,28011.0,25490.01
2022-08-30,MTNGH,1.11,0.75,0.91,0.91,0.91,0.91,0.0,1372705.0,1249161.55
2022-08-31,MTNGH,1.11,0.75,0.91,0.91,0.91,0.91,0.0,13727.0,12491.57
2022-09-01,MTNGH,1.11,0.75,0.91,0.91,0.91,0.91,0.0,3826.0,3481.66
2022-09-02,MTNGH,1.11,0.75,0.91,0.91,0.91,0.91,0.0,2851.0,2594.41
2022-09-05,MTNGH,1.11,0.75,0.91,0.91,0.91,0.91,0.0,18255.0,16612.05
2022-09-06,MTNGH,1.11,0.75,0.91,0.91,0.91,0.91,0.0,1285019.0,1169367.29
2022-09-07,MTNGH,1.11,0.75,0.91,0.91,0.91,0.91,0.0,7667.0,6976.97
2022-09-08,MTNGH,1.11,0.75,0.91,0.91,0.91,0.91,0.0,20145.0,18331.95
2022-09-09,MTNGH,1.11,0.75,0.91,0.91,0.91,0.91,0.0,119095.0,108376.45
2022-09-12,MTNGH,1.11,0.75,0.91,0.91,0.91,0.91,0.0,8624722.0,7848497.02
2022-09-13,MTNGH,1.11,0.75,0.91,0.91,0.91,0.91,0.0,532.0,484.12
2022-09-14,MTNGH,1.11,0.75,0.91,0.91,0.91,0.91,0.0,11872.0,10803.52
2022-09-15,MTNGH,1.11,0.75,0.91,0.91,0.91,0.91,0.0,130929.0,119145.39
2022-09-16,MTNGH,1.11,0.75,0.91,0.91,0.91,0.91,0.0,11558.0,10517.78
2022-09-19,MTNGH,1.11,0.75,0.91,0.91,0.91,0.91,0.0,84538.0,76929.58
2022-09-20,MTNGH,1.11,0.75,0.91,0.91,0.91,0.91,0.0,6202.0,5643.82
2022-09-22,MTNGH,1.11,0.75,0.91,0.91,0.91,0.91,0.0,34434.0,31334.94
2022-09-23,MTNGH,1.11,0.75,0.91,0.91,0.91,0.91,0.0,561433.0,510904.03
2022-09-27,MTNGH,1.11,0.75,0.91,0.91,0.91,0.88,-0.03,12267117.0,10796977.77
2022-09-28,MTNGH,1.11,0.75,0.88,0.88,0.88,0.88,0.0,3380.0,2974.4
2022-09-29,MTNGH,1.11,0.75,0.88,0.88,0.88,0.88,0.0,1545.0,1359.6
2022-09-30,MTNGH,1.11,0.75,0.88,0.88,0.88,0.88,0.0,18329904.0,16130315.52
2022-10-03,MTNGH,1.11,0.75,0.88,0.88,0.88,0.88,0.0,3212346.0,2826864.48
2022-10-04,MTNGH,1.11,0.75,0.88,0.88,0.88,0.88,0.0,0.0,0.0
2022-10-05,MTNGH,1.11,0.75,0.88,0.88,0.88,0.88,0.0,339426.0,298694.88
2022-10-06,MTNGH,1.11,0.75,0.88,0.88,0.88,0.88,0.0,843.0,741.84
2022-10-07,MTNGH,1.11,0.75,0.88,0.88,0.88,0.88,0.0,93027.0,81863.76
2022-10-10,MTNGH,1.11,0.75,0.88,0.88,0.88,0.88,0.0,36628.0,32232.64
2022-10-11,MTNGH,1.11,0.75,0.88,0.88,0.88,0.88,0.0,43656.0,38417.28
2022-10-12,MTNGH,1.11,0.75,0.88,0.88,0.88,0.88,0.0,152429.0,134137.52
2022-10-13,MTNGH,1.11,0.75,0.88,0.88,0.88,0.88,0.0,2571308.0,2262751.04
2022-10-14,MTNGH,1.11,0.75,0.88,0.88,0.88,0.88,0.0,2727.0,2399.76
2022-10-17,MTNGH,1.11,0.75,0.88,0.88,0.88,0.88,0.0,4562.0,4014.56
2022-10-18,MTNGH,1.11,0.75,0.88,0.88,0.88,0.88,0.0,31665.0,27746.42
2022-10-19,MTNGH,1.11,0.75,0.88,0.88,0.88,0.88,0.0,22767.0,20034.96
2022-10-20,MTNGH,1.11,0.75,0.88,0.88,0.8,0.8,-0.08,195348.0,156367.76
2022-10-21,MTNGH,1.11,0.75,0.8,0.8,0.8,0.8,0.0,104128.0,83302.4
2022-10-24,MTNGH,1.11,0.75,0.8,0.8,0.88,0.87,0.07,471355.0,409199.92
2022-10-25,MTNGH,1.11,0.75,0.87,0.87,0.88,0.88,0.01,10876638.0,9571441.44
2022-10-26,MTNGH,1.11,0.75,0.88,0.88,0.88,0.88,0.0,25705.0,22620.4
2022-10-27,MTNGH,1.11,0.75,0.88,0.88,0.88,0.88,0.0,13456.0,11841.28
2022-10-28,MTNGH,1.11,0.75,0.88,0.88,0.88,0.88,0.0,1098947.0,967073.36
2022-10-31,MTNGH,1.11,0.75,0.88,0.88,0.88,0.88,0.0,23588.0,20757.44
2022-11-01,MTNGH,1.11,0.75,0.88,0.88,0.88,0.88,0.0,57887.0,50940.56
2022-11-02,MTNGH,1.11,0.75,0.88,0.88,0.88,0.87,-0.01,103236.0,89427.7
2022-11-03,MTNGH,1.11,0.75,0.87,0.87,0.88,0.87,0.0,13009.0,11317.83
2022-11-04,MTNGH,1.11,0.75,0.87,0.87,0.88,0.88,0.01,155589.0,136160.22
2022-11-07,MTNGH,1.11,0.75,0.88,0.88,0.88,0.88,0.0,29648.0,26090.24
2022-11-08,MTNGH,1.11,0.75,0.88,0.88,0.88,0.88,0.0,175416.0,154366.08
2022-11-09,MTNGH,1.11,0.75,0.88,0.88,0.88,0.88,0.0,22626.0,19910.88
2022-11-10,MTNGH,1.11,0.75,0.88,0.88,0.88,0.88,0.0,2406.0,2117.28
2022-11-11,MTNGH,1.11,0.75,0.88,0.88,0.87,0.87,-0.01,30268.0,26347.95
2022-11-14,MTNGH,1.11,0.75,0.87,0.87,0.87,0.87,0.0,17164.0,14932.68
2022-11-15,MTNGH,1.11,0.75,0.87,0.87,0.87,0.87,0.0,26359.0,22932.33
2022-11-16,MTNGH,1.11,0.75,0.87,0.87,0.88,0.88,0.01,1105454.0,972574.48
2022-11-17,MTNGH,1.11,0.75,0.88,0.88,0.88,0.88,0.0,307394.0,270506.72
2022-11-18,MTNGH,1.11,0.75,0.88,0.88,0.88,0.88,0.0,1770.0,1557.6
2022-11-21,MTNGH,1.11,0.75,0.88,0.88,0.88,0.88,0.0,5342.0,4700.96
2022-11-22,MTNGH,1.11,0.75,0.88,0.88,0.88,0.88,0.0,3569.0,3140.72
2022-11-23,MTNGH,1.11,0.75,0.88,0.88,0.88,0.88,0.0,2093784.0,1842537.92
2022-11-24,MTNGH,1.11,0.75,0.88,0.88,0.88,0.88,0.0,128096.0,112724.48
2022-11-25,MTNGH,1.11,0.75,0.88,0.88,0.88,0.88,0.0,1451.0,1276.88
2022-11-28,MTNGH,1.11,0.75,0.88,0.88,0.88,0.88,0.0,8574.0,7545.12
2022-11-29,MTNGH,1.11,0.75,0.88,0.88,0.88,0.88,0.0,23155.0,20376.4
2022-11-30,MTNGH,1.11,0.75,0.88,0.88,0.88,0.88,0.0,1578.0,1388.64
2022-12-01,MTNGH,1.11,0.75,0.88,0.88,0.88,0.88,0.0,28146.0,24768.48
2022-12-05,MTNGH,1.11,0.75,0.88,0.88,0.88,0.88,0.0,123056.0,108289.28
2022-12-06,MTNGH,1.11,0.75,0.88,0.88,0.88,0.88,0.0,24676.0,21714.88
2022-12-07,MTNGH,1.11,0.75,0.88,0.88,0.88,0.88,0.0,18099.0,15927.12
2022-12-08,MTNGH,1.11,0.75,0.88,0.88,0.88,0.88,0.0,9631.0,8475.28
2022-12-09,MTNGH,1.11,0.75,0.88,0.88,0.88,0.88,0.0,81151.0,71412.88
2022-12-12,MTNGH,1.11,0.75,0.88,0.88,0.88,0.88,0.0,5095.0,4483.6
2022-12-13,MTNGH,1.11,0.75,0.88,0.88,0.88,0.88,0.0,268019.0,235856.72
2022-12-14,MTNGH,1.11,0.75,0.88,0.88,0.88,0.88,0.0,17697.0,15573.36
2022-12-15,MTNGH,1.11,0.75,0.88,0.88,0.88,0.88,0.0,368345.0,324219.92
2022-12-16,MTNGH,1.11,0.75,0.88,0.88,0.88,0.88,0.0,10006592.0,8805800.96
2022-12-19,MTNGH,1.11,0.75,0.88,0.88,0.88,0.88,0.0,48185.0,42402.8
2022-12-20,MTNGH,1.11,0.75,0.88,0.88,0.88,0.88,0.0,1108.0,975.04
2022-12-21,MTNGH,1.11,0.75,0.88,0.88,0.88,0.88,0.0,3519.0,3096.72
2022-12-22,MTNGH,1.11,0.75,0.88,0.88,0.88,0.88,0.0,19140.0,16843.2
2022-12-23,MTNGH,1.11,0.75,0.88,0.88,0.88,0.88,0.0,13085112.0,11514898.56
2022-12-28,MTNGH,1.11,0.75,0.88,0.88,0.88,0.88,0.0,18234.0,16045.92
2022-12-29,MTNGH,1.11,0.75,0.88,0.88,0.88,0.88,0.0,149962.0,131966.56
2022-12-30,MTNGH,1.11,0.75,0.88,0.88,0.88,0.88,0.0,236979.0,208541.52
2023-01-03,MTNGH,0.88,0.88,0.88,0.88,0.88,0.88,0.0,38280.0,33686.4
2023-01-04,MTNGH,0.88,0.88,0.88,0.88,0.88,0.88,0.0,27511.0,24209.68
2023-01-05,MTNGH,0.88,0.88,0.88,0.88,0.88,0.88,0.0,4291.0,3776.08
2023-01-06,MTNGH,0.88,0.88,0.88,0.88,0.88,0.88,0.0,7529.0,6625.52
2023-01-09,MTNGH,1.4,1.4,1.4,1.4,1.4,1.4,0.0,28039.0,39254.6
2023-01-10,MTNGH,0.88,0.88,0.88,0.88,0.88,0.88,0.0,100.0,88.0
2023-01-11,MTNGH,0.88,0.88,0.88,0.88,0.88,0.88,0.0,43816.0,38558.08
2023-01-12,MTNGH,0.88,0.88,0.88,0.88,0.88,0.88,0.0,7456.0,6599.78
2023-01-13,MTNGH,0.88,0.88,0.88,0.88,0.88,0.88,0.0,21045.0,18519.6
2023-01-16,MTNGH,0.88,0.88,0.88,0.88,0.88,0.88,0.0,31851.0,28028.88
2023-01-17,MTNGH,0.88,0.88,0.88,0.88,0.88,0.88,0.0,225761.0,198669.68
2023-01-18,MTNGH,0.88,0.88,0.88,0.88,0.88,0.88,0.0,49199.0,43295.12
2023-01-19,MTNGH,0.88,0.88,0.88,0.88,0.88,0.88,0.0,19376.0,17050.88
2023-01-20,MTNGH,0.88,0.88,0.88,0.88,0.88,0.88,0.0,3241.0,2852.08
2023-01-23,MTNGH,0.88,0.88,0.88,0.88,0.88,0.88,0.0,2142.0,1884.96
2023-01-24,MTNGH,0.88,0.88,0.88,0.88,0.88,0.88,0.0,27150.0,23892.0
2023-01-26,MTNGH,0.88,0.88,0.88,0.88,0.88,0.88,0.0,11737.0,10328.56
2023-01-27,MTNGH,0.88,0.88,0.88,0.88,0.88,0.88,0.0,5870.0,5165.6
2023-01-30,MTNGH,0.88,0.82,0.88,0.88,0.82,0.82,-0.06,102831.0,84491.28
2023-01-31,MTNGH,0.88,0.82,0.82,0.82,0.82,0.82,0.0,38790.0,31807.8
2023-02-01,MTNGH,0.88,0.82,0.82,0.82,0.87,0.87,0.05,19702.0,17140.59
2023-02-03,MTNGH,0.88,0.82,0.87,0.87,0.82,0.82,-0.05,147601.0,121227.37
2023-02-06,MTNGH,0.88,0.82,0.82,0.82,0.88,0.88,0.06,188568.0,165939.84
2023-02-07,MTNGH,0.88,0.82,0.88,0.88,0.88,0.88,0.0,29775.0,26202.0
2023-02-08,MTNGH,0.88,0.82,0.88,0.88,0.88,0.88,0.0,2406.0,2117.28
2023-02-09,MTNGH,0.88,0.82,0.88,0.88,0.88,0.88,0.0,13812.0,12154.56
2023-02-10,MTNGH,0.88,0.82,0.88,0.88,0.88,0.88,0.0,2751.0,2420.88
2023-02-13,MTNGH,0.9,0.82,0.88,0.88,0.9,0.9,0.02,21828.0,19633.0
2023-02-14,MTNGH,0.9,0.82,0.9,0.9,0.9,0.9,0.0,4734.0,4260.6
2023-02-15,MTNGH,0.9,0.82,0.9,0.9,0.9,0.9,0.0,1331.0,1197.9
2023-02-16,MTNGH,0.9,0.82,0.9,0.9,0.9,0.9,0.0,3139.0,2825.1
2023-02-17,MTNGH,0.9,0.82,0.9,0.9,0.9,0.9,0.0,200.0,180.0
2023-02-20,MTNGH,0.9,0.82,0.9,0.9,0.9,0.9,0.0,0.0,0.0
2023-02-21,MTNGH,0.9,0.82,0.9,0.9,0.9,0.9,0.0,3324.0,2991.6
2023-02-22,MTNGH,0.9,0.82,0.9,0.9,0.9,0.9,0.0,156830.0,141787.0
2023-02-23,MTNGH,0.92,0.82,0.9,0.9,0.92,0.92,0.02,14221.0,13083.32
2023-02-24,MTNGH,0.92,0.82,0.92,0.92,0.92,0.92,0.0,10744.0,9884.48
2023-02-27,MTNGH,0.92,0.82,0.92,0.92,0.92,0.92,0.0,6248.0,5748.16
2023-02-28,MTNGH,0.92,0.82,0.92,0.92,0.92,0.92,0.0,3236.0,2977.12
2023-03-01,MTNGH,0.92,0.82,0.92,0.92,0.92,0.92,0.0,10933.0,10058.36
2023-03-02,MTNGH,0.93,0.82,0.92,0.92,0.93,0.93,0.01,199123.0,185084.52
2023-03-03,MTNGH,0.93,0.82,0.93,0.93,0.93,0.93,0.0,29866.0,27775.38
2023-03-07,MTNGH,0.93,0.82,0.93,0.93,0.93,0.93,0.0,13334.0,12400.62
2023-03-08,MTNGH,0.93,0.82,0.93,0.93,0.93,0.93,0.0,35724.0,33277.78
2023-03-09,MTNGH,0.95,0.82,0.93,0.93,0.95,0.95,0.02,6628.0,6298.11
2023-03-10,MTNGH,1.0,0.82,0.95,0.95,1.0,1.0,0.05,3198378.0,3198375.08
2023-03-13,MTNGH,1.03,0.82,1.0,1.0,1.03,1.03,0.03,2000.0,2060.0
2023-03-14,MTNGH,1.1,0.82,1.03,1.03,1.1,1.1,0.07,10040.0,10911.05
2023-03-15,MTNGH,1.16,0.82,1.1,1.1,1.16,1.16,0.06,5006.0,5805.55
2023-03-16,MTNGH,1.2,0.82,1.16,1.16,1.2,1.2,0.04,1914765.0,2296063.0
2023-03-17,MTNGH,1.2,0.82,1.2,1.2,1.2,1.2,0.0,45540.0,54648.0
2023-03-20,MTNGH,1.2,0.82,1.2,1.2,1.2,1.2,0.0,124584.0,149500.8
2023-03-21,MTNGH,1.2,0.82,1.2,1.2,1.2,1.2,0.0,311574.0,373888.8
2023-03-22,MTNGH,1.2,0.82,1.2,1.2,1.2,1.2,0.0,1256189.0,1507426.8
2023-03-23,MTNGH,1.3,0.82,1.2,1.2,1.3,1.3,0.1,9544.0,12211.2
2023-03-24,MTNGH,1.3,0.82,1.3,1.3,1.3,1.3,0.0,159785010.0,142993514.42
2023-03-27,MTNGH,1.3,0.82,1.3,1.3,1.3,1.3,0.0,607703.0,790013.9
2023-03-28,MTNGH,1.3,0.82,1.3,1.3,1.3,1.3,0.0,912656.0,1186452.8
2023-03-29,MTNGH,1.3,0.82,1.3,1.3,1.3,1.3,0.0,1947.0,2531.1
2023-03-30,MTNGH,1.3,0.82,1.3,1.3,1.23,1.22,-0.08,32760.0,40212.68
2023-03-31,MTNGH,1.3,0.82,1.22,1.22,1.25,1.25,0.03,1189699.0,1487405.15
2023-04-03,MTNGH,1.3,0.82,1.25,1.25,1.26,1.26,0.01,2776.0,3497.76
2023-04-04,MTNGH,1.3,0.82,1.26,1.26,1.26,1.26,0.0,129179.0,162765.54
2023-04-05,MTNGH,1.3,0.82,1.26,1.26,1.26,1.26,0.0,29316.0,36938.16
2023-04-06,MTNGH,1.3,0.82,1.26,1.26,1.26,1.26,0.0,80120.0,100951.2
2023-04-11,MTNGH,1.3,0.82,1.26,1.26,1.26,1.26,0.0,10700.0,13482.0
2023-04-12,MTNGH,1.3,0.82,1.26,1.26,1.2,1.2,-0.06,3505303.0,4206787.78
2023-04-13,MTNGH,1.3,0.82,1.2,1.2,1.2,1.2,0.0,66547.0,79856.4
2023-04-14,MTNGH,1.3,0.82,1.2,1.2,1.2,1.2,0.0,67693.0,81232.2
2023-04-17,MTNGH,1.3,0.82,1.2,1.2,1.2,1.2,0.0,11550.0,13860.0
2023-04-18,MTNGH,1.3,0.82,1.2,1.2,1.2,1.2,0.0,75625.0,90750.0
2023-04-19,MTNGH,1.3,0.82,1.2,1.2,1.2,1.2,0.0,17153.0,20583.6
2023-04-20,MTNGH,1.3,0.82,1.2,1.2,1.2,1.2,0.0,10980.0,13238.0
2023-04-21,MTNGH,1.3,0.82,1.2,1.2,1.26,1.26,0.06,3559.0,4461.74
2023-04-25,MTNGH,1.3,0.82,1.26,1.26,1.26,1.26,0.0,551025.0,694291.5
2023-04-26,MTNGH,1.3,0.82,1.26,1.26,1.26,1.26,0.0,3979.0,5013.54
2023-04-27,MTNGH,1.3,0.82,1.26,1.26,1.26,1.26,0.0,3659.0,4610.34
2023-04-28,MTNGH,1.3,0.82,1.26,1.26,1.26,1.26,0.0,3279.0,4131.54
2023-05-02,MTNGH,1.3,0.82,1.26,1.26,1.25,1.25,-0.01,4108756.0,5135962.01
2023-05-03,MTNGH,1.3,0.82,1.25,1.25,1.25,1.25,0.0,2682.0,3370.5
2023-05-04,MTNGH,1.3,0.82,1.25,1.25,1.25,1.25,0.0,13776.0,17220.0
2023-05-05,MTNGH,1.3,0.82,1.25,1.25,1.2,1.2,-0.05,1420493.0,1705162.1
2023-05-08,MTNGH,1.3,0.82,1.2,1.2,1.25,1.25,0.05,2992356.0,3740090.2
2023-05-09,MTNGH,1.3,0.82,1.25,1.25,1.25,1.25,0.0,15369.0,19211.25
2023-05-10,MTNGH,1.3,0.82,1.25,1.25,1.25,1.25,0.0,10761.0,13451.25
2023-05-11,MTNGH,1.3,0.82,1.25,1.25,1.25,1.25,0.0,16172.0,20215.0
2023-05-12,MTNGH,1.3,0.82,1.25,1.25,1.26,1.26,0.01,2741135.0,3453853.28
2023-05-15,MTNGH,1.3,0.82,1.26,1.26,1.26,1.26,0.0,124960.0,157449.6
2023-05-16,MTNGH,1.3,0.82,1.26,1.26,1.26,1.26,0.0,3552.0,4475.52
2023-05-17,MTNGH,1.3,0.82,1.26,1.26,1.14,1.14,-0.12,2939658.0,3354644.02
2023-05-18,MTNGH,1.3,0.82,1.14,1.14,1.14,1.14,0.0,11548.0,13164.72
2023-05-19,MTNGH,1.3,0.82,1.14,1.14,1.14,1.14,0.0,18478.0,21064.92
2023-05-22,MTNGH,1.3,0.82,1.14,1.14,1.13,1.13,-0.01,1969446.0,2225473.98
2023-05-23,MTNGH,1.3,0.82,1.13,1.13,1.11,1.11,-0.02,27300.0,30306.93
2023-05-24,MTNGH,1.3,0.82,1.11,1.11,1.1,1.1,-0.01,648752.0,713631.22
2023-05-25,MTNGH,1.3,0.82,1.1,1.1,1.1,1.1,0.0,1097201.0,1206915.1
2023-05-26,MTNGH,1.3,0.82,1.1,1.1,1.1,1.1,0.0,14372.0,15809.2
2023-05-29,MTNGH,1.3,0.82,1.1,1.1,1.08,1.08,-0.02,26028.0,28245.86
2023-05-30,MTNGH,1.3,0.82,1.08,1.08,1.09,1.09,0.01,173350.0,189118.0
2023-05-31,MTNGH,1.3,0.82,1.09,1.09,1.09,1.09,0.0,230.0,250.7
2023-06-01,MTNGH,1.3,0.82,1.09,1.09,1.09,1.09,0.0,54524.0,59431.16
2023-06-02,MTNGH,1.3,0.82,1.09,1.09,1.09,1.09,0.0,17643.0,19230.87
2023-06-05,MTNGH,1.3,0.82,1.09,1.09,1.09,1.09,0.0,6204.0,6762.36
2023-06-07,MTNGH,1.3,0.82,1.1,1.1,1.19,1.19,0.09,66300.0,78897.0
2023-06-08,MTNGH,1.3,0.82,1.19,1.19,1.19,1.19,0.0,440.0,523.6
2023-06-09,MTNGH,1.3,0.82,1.19,1.19,1.19,1.19,0.0,596.0,709.24
2023-06-12,MTNGH,1.3,0.82,1.19,1.19,1.19,1.19,0.0,8031.0,9556.89
2023-06-13,MTNGH,1.3,0.82,1.19,1.19,1.19,1.19,0.0,2127.0,2531.13
2023-06-14,MTNGH,1.3,0.82,1.19,1.19,1.19,1.19,0.0,5396.0,6421.24
2023-06-15,MTNGH,1.3,0.82,1.19,1.19,1.19,1.19,0.0,3108.0,3698.52
2023-06-16,MTNGH,1.3,0.82,1.19,1.19,1.19,1.19,0.0,150.0,178.5
2023-06-19,MTNGH,1.3,0.82,1.19,1.19,1.24,1.24,0.05,102771.0,127145.14
2023-06-20,MTNGH,1.3,0.82,1.24,1.24,1.24,1.24,0.0,117275.0,145421.0
2023-06-21,MTNGH,1.3,0.82,1.24,1.24,1.23,1.23,-0.01,7675.0,9451.32
2023-06-22,MTNGH,1.3,0.82,1.23,1.23,1.29,1.24,0.01,13593.0,16934.79
2023-06-23,MTNGH,1.3,0.82,1.24,1.24,1.3,1.26,0.02,12023.0,15066.72
2023-06-26,MTNGH,1.3,0.82,1.26,1.28,1.3,1.3,0.04,7999.0,10327.72
2023-06-27,MTNGH,1.32,0.82,1.3,1.3,1.32,1.32,0.02,11939.0,15759.48
2023-06-29,MTNGH,1.32,0.82,1.32,1.32,1.32,1.32,0.0,5778.0,7626.96
2023-06-30,MTNGH,1.32,0.82,1.32,1.32,1.32,1.32,0.0,8360.0,11035.2
2023-07-03,MTNGH,1.32,0.82,1.32,1.32,1.32,1.32,0.0,33629.0,44390.28
2023-07-04,MTNGH,1.32,0.82,1.32,1.32,1.32,1.32,0.0,171453.0,226876.15
2023-07-05,MTNGH,1.33,0.82,1.32,1.32,1.33,1.33,0.01,23675.0,31392.99
2023-07-06,MTNGH,1.33,0.82,1.33,1.33,1.33,1.33,0.0,7815.0,10393.95
2023-07-07,MTNGH,1.45,0.82,1.33,1.33,1.45,1.45,0.12,4519006.0,6552558.7
2023-07-10,MTNGH,1.45,0.82,1.45,1.45,1.45,1.45,0.0,2238.0,3245.1
2023-07-11,MTNGH,1.45,0.82,1.45,1.45,1.45,1.45,0.0,76500.0,110925.0
2023-07-12,MTNGH,1.45,0.82,1.45,1.45,1.32,1.36,-0.09,47034.0,64374.05
2023-07-13,MTNGH,1.45,0.82,1.36,1.36,1.36,1.36,0.0,35394.0,48135.84
2023-07-14,MTNGH,1.45,0.82,1.36,1.36,1.36,1.36,0.0,2873.0,3907.28
2023-07-17,MTNGH,1.45,0.82,1.36,1.36,1.36,1.36,0.0,3380.0,4596.8
2023-07-18,MTNGH,1.45,0.82,1.36,1.36,1.36,1.36,0.0,8672.0,11793.92
2023-07-19,MTNGH,1.45,0.82,1.36,1.36,1.36,1.36,0.0,1112.0,1512.32
2023-07-20,MTNGH,1.45,0.82,1.36,1.36,1.36,1.36,0.0,14225.0,19346.0
2023-07-21,MTNGH,1.45,0.82,1.36,1.36,1.36,1.36,0.0,2100.0,2856.0
2023-07-24,MTNGH,1.45,0.82,1.36,1.36,1.36,1.36,0.0,3114940.0,4236318.4
2023-07-25,MTNGH,1.45,0.82,1.36,1.36,1.4,1.4,0.04,3205.0,4484.2
2023-07-26,MTNGH,1.45,0.82,1.4,1.4,1.4,1.4,0.0,11392.0,15948.8
2023-07-27,MTNGH,1.45,0.82,1.4,1.4,1.4,1.4,0.0,1428.0,2012.32
2023-07-28,MTNGH,1.45,0.82,1.4,1.4,1.45,1.43,0.03,29639.0,42279.27
2023-07-31,MTNGH,1.45,0.82,1.43,1.43,1.45,1.43,0.0,2593.0,3707.99
2023-08-01,MTNGH,1.55,0.82,1.43,1.43,1.55,1.55,0.12,5004292.0,7756525.4
2023-08-02,MTNGH,1.55,0.82,1.55,1.55,1.55,1.55,0.0,415725.0,644373.75
2023-08-07,MTNGH,1.55,0.82,1.55,1.55,1.54,1.54,-0.01,32858.0,50601.36
2023-08-08,MTNGH,1.55,0.82,1.54,1.54,1.41,1.53,-0.01,23524.0,36096.96
2023-08-09,MTNGH,1.55,0.82,1.53,1.53,1.41,1.53,0.0,13145.0,20111.85
2023-08-10,MTNGH,1.55,0.82,1.53,1.53,1.41,1.53,0.0,30777.0,47088.81
2023-08-11,MTNGH,1.55,0.82,1.53,1.53,1.5,1.5,-0.03,964994.0,1447491.0
2023-08-15,MTNGH,1.55,0.82,1.5,1.5,1.5,1.5,0.0,195034.0,292551.0
2023-08-16,MTNGH,1.55,0.82,1.5,1.5,1.5,1.5,0.0,10127.0,15190.5
2023-08-18,MTNGH,1.55,0.82,1.5,1.5,1.5,1.5,0.0,18225.0,27291.2
2023-08-21,MTNGH,1.55,0.82,1.5,1.5,1.5,1.5,0.0,226.0,339.0
2023-08-22,MTNGH,1.55,0.82,1.5,1.5,1.5,1.5,0.0,74864.0,112296.0
2023-08-23,MTNGH,1.55,0.82,1.5,1.5,1.5,1.5,0.0,5694.0,8541.0
2023-08-24,MTNGH,1.55,0.82,1.5,1.5,1.5,1.5,0.0,21895.0,32842.5
2023-08-25,MTNGH,1.55,0.82,1.5,1.5,1.5,1.5,0.0,82368.0,123552.0
2023-08-28,MTNGH,1.55,0.82,1.5,1.5,1.5,1.5,0.0,2089.0,3133.5
2023-08-29,MTNGH,1.55,0.82,1.5,1.5,1.5,1.5,0.0,36989.0,55483.5
2023-08-30,MTNGH,1.55,0.82,1.5,1.5,1.5,1.5,0.0,85879.0,128818.5
2023-09-01,MTNGH,1.55,0.82,1.48,1.48,1.45,1.45,-0.03,206493.0,299609.64
2023-09-04,MTNGH,1.55,0.82,1.45,1.45,1.45,1.45,0.0,28199436.0,38071670.0
2023-09-05,MTNGH,1.55,0.82,1.45,1.45,1.45,1.45,0.0,35293.0,51174.85
2023-09-06,MTNGH,1.55,0.82,1.45,1.45,1.45,1.45,0.0,33842.0,49070.9
2023-09-07,MTNGH,1.55,0.82,1.45,1.45,1.45,1.45,0.0,3965196.0,5749534.2
2023-09-08,MTNGH,1.55,0.82,1.45,1.45,1.45,1.45,0.0,286024.0,414734.8
2023-09-11,MTNGH,1.55,0.82,1.45,1.45,1.45,1.45,0.0,5196648.0,7535118.48
2023-09-12,MTNGH,1.55,0.82,1.45,1.45,1.45,1.45,0.0,24638.0,35725.1
2023-09-13,MTNGH,1.55,0.82,1.45,1.45,1.45,1.45,0.0,113487.0,164556.15
2023-09-14,MTNGH,1.55,0.82,1.45,1.45,1.45,1.45,0.0,25186.0,36519.7
2023-09-15,MTNGH,1.55,0.82,1.45,1.45,1.45,1.45,0.0,39364.0,57077.8
2023-09-18,MTNGH,1.55,0.82,1.45,1.45,1.45,1.45,0.0,38573.0,55930.85
2023-09-19,MTNGH,1.55,0.82,1.45,1.45,1.45,1.45,0.0,6092.0,8833.4
2023-09-20,MTNGH,1.55,0.82,1.45,1.45,1.45,1.45,0.0,8538.0,12380.1
2023-09-22,MTNGH,1.55,0.82,1.45,1.45,1.45,1.45,0.0,11149346.0,15498487.6
2023-09-25,MTNGH,1.55,0.82,1.45,1.45,1.45,1.45,0.0,67260.0,97527.0
2023-09-26,MTNGH,1.55,0.82,1.45,1.45,1.45,1.45,0.0,170278.0,246903.1
2023-09-27,MTNGH,1.55,0.82,1.45,1.45,1.45,1.45,0.0,47454.0,68788.3
2023-09-28,MTNGH,1.55,0.82,1.45,1.45,1.45,1.45,0.0,14960.0,21692.0
2023-09-29,MTNGH,1.55,0.82,1.45,1.45,1.45,1.45,0.0,5004057.0,7155882.65
2023-10-02,MTNGH,1.55,0.82,1.45,1.45,1.44,1.44,-0.01,4505550.0,6487992.0
2023-10-03,MTNGH,1.55,0.82,1.44,1.44,1.44,1.44,0.0,20144.0,29008.36
2023-10-04,MTNGH,1.55,0.82,1.44,1.44,1.4,1.4,-0.04,93858.0,131789.52
2023-10-05,MTNGH,1.55,0.82,1.4,1.4,1.4,1.4,0.0,235617.0,329863.8
2023-10-06,MTNGH,1.55,0.82,1.4,1.4,1.4,1.4,0.0,8789.0,12304.6
2023-10-09,MTNGH,1.55,0.82,1.4,1.4,1.4,1.4,0.0,3423.0,4792.2
2023-10-10,MTNGH,1.55,0.82,1.4,1.4,1.4,1.4,0.0,913.0,1280.6
2023-10-11,MTNGH,1.55,0.82,1.4,1.4,1.4,1.4,0.0,8703.0,12184.2
2023-10-12,MTNGH,1.55,0.82,1.4,1.4,1.4,1.4,0.0,760.0,1064.0
2023-10-13,MTNGH,1.55,0.82,1.4,1.4,1.4,1.4,0.0,274061.0,383685.4
2023-10-16,MTNGH,1.55,0.82,1.4,1.4,1.4,1.4,0.0,14470.0,20258.0
2023-10-17,MTNGH,1.55,0.82,1.4,1.4,1.4,1.4,0.0,41940.0,58716.0
2023-10-18,MTNGH,1.55,0.82,1.4,1.4,1.38,1.38,-0.02,173815.0,239878.3
2023-10-19,MTNGH,1.55,0.82,1.38,1.38,1.38,1.38,0.0,16120.0,22245.6
2023-10-20,MTNGH,1.55,0.82,1.38,1.38,1.38,1.38,0.0,25056.0,34577.28
2023-10-23,MTNGH,1.55,0.82,1.38,1.38,1.38,1.38,0.0,10952.0,15113.76
2023-10-24,MTNGH,1.55,0.82,1.38,1.38,1.38,1.38,0.0,210661.0,290712.18
2023-10-25,MTNGH,1.55,0.82,1.38,1.38,1.38,1.38,0.0,49535.0,68358.3
2023-10-26,MTNGH,1.55,0.82,1.38,1.38,1.38,1.38,0.0,165204.0,227981.52
2023-10-27,MTNGH,1.55,0.82,1.38,1.38,1.37,1.37,-0.0099999999999998,3003110.0,4114264.87
2023-10-30,MTNGH,1.55,0.82,1.37,1.37,1.37,1.37,0.0,90495.0,123978.15
2023-10-31,MTNGH,1.55,0.82,1.37,1.37,1.37,1.37,0.0,33836.0,46355.32
2023-11-01,MTNGH,1.55,0.82,1.37,1.37,1.37,1.37,0.0,68274.0,93531.98
2023-11-02,MTNGH,1.55,0.82,1.37,1.37,1.37,1.37,0.0,15220.0,20851.4
2023-11-03,MTNGH,1.55,0.82,1.37,1.37,1.37,1.37,0.0,18747.0,25683.39
2023-11-06,MTNGH,1.55,0.82,1.37,1.37,1.37,1.37,0.0,35385.0,48477.45
2023-11-07,MTNGH,1.55,0.82,1.37,1.37,1.36,1.36,-0.01,545615.0,742371.24
2023-11-08,MTNGH,1.55,0.82,1.36,1.36,1.37,1.37,0.01,4719.0,6465.03
2023-11-09,MTNGH,1.55,0.82,1.37,1.37,1.4,1.4,0.03,2910.0,4060.5
2023-11-10,MTNGH,1.55,0.82,1.4,1.4,1.4,1.4,0.0,7475.0,10465.0
2023-11-13,MTNGH,1.55,0.82,1.4,1.4,1.4,1.4,0.0,76558.0,107181.2
2023-11-14,MTNGH,1.55,0.82,1.4,1.4,1.4,1.4,0.0,44302.0,62022.8
2023-11-15,MTNGH,1.55,0.82,1.4,1.4,1.4,1.4,0.0,58620.0,82068.0
2023-11-16,MTNGH,1.55,0.82,1.4,1.4,1.4,1.4,0.0,12459.0,17442.6
2023-11-17,MTNGH,1.55,0.82,1.4,1.4,1.4,1.4,0.0,9328.0,13059.2
2023-11-20,MTNGH,1.55,0.82,1.4,1.4,1.4,1.4,0.0,383.0,536.2
2023-11-21,MTNGH,1.55,0.82,1.4,1.4,1.4,1.4,0.0,2258867.0,3162413.8
2023-11-22,MTNGH,1.55,0.82,1.4,1.4,1.4,1.4,0.0,12880.0,18032.0
2023-11-23,MTNGH,1.55,0.82,1.4,1.4,1.4,1.4,0.0,2141109.0,2997552.6
2023-11-24,MTNGH,1.55,0.82,1.4,1.4,1.4,1.4,0.0,71954220.0,92824548.72
2023-11-27,MTNGH,1.55,0.82,1.4,1.4,1.4,1.4,0.0,80120.0,112168.0
2023-11-28,MTNGH,1.55,0.82,1.4,1.4,1.4,1.4,0.0,86295.0,120813.0
2023-11-29,MTNGH,1.55,0.82,1.4,1.4,1.4,1.4,0.0,2839.0,3974.6
2023-11-30,MTNGH,1.55,0.82,1.4,1.4,1.4,1.4,0.0,52723360.0,68013482.0
2023-12-04,MTNGH,1.55,0.82,1.4,1.4,1.4,1.4,0.0,5681.0,7953.4
2023-12-05,MTNGH,1.55,0.82,1.4,1.4,1.4,1.4,0.0,1404.0,1965.6
2023-12-06,MTNGH,1.55,0.82,1.4,1.4,1.4,1.4,0.0,96479.0,135070.6
2023-12-07,MTNGH,1.55,0.82,1.4,1.4,1.4,1.4,0.0,6583.0,9216.2
2023-12-08,MTNGH,1.55,0.82,1.4,1.4,1.4,1.4,0.0,180.0,252.0
2023-12-11,MTNGH,1.55,0.82,1.4,1.4,1.4,1.4,0.0,122944.0,172131.6
2023-12-12,MTNGH,1.55,0.82,1.4,1.4,1.4,1.4,0.0,11001.0,15401.4
2023-12-13,MTNGH,1.55,0.82,1.4,1.4,1.4,1.4,0.0,4231.0,5933.4
2023-12-14,MTNGH,1.55,0.82,1.4,1.4,1.4,1.4,0.0,140065.0,195983.0
2023-12-15,MTNGH,1.55,0.82,1.4,1.4,1.35,1.35,-0.05,2279821.0,3086752.54
2023-12-18,MTNGH,1.55,0.82,1.35,1.35,1.35,1.35,0.0,9411.0,12704.85
2023-12-19,MTNGH,1.55,0.82,1.35,1.35,1.35,1.35,0.0,1069.0,1443.15
2023-12-20,MTNGH,1.55,0.82,1.35,1.35,1.4,1.4,0.05,269057.0,376197.96
2023-12-21,MTNGH,1.55,0.82,1.4,1.4,1.4,1.4,0.0,30675.0,42945.0
2023-12-22,MTNGH,1.55,0.82,1.4,1.4,1.4,1.4,0.0,1520448.0,2128627.2
2023-12-27,MTNGH,1.55,0.82,1.4,1.4,1.4,1.4,0.0,4419.0,6186.6
2023-12-28,MTNGH,1.55,0.82,1.4,1.4,1.4,1.4,0.0,2031.0,2843.4
2023-12-29,MTNGH,1.55,0.82,1.4,1.4,1.4,1.4,0.0,45509.0,63712.6
2024-01-02,MTNGH,1.4,1.4,1.4,1.4,1.4,1.4,0.0,2548.0,3567.2
2024-01-03,MTNGH,1.4,1.4,1.4,1.4,1.4,1.4,0.0,317551.0,444571.4
2024-01-04,MTNGH,1.4,1.4,1.4,1.4,1.4,1.4,0.0,3995620.0,5593868.0
2024-01-05,MTNGH,1.4,1.4,1.4,1.4,1.4,1.4,0.0,1323102.0,1852342.8
2024-01-10,MTNGH,1.4,1.4,1.4,1.4,1.4,1.4,0.0,318214.0,445499.6
2024-01-11,MTNGH,1.4,1.4,1.4,1.4,1.4,1.4,0.0,30536.0,42750.4
2024-01-12,MTNGH,1.4,1.4,1.4,1.4,1.4,1.4,0.0,5110050.0,7154070.0
2024-01-15,MTNGH,1.4,1.4,1.4,1.4,1.4,1.4,0.0,30850.0,43190.0
2024-01-16,MTNGH,1.4,1.4,1.4,1.4,1.4,1.4,0.0,679988.0,951983.2
2024-01-17,MTNGH,1.4,1.4,1.4,1.4,1.4,1.4,0.0,3479757.0,4871659.8
2024-01-18,MTNGH,1.4,1.4,1.4,1.4,1.4,1.4,0.0,11395.0,15953.0
2024-01-19,MTNGH,1.4,1.4,1.4,1.4,1.4,1.4,0.0,588.0,823.2
2024-01-22,MTNGH,1.4,1.4,1.4,1.4,1.4,1.4,0.0,305981.0,428373.4
2024-01-23,MTNGH,1.4,1.4,1.4,1.4,1.4,1.4,0.0,40672.0,56940.8
2024-01-24,MTNGH,1.4,1.4,1.4,1.4,1.4,1.4,0.0,16337.0,22871.8
2024-01-25,MTNGH,1.4,1.4,1.4,1.4,1.4,1.4,0.0,22586.0,31620.4
2024-01-26,MTNGH,1.4,1.4,1.4,1.4,1.4,1.4,0.0,22652.0,31712.8
2024-01-29,MTNGH,1.4,1.4,1.4,1.4,1.4,1.4,0.0,60548.0,84767.2
2024-01-30,MTNGH,1.4,1.4,1.4,1.4,1.4,1.4,0.0,33055.0,46277.0
2024-01-31,MTNGH,1.4,1.4,1.4,1.4,1.4,1.4,0.0,1821247.0,2549745.8
2024-02-01,MTNGH,1.4,1.4,1.4,1.4,1.4,1.4,0.0,11855.0,16597.0
2024-02-02,MTNGH,1.4,1.4,1.4,1.4,1.4,1.4,0.0,373900.0,523460.0
2024-02-05,MTNGH,1.4,1.4,1.4,1.4,1.4,1.4,0.0,169840.0,237776.0
2024-02-06,MTNGH,1.4,1.4,1.4,1.4,1.4,1.4,0.0,37418.0,52385.2
2024-02-07,MTNGH,1.4,1.4,1.4,1.4,1.4,1.4,0.0,337028.0,471839.2
2024-02-08,MTNGH,1.4,1.4,1.4,1.4,1.4,1.4,0.0,47606.0,66648.4
2024-02-09,MTNGH,1.4,1.4,1.4,1.4,1.4,1.4,0.0,237872.0,333020.8
2024-02-12,MTNGH,2.76,2.5,2.76,2.76,2.76,2.76,0.0,48450.0,133732.1
2024-02-12,MTNGH,1.4,1.4,1.4,1.4,1.4,1.4,0.0,177272.0,248180.8
2024-02-13,MTNGH,1.4,1.4,1.4,1.4,1.4,1.4,0.0,47729.0,66820.6
2024-02-14,MTNGH,1.4,1.4,1.4,1.4,1.4,1.4,0.0,141573.0,198202.2
2024-02-15,MTNGH,1.4,1.4,1.4,1.4,1.4,1.4,0.0,6004729.0,8406620.6
2024-02-16,MTNGH,1.4,1.4,1.4,1.4,1.4,1.4,0.0,34121.0,47769.4
2024-02-19,MTNGH,1.4,1.4,1.4,1.4,1.4,1.4,0.0,19988.0,27983.2
2024-02-20,MTNGH,1.4,1.4,1.4,1.4,1.4,1.4,0.0,8973.0,12562.2
2024-02-21,MTNGH,1.4,1.4,1.4,1.4,1.4,1.4,0.0,71627.0,100277.8
2024-02-22,MTNGH,1.4,1.4,1.4,1.4,1.4,1.4,0.0,106169.0,148636.6
2024-02-23,MTNGH,1.4,1.4,1.4,1.4,1.4,1.4,0.0,31267.0,43773.8
2024-02-26,MTNGH,1.4,1.4,1.4,1.4,1.4,1.4,0.0,25191.0,35267.4
2024-02-27,MTNGH,1.4,1.4,1.4,1.4,1.4,1.4,0.0,150300.0,210420.0
2024-02-28,MTNGH,1.4,1.39,1.4,1.4,1.35,1.39,-0.01,14945.0,20788.05
2024-02-29,MTNGH,1.4,1.39,1.39,1.39,1.41,1.4,0.01,857017.0,1199894.87
2024-03-01,MTNGH,1.44,1.39,1.4,1.4,1.41,1.44,0.04,2397262.0,3444813.74
2024-03-04,MTNGH,1.46,1.39,1.44,1.44,1.46,1.46,0.02,224662.0,328006.52
2024-03-05,MTNGH,1.46,1.39,1.46,1.46,1.46,1.46,0.0,45535.0,66554.74
2024-03-07,MTNGH,1.46,1.39,1.46,1.46,1.46,1.46,0.0,674301.0,984552.96
2024-03-08,MTNGH,1.49,1.39,1.46,1.46,1.48,1.49,0.03,30369.0,45090.66
2024-03-11,MTNGH,1.5,1.39,1.49,1.49,1.5,1.5,0.01,3209205.0,4813650.65
2024-03-12,MTNGH,1.5,1.39,1.5,1.5,1.55,1.5,0.0,9022095.0,13534415.39
2024-03-13,MTNGH,1.5,1.39,1.5,1.5,1.55,1.5,0.0,183191701.0,230826044.46
2024-03-14,MTNGH,1.5,1.39,1.5,1.5,1.55,1.5,0.0,0.0,0.0
2024-03-15,MTNGH,1.5,1.39,1.5,1.5,1.55,1.5,0.0,314.0,486.7
2024-03-18,MTNGH,1.55,1.39,1.5,1.5,1.55,1.55,0.05,6007210.0,9310815.0
2024-03-19,MTNGH,1.56,1.39,1.55,1.55,1.55,1.56,0.01,7107.0,11065.85
2024-03-20,MTNGH,1.57,1.39,1.56,1.56,1.57,1.57,0.01,22794.0,35708.64
2024-03-21,MTNGH,1.65,1.39,1.57,1.57,1.65,1.65,0.08,350366.0,577055.95
2024-03-22,MTNGH,1.65,1.39,1.65,1.65,1.65,1.65,0.0,75190.0,124063.5
2024-03-25,MTNGH,1.65,1.39,1.65,1.65,1.65,1.65,0.0,8521.0,14065.4
2024-03-26,MTNGH,1.65,1.39,1.65,1.65,1.57,1.6,-0.05,168202.0,270105.6
2024-03-27,MTNGH,1.65,1.39,1.6,1.6,1.58,1.58,-0.02,405362.0,638961.12
2024-03-28,MTNGH,1.65,1.39,1.58,1.58,1.58,1.58,0.0,212210.0,335291.8
2024-04-02,MTNGH,1.65,1.39,1.58,1.58,1.58,1.58,0.0,26785.0,42290.3
2024-04-03,MTNGH,1.65,1.39,1.58,1.58,1.58,1.58,0.0,4060.0,6414.8
2024-04-04,MTNGH,1.65,1.39,1.58,1.58,1.58,1.58,0.0,18260.0,28850.8
2024-04-05,MTNGH,1.65,1.39,1.58,1.58,1.57,1.57,-0.01,48035.0,75563.56
2024-04-08,MTNGH,1.65,1.39,1.57,1.57,1.56,1.56,-0.01,6156727.0,9606061.39
2024-04-09,MTNGH,1.65,1.39,1.56,1.56,1.56,1.56,0.0,13360.0,20841.6
2024-04-10,MTNGH,1.65,1.39,1.56,1.56,1.56,1.56,0.0,20507.0,31990.92
2024-04-12,MTNGH,1.65,1.39,1.56,1.56,1.56,1.56,0.0,11565.0,18041.4
2024-04-15,MTNGH,1.65,1.39,1.56,1.56,1.6,1.6,0.04,7444459.0,11909964.98
2024-04-16,MTNGH,1.65,1.39,1.6,1.6,1.6,1.6,0.0,8713074.0,13940918.4
2024-04-17,MTNGH,1.65,1.39,1.6,1.6,1.6,1.6,0.0,6957551.0,11113081.6
2024-04-18,MTNGH,1.65,1.39,1.6,1.6,1.6,1.6,0.0,12382.0,19811.2
2024-04-19,MTNGH,1.65,1.39,1.6,1.6,1.6,1.6,0.0,559518.0,895228.8
2024-04-22,MTNGH,1.65,1.39,1.6,1.6,1.6,1.6,0.0,0.0,0.0
2024-04-23,MTNGH,1.65,1.39,1.6,1.6,1.6,1.6,0.0,1909169.0,3054670.4
2024-04-24,MTNGH,1.65,1.39,1.6,1.6,1.62,1.6,0.0,911.0,1474.62
2024-04-25,MTNGH,1.65,1.39,1.6,1.6,1.62,1.6,0.0,1067370.0,1707822.59
2024-04-26,MTNGH,1.65,1.39,1.6,1.6,1.62,1.6,0.0,1308.0,2092.8
2024-04-29,MTNGH,1.65,1.39,1.6,1.6,1.65,1.64,0.04,21385.0,35076.2
2024-04-30,MTNGH,1.75,1.39,1.64,1.64,1.8,1.75,0.11,5730.0,10040.2
2024-05-02,MTNGH,1.75,1.39,1.75,1.75,1.8,1.75,0.0,323746.0,566472.05
2024-05-03,MTNGH,1.75,1.39,1.75,1.75,1.7,1.72,-0.03,396698.0,682161.75
2024-05-06,MTNGH,1.75,1.39,1.72,1.72,1.7,1.72,0.0,1598874.0,2750063.28
2024-05-07,MTNGH,1.75,1.39,1.72,1.72,1.7,1.72,0.0,2425616.0,4172059.52
2024-05-08,MTNGH,1.75,1.39,1.72,1.72,1.7,1.72,0.0,110191.0,189528.52
2024-05-09,MTNGH,1.75,1.39,1.72,1.72,1.7,1.72,0.0,21631.0,37205.32
2024-05-10,MTNGH,1.75,1.39,1.72,1.72,1.7,1.72,0.0,13515.0,23245.8
2024-05-13,MTNGH,1.75,1.39,1.72,1.72,1.75,1.75,0.03,190750752.0,261406919.0
2024-05-14,MTNGH,1.8,1.39,1.75,1.75,1.8,1.8,0.05,107631.0,193735.8
2024-05-15,MTNGH,1.8,1.39,1.8,1.8,1.8,1.8,0.0,31119311.0,56014759.8
2024-05-16,MTNGH,1.8,1.39,1.8,1.8,1.8,1.79,-0.01,57808.0,103254.4
2024-05-17,MTNGH,1.8,1.39,1.79,1.79,1.8,1.8,0.01,2438912.0,4390040.33
2024-05-20,MTNGH,1.8,1.39,1.8,1.8,1.8,1.8,0.0,24147.0,43464.6
2024-05-21,MTNGH,1.8,1.39,1.8,1.8,1.8,1.8,0.0,9022929.0,16241272.2
2024-05-22,MTNGH,1.8,1.39,1.8,1.8,1.8,1.8,0.0,10072683.0,18130829.4
2024-05-23,MTNGH,1.8,1.39,1.8,1.8,1.8,1.8,0.0,3209327.0,5776788.6
2024-05-24,MTNGH,1.8,1.39,1.8,1.8,1.8,1.8,0.0,30006.0,54010.8
2024-05-27,MTNGH,1.8,1.39,1.8,1.8,1.8,1.8,0.0,13970.0,25146.0
2024-05-28,MTNGH,1.8,1.39,1.8,1.8,1.8,1.8,0.0,41458.0,74624.4
2024-05-29,MTNGH,1.8,1.39,1.8,1.8,1.8,1.8,0.0,1598422.0,2877159.6
2024-05-30,MTNGH,1.8,1.39,1.8,1.8,1.8,1.8,0.0,711651.0,1280971.8
2024-05-31,MTNGH,1.8,1.39,1.8,1.8,1.8,1.8,0.0,10699.0,19258.2
2024-06-03,MTNGH,1.8,1.39,1.8,1.8,1.8,1.8,0.0,10398.0,18716.4
2024-06-04,MTNGH,1.8,1.39,1.8,1.8,1.8,1.8,0.0,21381.0,38485.8
2024-06-05,MTNGH,1.8,1.39,1.8,1.8,1.8,1.8,0.0,5215.0,9387.0
2024-06-06,MTNGH,1.8,1.39,1.8,1.8,1.8,1.8,0.0,14903.0,26825.4
2024-06-07,MTNGH,1.8,1.39,1.8,1.8,1.8,1.8,0.0,599028.0,1078250.4
2024-06-10,MTNGH,1.8,1.39,1.8,1.8,1.8,1.8,0.0,53823.0,96881.4
2024-06-11,MTNGH,1.8,1.39,1.8,1.8,1.8,1.8,0.0,58960.0,106128.0
2024-06-12,MTNGH,1.8,1.39,1.8,1.8,1.8,1.8,0.0,97293.0,175127.4
2024-06-13,MTNGH,1.8,1.39,1.8,1.8,1.8,1.8,0.0,118218.0,212792.4
2024-06-14,MTNGH,1.8,1.39,1.8,1.8,1.8,1.8,0.0,214318.0,385772.4
2024-06-18,MTNGH,1.8,1.39,1.8,1.8,1.8,1.8,0.0,16239.0,29230.2
2024-06-19,MTNGH,1.8,1.39,1.8,1.8,1.8,1.8,0.0,81376.0,146476.8
2024-06-20,MTNGH,1.8,1.39,1.8,1.8,1.8,1.8,0.0,30249.0,54448.2
2024-06-21,MTNGH,1.8,1.39,1.8,1.8,1.8,1.8,0.0,586342.0,1055415.6
2024-06-24,MTNGH,1.8,1.39,1.8,1.8,1.8,1.8,0.0,139759.0,251566.2
2024-06-25,MTNGH,1.8,1.39,1.8,1.8,1.8,1.8,0.0,35057472.0,63103449.6
2024-06-26,MTNGH,1.81,1.39,1.8,1.8,1.81,1.81,0.01,251411.0,455052.86
2024-06-27,MTNGH,1.81,1.39,1.81,1.81,1.81,1.81,0.0,9448.0,17100.88
2024-06-28,MTNGH,1.81,1.39,1.81,1.81,1.81,1.81,0.0,1539.0,2785.59
2024-07-01,MTNGH,1.81,1.39,1.81,1.81,1.81,1.81,0.0,2895.0,5239.95
2024-07-02,MTNGH,1.85,1.39,1.81,1.81,1.85,1.85,0.04,3076566.0,5691599.16
2024-07-03,MTNGH,1.85,1.39,1.85,1.85,1.85,1.85,0.0,37.0,68.82
2024-07-04,MTNGH,1.86,1.39,1.85,1.85,1.86,1.86,0.01,10107.0,18799.02
2024-07-05,MTNGH,1.9,1.39,1.86,1.86,1.9,1.9,0.04,7285833.0,13834507.71
2024-07-08,MTNGH,1.9,1.39,1.9,1.9,1.9,1.9,0.0,67967.0,129137.3
2024-07-09,MTNGH,1.9,1.39,1.9,1.9,1.9,1.9,0.0,0.0,0.0
2024-07-10,MTNGH,1.91,1.39,1.9,1.9,1.91,1.91,0.01,394930.0,754286.6
2024-07-11,MTNGH,1.91,1.39,1.91,1.91,1.91,1.91,0.0,8309.0,15870.19
2024-07-12,MTNGH,2.01,1.39,1.91,1.91,2.01,2.01,0.1,213860.0,429169.1
2024-07-15,MTNGH,2.01,1.39,2.01,2.01,2.01,2.01,0.0,3075.0,6180.75
2024-07-16,MTNGH,2.01,1.39,2.01,2.01,2.01,2.01,0.0,4369.0,8781.69
2024-07-17,MTNGH,2.1,1.39,2.01,2.01,2.1,2.1,0.09,751105.0,1577320.5
2024-07-18,MTNGH,2.1,1.39,2.1,2.1,2.1,2.1,0.0,17796.0,37371.6
2024-07-19,MTNGH,2.2,1.39,2.1,2.1,2.2,2.2,0.1,20741030.0,45626357.1
2024-07-22,MTNGH,2.23,1.39,2.2,2.2,2.23,2.23,0.03,278733.0,621361.41
2024-07-23,MTNGH,2.25,1.39,2.23,2.23,2.25,2.25,0.02,1902.0,4279.5
2024-07-24,MTNGH,2.27,1.39,2.25,2.25,2.28,2.27,0.02,47382.0,107639.88
2024-07-25,MTNGH,2.32,1.39,2.27,2.27,2.32,2.32,0.05,10394.0,24076.84
2024-07-26,MTNGH,2.34,1.39,2.32,2.32,2.34,2.34,0.02,626480.0,1466320.99
2024-07-29,MTNGH,2.34,1.39,2.34,2.34,2.34,2.34,0.0,262584.0,614446.56
2024-07-30,MTNGH,2.34,1.39,2.34,2.34,2.34,2.34,0.0,5750.0,13455.0
2024-07-31,MTNGH,2.34,1.39,2.34,2.34,2.34,2.34,0.0,24916.0,58337.34
2024-08-01,MTNGH,2.43,1.39,2.34,2.34,2.4,2.43,0.09,61101.0,148630.11
2024-08-02,MTNGH,2.43,1.39,2.43,2.43,2.4,2.41,-0.02,99518.0,240271.35
2024-08-06,MTNGH,2.43,1.39,2.41,2.41,2.35,2.35,-0.06,64172.0,150804.2
2024-08-07,MTNGH,2.43,1.39,2.35,2.35,2.3,2.3,-0.05,33361.0,76742.3
2024-08-08,MTNGH,2.43,1.39,2.3,2.3,2.27,2.29,-0.01,109032.0,249873.6
2024-08-09,MTNGH,2.43,1.39,2.29,2.29,2.29,2.29,0.0,71625.0,164021.25
2024-08-12,MTNGH,2.43,1.39,2.29,2.29,2.29,2.29,0.0,44142.0,101085.18
2024-08-13,MTNGH,2.43,1.39,2.29,2.29,2.29,2.29,0.0,14273.0,32685.17
2024-08-14,MTNGH,2.43,1.39,2.29,2.29,2.29,2.29,0.0,7971.0,18253.59
2024-08-15,MTNGH,2.43,1.39,2.29,2.29,2.29,2.29,0.0,16908432.0,29934327.4
2024-08-16,MTNGH,2.43,1.39,2.29,2.29,2.24,2.27,-0.02,49300.0,111972.84
2024-08-19,MTNGH,2.43,1.39,2.27,2.27,2.24,2.24,-0.03,21551.0,48246.24
2024-08-20,MTNGH,2.43,1.39,2.24,2.24,2.2,2.2,-0.04,19638.0,43322.84
2024-08-21,MTNGH,2.43,1.39,2.2,2.2,2.2,2.2,0.0,42728.0,93991.6
2024-08-22,MTNGH,2.43,1.39,2.2,2.2,2.2,2.2,0.0,61322.0,134908.4
2024-08-23,MTNGH,2.43,1.39,2.2,2.2,2.2,2.2,0.0,1465061.0,3223134.2
2024-08-26,MTNGH,2.43,1.39,2.2,2.2,2.2,2.2,0.0,29805.0,65571.0
2024-08-27,MTNGH,2.43,1.39,2.2,2.2,2.2,2.2,0.0,10671.0,23476.2
2024-08-28,MTNGH,2.43,1.39,2.2,2.2,2.2,2.2,0.0,14262.0,31376.4
2024-08-29,MTNGH,2.43,1.39,2.2,2.2,2.2,2.2,0.0,44278.0,97411.6
2024-08-30,MTNGH,2.43,1.39,2.2,2.2,2.2,2.2,0.0,1129614.0,2485150.8
2024-09-02,MTNGH,2.43,1.39,2.2,2.2,2.19,2.19,-0.01,1191021.0,2608335.99
2024-09-03,MTNGH,2.43,1.39,2.19,2.19,2.19,2.19,0.0,1322831.0,2896999.89
2024-09-04,MTNGH,2.43,1.39,2.19,2.19,2.19,2.19,0.0,62545.0,136973.55
2024-09-05,MTNGH,2.43,1.39,2.19,2.19,2.19,2.19,0.0,7411.0,16230.09
2024-09-06,MTNGH,2.43,1.39,2.19,2.19,2.17,2.18,-0.01,23068.0,50266.96
2024-09-09,MTNGH,2.43,1.39,2.18,2.18,2.18,2.18,0.0,1026773.0,2238365.14
2024-09-10,MTNGH,2.43,1.39,2.18,2.18,2.18,2.18,0.0,1176061.0,2563812.98
2024-09-11,MTNGH,2.43,1.39,2.18,2.18,2.2,2.2,0.02,382854.0,842278.8
2024-09-12,MTNGH,2.43,1.39,2.2,2.2,2.2,2.2,0.0,9759.0,21469.8
2024-09-13,MTNGH,2.43,1.39,2.2,2.2,2.2,2.2,0.0,93231.0,205108.2
2024-09-16,MTNGH,2.43,1.39,2.2,2.2,2.3,2.3,0.1,5184084.0,11919633.7
2024-09-17,MTNGH,2.43,1.39,2.3,2.3,2.3,2.3,0.0,90789.0,208814.7
2024-09-18,MTNGH,2.43,1.39,2.3,2.3,2.25,2.25,-0.05,40921.0,92430.25
2024-09-19,MTNGH,2.43,1.39,2.25,2.25,2.2,2.2,-0.05,255132.0,561304.3
2024-09-20,MTNGH,2.43,1.39,2.2,2.2,2.2,2.2,0.0,90360.0,198792.0
2024-09-24,MTNGH,2.43,1.39,2.2,2.2,2.2,2.2,0.0,28549.0,62807.8
2024-09-24,MTNGH,4.12,2.5,4.1,4.1,4.12,4.12,0.02,109367.0,450056.71
2024-09-25,MTNGH,2.43,1.39,2.2,2.2,2.2,2.2,0.0,265056095.0,514295298.74
2024-09-26,MTNGH,2.43,1.39,2.2,2.2,2.19,2.19,-0.01,1313125.0,2875919.18
2024-09-27,MTNGH,2.43,1.39,2.19,2.19,2.19,2.19,0.0,118362.0,259182.78
2024-09-30,MTNGH,2.43,1.39,2.19,2.19,2.18,2.18,-0.01,69321.0,151370.25
2024-10-01,MTNGH,2.43,1.39,2.18,2.18,2.18,2.18,0.0,48555.0,105849.9
2024-10-02,MTNGH,2.43,1.39,2.18,2.18,2.18,2.18,0.0,36840.0,80311.2
2024-10-03,MTNGH,2.43,1.39,2.18,2.18,2.17,2.17,-0.01,2613196.0,5670636.37
2024-10-04,MTNGH,2.43,1.39,2.17,2.17,2.17,2.17,0.0,1399743.0,3037442.31
2024-10-07,MTNGH,2.43,1.39,2.17,2.17,2.15,2.16,-0.01,19134.0,41340.78
2024-10-08,MTNGH,2.43,1.39,2.16,2.16,2.16,2.16,0.0,185277.0,400198.32
2024-10-09,MTNGH,2.43,1.39,2.16,2.16,2.16,2.16,0.0,13692.0,29574.72
2024-10-10,MTNGH,2.43,1.39,2.16,2.16,2.15,2.15,-0.01,221647.0,476541.57
2024-10-11,MTNGH,2.43,1.39,2.15,2.16,2.15,2.15,0.0,15836.0,34047.4
2024-10-14,MTNGH,2.43,1.39,2.15,2.15,2.15,2.15,0.0,39814.0,85600.1
2024-10-15,MTNGH,2.43,1.39,2.15,2.15,2.15,2.15,0.0,49094.0,105552.1
2024-10-16,MTNGH,2.43,1.39,2.15,2.15,2.15,2.15,0.0,1116921.0,2401518.76
2024-10-17,MTNGH,2.43,1.39,2.15,2.15,2.15,2.15,0.0,96344.0,207139.6
2024-10-18,MTNGH,2.43,1.39,2.15,2.15,2.15,2.15,0.0,4652.0,10001.8
2024-10-21,MTNGH,2.43,1.39,2.15,2.15,2.16,2.16,0.01,7004.0,15093.83
2024-10-22,MTNGH,2.43,1.39,2.16,2.16,2.16,2.16,0.0,72491.0,156580.56
2024-10-23,MTNGH,2.43,1.39,2.16,2.16,2.16,2.16,0.0,17032.0,36789.12
2024-10-24,MTNGH,2.43,1.39,2.16,2.16,2.16,2.16,0.0,43052.0,92992.32
2024-10-25,MTNGH,2.43,1.39,2.16,2.16,2.16,2.16,0.0,61858.0,133613.28
2024-10-28,MTNGH,2.43,1.39,2.16,2.16,2.16,2.16,0.0,125607.0,271311.12
2024-10-29,MTNGH,2.43,1.39,2.16,2.16,2.16,2.11,-0.05,1815407.0,3831035.17
2024-10-30,MTNGH,2.43,1.39,2.11,2.11,2.11,2.11,0.0,16451.0,34711.61
2024-10-31,MTNGH,2.43,1.39,2.11,2.11,2.16,2.16,0.05,151762.0,327732.67
2024-11-01,MTNGH,2.43,1.39,2.16,2.16,2.3,2.29,0.13,3295039.0,7543144.24
2024-11-04,MTNGH,2.43,1.39,2.29,2.29,2.3,2.3,0.01,1025411.0,2358216.47
2024-11-05,MTNGH,2.43,1.39,2.3,2.3,2.3,2.3,0.0,289467.0,666069.8
2024-11-06,MTNGH,2.43,1.39,2.3,2.3,2.3,2.3,0.0,107863.0,248084.9
2024-11-07,MTNGH,2.43,1.39,2.3,2.3,2.35,2.35,0.05,9289.0,21615.25
2024-11-08,MTNGH,2.43,1.39,2.35,2.35,2.35,2.35,0.0,44512.0,104603.2
2024-11-11,MTNGH,2.43,1.39,2.35,2.35,2.33,2.33,-0.02,362689.0,846331.13
2024-11-12,MTNGH,2.43,1.39,2.33,2.33,2.33,2.33,0.0,246069.0,573340.77
2024-11-13,MTNGH,2.43,1.39,2.33,2.33,2.33,2.33,0.0,317.0,738.61
2024-11-14,MTNGH,2.43,1.39,2.33,2.33,2.4,2.36,0.03,5259.0,12395.87
2024-11-18,MTNGH,2.43,1.39,2.36,2.36,2.35,2.35,-0.01,326331.0,767030.99
2024-11-19,MTNGH,2.43,1.39,2.35,2.35,2.35,2.35,0.0,264066.0,620555.1
2024-11-20,MTNGH,2.43,1.39,2.35,2.35,2.35,2.35,0.0,227467.0,534547.45
2024-11-21,MTNGH,2.43,1.39,2.35,2.35,2.35,2.35,0.0,5281.0,12410.35
2024-11-22,MTNGH,2.43,1.39,2.35,2.35,2.36,2.36,0.01,86853.0,204968.06
2024-11-25,MTNGH,2.43,1.39,2.36,2.36,2.36,2.36,0.0,501189.0,1182806.04
2024-11-26,MTNGH,2.43,1.39,2.36,2.36,2.36,2.36,0.0,8466.0,19979.76
2024-11-27,MTNGH,2.43,1.39,2.36,2.36,2.37,2.37,0.01,6400.0,15131.44
2024-11-28,MTNGH,2.43,1.39,2.37,2.37,2.37,2.37,0.0,5689.0,13482.93
2024-11-29,MTNGH,2.43,1.39,2.37,2.37,2.37,2.37,0.0,3259.0,7723.83
2024-12-02,MTNGH,2.43,1.39,2.37,2.37,2.37,2.37,0.0,342788.0,812407.56
2024-12-03,MTNGH,2.43,1.39,2.37,2.37,2.38,2.38,0.01,337173.0,802490.07
2024-12-04,MTNGH,2.43,1.39,2.38,2.38,2.4,2.4,0.02,5548.0,13303.47
2024-12-05,MTNGH,2.43,1.39,2.4,2.4,2.4,2.4,0.0,269315.0,646380.35
2024-12-09,MTNGH,2.43,1.39,2.4,2.4,2.38,2.37,-0.03,384799.0,912615.99
2024-12-10,MTNGH,2.43,1.39,2.37,2.37,2.37,2.37,0.0,3577699.0,8479146.63
2024-12-11,MTNGH,2.43,1.39,2.37,2.37,2.37,2.37,0.0,65410.0,155021.7
2024-12-12,MTNGH,2.43,1.39,2.37,2.37,2.37,2.37,0.0,21344.0,50585.28
2024-12-13,MTNGH,2.43,1.39,2.37,2.37,2.38,2.38,0.01,5686.0,13503.92
2024-12-16,MTNGH,2.43,1.39,2.38,2.38,2.38,2.38,0.0,193315.0,459659.81
2024-12-17,MTNGH,2.45,1.39,2.38,2.38,2.45,2.45,0.07,2067803.0,459659.81
2024-12-18,MTNGH,2.45,1.39,2.45,2.45,2.45,2.45,0.0,2128893.0,5215787.85
2024-12-19,MTNGH,2.45,1.39,2.45,2.45,2.45,2.45,0.0,2092127.0,5125711.15
2024-12-20,MTNGH,2.49,1.39,2.45,2.45,2.5,2.49,0.04,4271060.0,10653400.06
2024-12-23,MTNGH,2.5,1.39,2.49,2.49,2.5,2.5,0.01,922053.0,2305090.68
2024-12-24,MTNGH,2.5,1.39,2.5,2.5,2.5,2.5,0.0,11160.0,27900.0
2024-12-27,MTNGH,2.5,1.39,2.5,2.5,2.5,2.5,0.0,3232.0,8080.0
2024-12-30,MTNGH,2.5,1.39,2.5,2.5,2.5,2.5,0.0,136283.0,340707.5
2024-12-31,MTNGH,2.5,1.39,2.5,2.5,2.5,2.5,0.0,90298.0,225745.0
2025-01-02,MTNGH,2.5,2.5,2.5,2.5,2.5,2.5,0.0,62626.0,156565.0
2025-01-03,MTNGH,2.5,2.5,2.5,2.5,2.5,2.5,0.0,661370.0,1653425.0
2025-01-06,MTNGH,2.5,2.5,2.5,2.5,2.5,2.5,0.0,67103.0,167757.5
2025-01-08,MTNGH,2.51,2.5,2.5,2.5,2.51,2.51,0.01,51034.0,127842.1
2025-01-09,MTNGH,2.51,2.5,2.51,2.51,2.51,2.51,0.0,76995.0,193257.45
2025-01-10,MTNGH,2.51,2.5,2.51,2.51,2.51,2.51,0.0,44425.0,111678.45
2025-01-13,MTNGH,2.55,2.5,2.51,2.51,2.55,2.55,0.04,35266.0,89798.18
2025-01-14,MTNGH,2.6,2.5,2.55,2.55,2.6,2.6,0.05,1645647.0,4271800.7
2025-01-15,MTNGH,2.6,2.5,2.6,2.6,2.6,2.6,0.0,72440.0,188344.0
2025-01-16,MTNGH,2.65,2.5,2.6,2.6,2.65,2.65,0.05,536944.0,1422595.0
2025-01-17,MTNGH,2.65,2.5,2.65,2.65,2.65,2.65,0.0,277061.0,733861.65
2025-01-20,MTNGH,2.65,2.5,2.65,2.65,2.65,2.65,0.0,78967.0,209262.55
2025-01-21,MTNGH,2.65,2.5,2.65,2.65,2.65,2.65,0.0,306684.0,812712.6
2025-01-22,MTNGH,2.65,2.5,2.65,2.65,2.65,2.65,0.0,963065.0,2552122.25
2025-01-23,MTNGH,2.65,2.5,2.65,2.65,2.65,2.65,0.0,144568.0,383105.2
2025-01-24,MTNGH,2.65,2.5,2.65,2.65,2.65,2.65,0.0,5318.0,14092.7
2025-01-27,MTNGH,2.65,2.5,2.65,2.65,2.65,2.65,0.0,53336.0,141340.4
2025-01-28,MTNGH,2.7,2.5,2.65,2.65,2.7,2.7,0.05,14951.0,40362.65
2025-01-29,MTNGH,2.7,2.5,2.7,2.7,2.7,2.7,0.0,23410.0,63260.5
2025-01-30,MTNGH,2.75,2.5,2.7,2.7,2.75,2.75,0.05,8067.0,22149.45
2025-01-31,MTNGH,2.75,2.5,2.75,2.75,2.75,2.75,0.0,6096.0,16764.0
2025-02-03,MTNGH,2.75,2.5,2.75,2.75,2.75,2.75,0.0,426625.0,1173218.75
2025-02-04,MTNGH,2.75,2.5,2.75,2.75,2.75,2.75,0.0,85985.0,236458.75
2025-02-05,MTNGH,2.75,2.5,2.75,2.75,2.75,2.75,0.0,67421.0,185407.75
2025-02-06,MTNGH,2.75,2.5,2.75,2.75,2.75,2.75,0.0,157674.0,433603.5
2025-02-07,MTNGH,2.75,2.5,2.75,2.75,2.75,2.75,0.0,12332.0,33913.0
2025-02-10,MTNGH,2.75,2.5,2.75,2.75,2.75,2.75,0.0,438573.0,1206075.75
2025-02-11,MTNGH,2.76,2.5,2.75,2.75,2.76,2.76,0.01,45630.0,125796.8
2025-02-12,MTNGH,2.76,2.5,2.76,2.76,2.76,2.76,0.0,48450.0,133732.1
2025-02-13,MTNGH,2.76,2.5,2.76,2.76,2.76,2.76,0.0,8854.0,24449.04
2025-02-14,MTNGH,2.8,2.5,2.76,2.76,2.8,2.8,0.04,203065.0,568359.72
2025-02-17,MTNGH,2.8,2.5,2.8,2.8,2.8,2.8,0.0,1031781.0,2889156.8
2025-02-18,MTNGH,2.81,2.5,2.8,2.8,2.82,2.81,0.01,13247.0,37232.01
2025-02-19,MTNGH,2.9,2.5,2.81,2.81,2.9,2.9,0.09,158485.0,459553.38
2025-02-20,MTNGH,2.9,2.5,2.9,2.9,2.9,2.85,-0.05,920777.0,2629021.56
2025-02-21,MTNGH,2.9,2.5,2.85,2.85,2.9,2.9,0.05,114817.0,332924.8
2025-02-24,MTNGH,2.9,2.5,2.9,2.9,2.9,2.9,0.0,863605.0,2504454.5
2025-02-25,MTNGH,2.9,2.5,2.9,2.9,2.89,2.89,-0.01,1414941.0,4091504.04
2025-02-26,MTNGH,2.9,2.5,2.89,2.89,2.89,2.89,0.0,11489131.0,33212144.63
2025-02-27,MTNGH,2.91,2.5,2.89,2.89,2.91,2.91,0.02,846784.0,2464275.11
2025-02-28,MTNGH,2.91,2.5,2.91,2.91,2.91,2.91,0.0,418082.0,1216618.62
2025-03-03,MTNGH,3.0,2.5,2.91,2.91,3.2,3.0,0.09,36046.0,108046.45
2025-03-04,MTNGH,3.1,2.5,3.0,3.0,3.1,3.1,0.1,138227.0,427901.52
2025-03-05,MTNGH,3.19,2.5,3.1,3.1,3.19,3.19,0.09,184427.0,588300.01
2025-03-07,MTNGH,3.2,2.5,3.19,3.19,3.19,3.2,0.01,1229774.0,3930744.22
2025-03-10,MTNGH,3.2,2.5,3.2,3.2,3.2,3.2,0.0,222757.0,712822.4
2025-03-11,MTNGH,3.2,2.5,3.2,3.2,3.19,3.19,-0.01,262944.0,837791.36
2025-03-12,MTNGH,3.2,2.5,3.19,3.19,3.17,3.17,-0.02,200933.0,636957.61
2025-03-13,MTNGH,3.2,2.5,3.17,3.17,3.17,3.17,0.0,227639.0,721615.63
2025-03-14,MTNGH,3.2,2.5,3.17,3.17,3.16,3.16,-0.01,22093.0,69848.89
2025-03-17,MTNGH,3.2,2.5,3.16,3.16,3.17,3.17,0.01,182789.0,578615.4
2025-03-18,MTNGH,3.2,2.5,3.17,3.17,3.17,3.17,0.0,276662.0,877018.54
2025-03-19,MTNGH,3.2,2.5,3.17,3.17,3.17,3.17,0.0,140993.0,446442.95
2025-03-20,MTNGH,3.2,2.5,3.17,3.17,3.17,3.17,0.0,142383.0,451354.11
2025-03-21,MTNGH,3.2,2.5,3.17,3.17,3.17,3.17,0.0,596312.0,1887696.29
2025-03-24,MTNGH,3.2,2.5,3.17,3.17,3.12,3.12,-0.05,5525660.0,17248922.15
2025-03-25,MTNGH,3.2,2.5,3.12,3.12,3.13,3.05,-0.07,357856.0,1092429.14
2025-03-26,MTNGH,3.2,2.5,3.05,3.05,3.2,3.19,0.14,1501504.0,4791454.92
2025-03-27,MTNGH,3.2,2.5,3.19,3.19,3.2,3.2,0.01,411832.0,1317467.4
2025-03-28,MTNGH,3.2,2.5,3.2,3.2,3.19,3.19,-0.01,3207193.0,10246189.24
2025-04-02,MTNGH,3.2,2.5,3.19,3.19,3.02,3.02,-0.17,72691.0,219283.79
2025-04-03,MTNGH,3.2,2.5,3.02,3.02,3.1,3.04,0.02,107735.0,326569.7
2025-04-04,MTNGH,3.2,2.5,3.04,3.04,3.07,3.07,0.03,7729.0,23686.61
2025-04-07,MTNGH,3.2,2.5,3.07,3.07,3.07,3.07,0.0,203018.0,623295.26
2025-04-08,MTNGH,3.2,2.5,3.07,3.07,3.07,3.07,0.0,175754.0,539584.85
2025-04-09,MTNGH,3.2,2.5,3.07,3.07,3.07,3.07,0.0,67742.0,207955.74
2025-04-10,MTNGH,3.2,2.5,3.07,3.07,3.07,3.07,0.0,346659.0,1064139.1
2025-04-11,MTNGH,3.2,2.5,3.07,3.07,3.07,3.07,0.0,241956.0,742782.32
2025-04-14,MTNGH,3.2,2.5,3.07,3.07,3.0,3.0,-0.07,193475.0,580600.63
2025-04-15,MTNGH,3.2,2.5,3.0,3.0,3.0,3.0,0.0,641448.0,1924344.0
2025-04-16,MTNGH,3.2,2.5,3.0,3.0,3.0,3.0,0.0,298711.0,896133.0
2025-04-17,MTNGH,3.2,2.5,3.0,3.0,3.0,3.0,0.0,217541.0,652623.0
2025-04-22,MTNGH,3.2,2.5,3.0,3.0,3.0,3.0,0.0,1752747.0,5258241.0
2025-04-23,MTNGH,3.2,2.5,3.0,3.0,3.0,3.0,0.0,4477962.0,13433886.0
2025-04-24,MTNGH,3.2,2.5,3.0,3.0,3.0,3.0,0.0,2146027.0,6437781.0
2025-04-25,MTNGH,3.2,2.5,3.0,3.0,3.0,3.0,0.0,4004843.0,12013529.0
2025-04-28,MTNGH,3.2,2.5,3.0,3.0,3.0,3.0,0.0,707750.0,2123250.0
2025-04-29,MTNGH,3.2,2.5,3.0,3.0,3.0,3.0,0.0,155500.0,467250.0
2025-04-30,MTNGH,3.2,2.5,3.0,3.0,3.1,3.02,0.02,9287.0,28024.0
2025-05-02,MTNGH,3.2,2.5,3.02,3.02,3.12,3.12,0.1,988763.0,3081344.81
2025-05-05,MTNGH,3.2,2.5,3.12,3.12,3.2,3.19,0.07,1001915.0,3197751.24
2025-05-06,MTNGH,3.21,2.5,3.19,3.19,3.24,3.21,0.02,236536.0,758175.77
2025-05-07,MTNGH,3.29,2.5,3.21,3.21,3.3,3.29,0.08,527560.0,1737444.78
2025-05-08,MTNGH,3.3,2.5,3.29,3.29,3.3,3.3,0.01,1723566.0,5692692.8
2025-05-09,MTNGH,3.3,2.5,3.3,3.3,3.3,3.3,0.0,284730.0,939720.11
2025-05-12,MTNGH,3.3,2.5,3.3,3.3,3.3,3.3,0.0,432300.0,1428303.3
2025-05-13,MTNGH,3.32,2.5,3.3,3.3,3.31,3.32,0.02,12134667.0,40232507.52
2025-05-14,MTNGH,3.46,2.5,3.32,3.32,3.55,3.46,0.14,806314.0,2787384.38
2025-05-15,MTNGH,3.53,2.5,3.46,3.46,3.53,3.53,0.07,1321275.0,4665444.7
2025-05-16,MTNGH,3.54,2.5,3.53,3.53,3.54,3.54,0.01,6299736.0,20927220.3
2025-05-19,MTNGH,3.54,2.5,3.54,3.54,3.53,3.53,-0.01,696455.0,2458931.82
2025-05-20,MTNGH,3.54,2.5,3.53,3.53,3.36,3.36,-0.17,103273.0,348255.44
2025-05-21,MTNGH,3.54,2.5,3.36,3.36,3.28,3.28,-0.08,655366.0,2153197.63
2025-05-22,MTNGH,3.54,2.5,3.28,3.28,3.2,3.23,-0.05,348048.0,1123947.42
2025-05-23,MTNGH,3.54,2.5,3.23,3.23,3.2,3.2,-0.03,100660.0,322164.72
2025-05-26,MTNGH,3.54,2.5,3.2,3.2,3.2,3.18,-0.02,271112.0,864402.1
2025-05-27,MTNGH,3.54,2.5,3.2,3.2,3.2,3.18,-0.02,271112.0,864402.1
2025-05-28,MTNGH,3.54,2.5,3.06,3.06,3.0,3.0,-0.06,276505.0,829313.15
2025-05-29,MTNGH,3.54,2.5,3.0,3.0,3.0,3.0,0.0,104601.0,313803.0
2025-05-30,MTNGH,3.54,2.5,3.0,3.0,2.99,2.98,-0.02,305779.0,910311.44
2025-06-02,MTNGH,3.54,2.5,2.98,2.98,2.87,2.87,-0.11,358519.0,1030558.02
2025-06-03,MTNGH,3.54,2.5,3.0,3.0,3.0,3.0,0.0,1606164.0,313803.0
2025-06-04,MTNGH,3.2,2.5,3.04,3.04,3.07,3.07,0.03,5654705.0,23686.61
2025-06-05,MTNGH,3.2,2.5,3.16,3.16,3.17,3.17,0.01,2358223.0,578615.4
2025-06-09,MTNGH,3.54,2.5,2.81,2.81,2.81,2.81,0.0,855.0,2436.75
2025-06-10,MTNGH,3.54,2.5,2.81,2.81,2.85,2.83,0.02,198318.0,560101.8
2025-06-11,MTNGH,3.54,2.5,2.83,2.83,2.86,2.85,0.02,152110.0,433831.3
2025-06-12,MTNGH,3.54,2.5,2.85,2.85,2.85,2.85,0.0,0.0,0.0
2025-06-13,MTNGH,3.54,2.5,2.85,2.85,2.94,2.94,0.09,1406658.0,4128296.41
2025-06-16,MTNGH,3.54,2.5,2.94,2.94,2.98,2.99,0.05,361112.0,1080350.22
2025-06-17,MTNGH,3.54,2.5,2.99,2.99,2.94,2.94,-0.05,1123647.0,3306611.43
2025-06-18,MTNGH,3.54,2.5,2.94,2.94,2.94,2.99,0.05,97545.0,292064.36
2025-06-19,MTNGH,3.54,2.5,2.99,2.99,2.95,2.94,-0.05,908964.0,2676818.49
2025-06-20,MTNGH,3.54,2.5,2.94,2.94,2.95,2.95,0.01,93083.0,274590.43
2025-06-23,MTNGH,3.54,2.5,2.95,2.95,2.95,2.95,0.0,2415566.0,7122523.36
2025-06-24,MTNGH,3.54,2.5,2.95,2.95,2.93,2.94,-0.01,1374760.0,4039246.9
2025-06-25,MTNGH,3.54,2.5,2.94,2.95,2.93,2.93,-0.01,585881.0,1717033.16
2025-06-26,MTNGH,3.54,2.5,2.93,2.93,2.93,2.93,0.0,136810.0,400853.3
2025-06-27,MTNGH,3.54,2.5,2.93,2.93,2.93,2.93,0.0,222224.0,651116.32
2025-06-30,MTNGH,3.54,2.5,2.93,2.93,2.93,2.93,0.0,5513187.0,16153637.91
2025-07-01,MTNGH,3.54,2.5,2.93,2.93,2.93,2.93,0.0,147219.0,431351.67
2025-07-02,MTNGH,3.54,2.5,2.93,2.93,2.93,2.93,0.0,92195.0,270178.79
2025-07-03,MTNGH,3.54,2.5,2.93,2.93,2.99,2.98,0.05,39538.0,117633.09
2025-07-07,MTNGH,3.54,2.5,2.98,2.98,3.0,3.0,0.02,286023.0,857792.66
2025-07-08,MTNGH,3.54,2.5,3.0,3.0,3.0,3.0,0.0,90648.0,272044.0
2025-07-09,MTNGH,3.54,2.5,3.0,3.0,2.99,2.99,-0.01,1679403.0,5022631.12
2025-07-10,MTNGH,3.54,2.5,2.99,2.99,3.01,3.0,0.01,103450.0,310642.23
2025-07-11,MTNGH,3.54,2.5,3.0,3.0,3.01,3.01,0.01,41122.0,123894.78
2025-07-14,MTNGH,3.54,2.5,3.01,3.01,3.02,3.02,0.01,251556.0,760101.19
2025-07-15,MTNGH,3.54,2.5,3.02,3.02,3.02,3.03,0.01,494284.0,1495451.16
2025-07-16,MTNGH,3.54,2.5,3.03,3.03,3.03,3.03,0.0,417468.0,1264928.04
2025-07-17,MTNGH,3.54,2.5,3.03,3.03,3.03,3.03,0.0,98944.0,299800.32
2025-07-18,MTNGH,3.54,2.5,3.03,3.03,3.04,2.98,-0.05,6638283.0,19785617.03
2025-07-18,MTNGH,13236.18,39443.8,0.0,3.005,0.24,3.005,0.5831,6638283.0,19785617.03
2025-07-21,MTNGH,3.54,2.5,2.98,2.98,3.03,3.03,0.05,5028816.0,15237428.12
2025-07-22,MTNGH,3.54,2.5,3.03,3.03,3.03,3.03,0.0,33783.0,102362.49
2025-07-23,MTNGH,3.54,2.5,3.03,3.03,3.03,3.03,0.0,7405.0,22437.15
2025-07-24,MTNGH,3.54,2.5,3.03,3.03,3.2,3.14,0.11,1130526.0,3549690.6
2025-07-25,MTNGH,3.54,2.5,3.14,3.14,3.25,3.25,0.11,25667361.0,83412273.2
2025-07-28,MTNGH,3.54,2.5,3.25,3.25,3.25,3.25,0.0,9143644.0,29718183.0
2025-07-29,MTNGH,3.54,2.5,3.25,3.25,3.25,3.25,0.0,151559.0,492566.75
2025-07-30,MTNGH,3.54,2.5,3.25,3.25,3.35,3.35,0.1,3438673.0,11517897.65
2025-07-31,MTNGH,3.55,2.5,3.35,3.35,3.55,3.55,0.2,46011424.0,163250269.47
2025-08-01,MTNGH,3.55,2.5,3.55,3.55,3.55,3.55,0.0,480923.0,1708472.14
2025-08-04,MTNGH,3.56,2.5,3.55,3.55,3.56,3.56,0.01,5169601.0,18402181.52
2025-08-05,MTNGH,3.6,2.5,3.56,3.56,3.62,3.6,0.04,656892.0,2365881.1
2025-08-06,MTNGH,3.72,2.5,3.6,3.6,3.8,3.72,0.12,325618.0,1212069.64
2025-08-07,MTNGH,3.87,2.5,3.72,3.72,3.9,3.87,0.15,165379.0,639146.08
2025-08-08,MTNGH,3.93,2.5,3.87,3.87,3.95,3.93,0.06,534092.0,2098946.24
2025-08-11,MTNGH,3.95,2.5,3.93,3.93,3.95,3.95,0.02,7405836.0,29253036.9
2025-08-12,MTNGH,3.95,2.5,3.95,3.95,3.95,3.95,0.0,8544228.0,33756512.49
2025-08-13,MTNGH,3.98,2.5,3.95,3.95,3.97,3.98,0.03,219189.0,870845.29
2025-08-14,MTNGH,3.98,2.5,3.98,3.98,3.96,3.94,-0.04,881537.0,3473499.45
2025-08-15,MTNGH,3.98,2.5,3.94,3.94,3.95,3.95,0.01,213656.0,843941.2
2025-08-18,MTNGH,3.54,2.5,3.01,3.01,3.02,3.02,0.01,251556.0,760101.19
2025-08-19,MTNGH,3.98,2.5,3.95,3.95,3.95,3.95,0.0,64949.0,256527.74
2025-08-20,MTNGH,3.98,2.5,3.95,3.95,3.85,3.85,-0.1,2663896.0,10259395.29
2025-08-21,MTNGH,3.98,2.5,3.85,3.85,3.9,3.88,0.03,8004287.0,31080483.35
2025-08-22,MTNGH,3.98,2.5,3.88,3.88,3.89,3.89,0.01,834708.0,3244740.24
2025-08-25,MTNGH,3.98,2.5,3.89,3.89,3.89,3.89,0.0,148976.0,579359.04
2025-08-26,MTNGH,3.98,2.5,3.89,3.89,3.87,3.88,-0.01,244643.0,949023.37
2025-08-27,MTNGH,3.98,2.5,3.88,3.88,3.88,3.88,0.0,119494.0,463636.72
2025-08-28,MTNGH,3.98,2.5,3.88,3.88,3.88,3.88,0.0,48996.0,190104.48
2025-08-29,MTNGH,3.98,2.5,3.88,3.88,3.86,3.87,-0.01,206071.0,797302.91
2025-09-01,MTNGH,3.98,2.5,3.87,3.87,3.87,3.87,0.0,306549.0,1185521.23
2025-09-02,MTNGH,3.98,2.5,3.87,3.87,3.85,3.85,-0.02,2680784.0,10321894.49
2025-09-03,MTNGH,3.98,2.5,3.85,3.85,3.84,3.84,-0.01,3429757.0,13170221.36
2025-09-04,MTNGH,3.98,2.5,3.84,3.84,3.84,3.84,0.0,218028.0,837227.52
2025-09-05,MTNGH,3.98,2.5,3.84,3.84,3.69,3.7,-0.14,8696707.0,32209279.79
2025-09-08,MTNGH,3.98,2.5,3.7,3.7,3.7,3.7,0.0,4222817.0,15624389.08
2025-09-09,MTNGH,3.98,2.5,3.7,3.7,3.7,3.7,0.0,3358116.0,12425089.33
2025-09-10,MTNGH,3.98,2.5,3.7,3.7,3.7,3.7,0.0,311275.0,1151717.5
2025-09-12,MTNGH,3.98,2.5,3.7,3.7,3.7,3.7,0.0,8746.0,32414.25
2025-09-12,MTNGH,3.98,2.5,3.7,3.7,3.8,3.74,0.04,480058.0,1795522.65
2025-09-15,MTNGH,3.98,2.5,3.74,3.74,3.8,3.76,0.02,179750.0,676595.37
2025-09-16,MTNGH,3.98,2.5,3.76,3.76,4.0,3.9,0.14,2204698.0,8599018.4
2025-09-17,MTNGH,4.02,2.5,3.9,3.9,4.0,4.02,0.12,4404490.0,17700241.65
2025-09-18,MTNGH,4.05,2.5,4.02,4.02,4.06,4.05,0.03,70565.0,285735.33
2025-09-19,MTNGH,4.09,2.5,4.05,4.05,4.09,4.09,0.04,316797.0,1296490.28
2025-09-23,MTNGH,4.1,2.5,4.09,4.09,4.1,4.1,0.01,4941404.0,20259703.22
2025-09-24,MTNGH,4.12,2.5,4.1,4.1,4.12,4.12,4.12,4.1,4.12
2025-09-25,MTNGH,4.29,2.5,4.12,4.12,4.35,4.29,0.17,82050.0,351248.35
2025-09-26,MTNGH,4.35,2.5,4.29,4.29,4.35,4.35,0.06,1149125.0,5002698.99
2025-09-29,MTNGH,4.35,2.5,4.35,4.35,4.35,4.35,0.0,1788711.0,7780952.85
2025-09-30,MTNGH,4.35,2.5,4.35,4.35,4.35,4.35,0.0,548107.0,2384265.45
2025-09-30,MTNGH,13236.18,57577.36,0.0,4.35,0.08,4.425,0.5488,548107.0,2384265.45
2025-10-01,MTNGH,4.5,2.5,4.35,4.35,4.5,4.5,0.15,505273.0,2272049.33
2025-10-02,MTNGH,4.5,2.5,4.5,4.5,4.5,4.5,0.0,1384170.0,6231161.2
2025-10-03,MTNGH,4.52,2.5,4.5,4.5,4.52,4.52,0.02,629937.0,2848301.58
2025-10-06,MTNGH,4.52,2.5,4.52,4.52,4.52,4.52,0.0,339590.0,1534631.6
2025-10-07,MTNGH,4.52,2.5,4.52,4.52,4.52,4.52,0.0,641396.0,2899109.92
2025-10-08,MTNGH,4.52,2.5,4.52,4.52,4.52,4.52,0.0,304880.0,1378057.6
2025-10-09,MTNGH,4.52,2.5,4.52,4.52,4.5,4.51,-0.01,2744134.0,12377562.01
2025-10-10,MTNGH,4.52,2.5,4.51,4.51,4.5,4.5,-0.01,102104.0,459468.0
2025-10-13,MTNGH,4.52,2.5,4.5,4.5,4.49,4.49,-0.01,300414.0,1348936.95
2025-10-14,MTNGH,4.52,2.5,4.49,4.49,4.49,4.49,0.0,354868.0,1593842.25
2025-10-15,MTNGH,4.52,2.5,4.49,4.49,4.47,4.47,-0.02,130849.0,584467.76
2025-10-16,MTNGH,4.52,2.5,4.47,4.47,4.43,4.43,-0.04,186557.0,826428.53
2025-10-17,MTNGH,4.52,2.5,4.43,4.43,4.4,4.4,-0.03,373730.0,1645161.79
2025-10-20,MTNGH,4.52,2.5,4.4,4.4,4.39,4.39,-0.01,31822.0,139698.58
2025-10-21,MTNGH,4.52,2.5,4.39,4.39,4.36,4.36,-0.03,309339.0,1348460.22
2025-10-22,MTNGH,4.52,2.5,4.36,4.36,4.3,4.34,-0.02,68351.0,296637.24
2025-10-23,MTNGH,4.52,2.5,4.34,4.34,4.27,4.27,-0.07,781191.0,3342794.79
2025-10-24,MTNGH,4.52,2.5,4.27,4.27,4.25,4.25,-0.02,415526.0,1766219.42
2025-10-27,MTNGH,4.52,2.5,4.25,4.25,4.25,4.25,0.0,275584.0,1170913.7
2025-10-28,MTNGH,4.52,2.5,4.25,4.25,4.24,4.23,-0.02,130246.0,549331.39
2025-10-29,MTNGH,4.52,2.5,4.23,4.23,4.19,4.2,-0.03,7983214.0,33527841.7
2025-10-30,MTNGH,4.52,2.5,4.2,4.2,4.2,4.2,0.0,72491.0,304462.2
2025-10-31,MTNGH,4.52,2.5,4.2,4.2,4.2,4.2,0.0,125113.0,525474.6
2025-11-03,MTNGH,4.52,2.5,4.2,4.2,4.15,4.16,-0.04,121435.0,507269.7
2025-11-04,MTNGH,4.52,2.5,4.16,4.16,4.0,4.05,-0.11,125776.0,510432.55
2025-11-05,MTNGH,4.52,2.5,4.05,4.05,4.05,4.05,0.0,397660.0,1610458.0
2025-11-06,MTNGH,4.52,2.5,4.05,4.05,4.05,4.05,0.0,160461.0,649867.05
2025-11-07,MTNGH,4.52,2.5,4.05,4.05,4.05,4.05,0.0,3293042.0,13336820.1
2025-11-10,MTNGH,4.52,2.5,4.05,4.05,4.0,4.0,-0.05,814170.0,3270489.5
2025-11-11,MTNGH,4.52,2.5,4.0,4.0,4.0,4.0,0.0,642872.0,2571488.0
2025-11-12,MTNGH,4.52,2.5,4.0,4.0,4.0,4.0,0.0,197018.0,788072.0
2025-11-13,MTNGH,4.52,2.5,4.0,4.0,4.01,4.01,0.01,86320.0,345912.63
2025-11-14,MTNGH,4.52,2.5,4.01,4.01,4.2,4.2,0.19,228199.0,956955.55
2025-11-17,MTNGH,4.52,2.5,4.2,4.2,4.2,4.2,0.0,430425.0,1807785.0
2025-11-18,MTNGH,4.52,2.5,4.2,4.2,4.2,4.2,0.0,820703.0,3446954.91
2025-11-19,MTNGH,4.52,2.5,4.2,4.2,4.17,4.16,-0.04,40552.0,168564.99
2025-11-20,MTNGH,4.52,2.5,4.16,4.16,4.2,4.19,0.03,484112.0,2027391.21
2025-11-21,MTNGH,4.52,2.5,4.19,4.19,4.2,4.2,0.01,841640.0,3534836.3
2025-11-24,MTNGH,4.52,2.5,4.2,4.2,4.2,4.19,-0.01,355683.0,1492012.55
2025-11-25,MTNGH,4.52,2.5,4.19,4.19,4.2,4.2,0.01,133860.0,561902.0
2025-11-26,MTNGH,4.52,2.5,4.2,4.2,4.2,4.21,0.01,14667483.0,61747022.14
2025-11-27,MTNGH,4.52,2.5,4.21,4.21,4.21,4.21,0.0,8516.0,35852.36
2025-11-28,MTNGH,4.52,2.5,4.21,4.21,4.21,4.21,0.0,1621187.0,6825097.27
2025-12-01,MTNGH,4.52,2.5,4.21,4.21,4.21,4.21,0.0,147431.0,620684.51
2025-12-02,MTNGH,4.52,2.5,4.21,4.21,4.21,4.21,0.0,236886.0,997298.4
2025-12-03,MTNGH,4.52,2.5,4.21,4.21,4.2,4.2,-0.01,117423.0,493176.6
2025-12-04,MTNGH,4.52,2.5,4.2,4.2,4.2,4.2,0.0,90323.0,379356.6
2025-12-08,MTNGH,4.52,2.5,4.2,4.2,4.2,4.2,0.0,203723.0,855614.6
2025-12-09,MTNGH,4.52,2.5,4.2,4.2,4.2,4.2,0.0,6215396.0,26104663.2
2025-12-10,MTNGH,4.52,2.5,4.2,4.2,4.2,4.2,0.0,153843.0,646140.6
2025-12-11,MTNGH,4.52,2.5,4.2,4.2,4.2,4.2,0.0,154341.0,648232.2
2025-12-12,MTNGH,4.52,2.5,4.2,4.2,4.2,4.2,0.0,991294.0,4163434.8
2025-12-15,MTNGH,4.52,2.5,4.2,4.2,4.2,4.2,0.0,1012810.0,4253802.0
2025-12-16,MTNGH,4.52,2.5,4.2,4.2,4.2,4.2,0.0,4439199.0,18644635.8
2025-12-17,MTNGH,4.52,2.5,4.2,4.2,4.2,4.2,0.0,960269.0,4033240.76
2025-12-18,MTNGH,4.52,2.5,4.2,4.2,4.2,4.2,0.0,520195.0,2184819.0
2025-12-19,MTNGH,4.52,2.5,4.2,4.2,4.2,4.19,-0.01,80843.0,338535.6
2025-12-22,MTNGH,4.52,2.5,4.19,4.19,4.19,4.19,0.0,33078608.0,128849460.72
2025-12-23,MTNGH,4.52,2.5,4.19,4.19,4.19,4.19,0.0,134505.0,563575.95
2025-12-24,MTNGH,4.52,2.5,4.19,4.19,4.2,4.2,0.01,480630.0,2018604.38
2025-12-29,MTNGH,4.52,2.5,4.2,4.2,4.2,4.2,0.0,274595.0,1153399.0
2025-12-30,MTNGH,4.52,2.5,4.2,4.2,4.2,4.2,0.0,1170707.0,4916969.4
2025-12-31,MTNGH,4.52,2.5,4.2,4.2,4.2,4.2,0.0,178655.0,750611.0
2026-01-02,MTNGH,4.52,2.5,4.2,4.2,4.2,4.2,0.0,960269.0,4033240.76
2026-01-02,MTNGH,4.2,4.2,4.2,4.2,4.2,4.2,0.0,648197.0,2722427.4
2026-01-05,MTNGH,4.21,4.2,4.2,4.2,4.21,4.21,0.01,485319.0,2043235.46
2026-01-06,MTNGH,4.21,4.2,4.21,4.21,4.2,4.2,-0.01,18325232.0,76967682.54
2026-01-07,MTNGH,4.21,4.2,4.2,4.2,4.2,4.2,0.0,1177361.0,4945126.2
2026-01-08,MTNGH,4.21,4.2,4.2,4.2,4.21,4.21,0.01,7521.0,31663.41
2026-01-12,MTNGH,4.23,4.2,4.21,4.21,4.23,4.23,0.02,9416457.0,37550613.33
2026-01-13,MTNGH,4.52,2.5,4.2,4.2,4.2,4.2,0.0,960269.0,4033240.76
2026-01-14,MTNGH,4.23,4.2,4.23,4.23,4.23,4.23,0.0,546941.0,4033240.76
2026-01-15,MTNGH,4.25,4.2,4.23,4.23,4.23,4.25,0.02,3591791.0,15253121.99
2026-01-16,MTNGH,4.52,2.5,4.05,4.05,4.05,4.05,0.0,3293042.0,13336820.1
2026-01-16,MTNGH,4.25,4.2,4.25,4.25,4.2,4.2,-0.05,27812988.0,116814805.15
2026-01-19,MTNGH,4.25,4.2,4.2,4.2,4.2,4.2,0.0,12.0,52.0
2026-01-20,MTNGH,4.25,4.2,4.2,4.2,4.2,4.2,0.0,1.0,7.0
2026-01-21,MTNGH,4.25,4.2,4.2,4.2,4.2,4.2,0.0,719.0,3.0
2026-01-22,MTNGH,4.25,4.2,4.2,4.2,4.2,4.2,0.0,7.0,32.0
2026-01-23,MTNGH,4.25,4.2,4.2,4.2,4.2,4.2,0.0,6.0,27.0
2026-01-26,MTNGH,4.25,4.2,4.2,4.2,4.2,4.2,0.0,21.0,89.0
2026-01-27,MTNGH,4.25,4.2,4.2,4.2,4.2,4.2,0.0,1.0,4.0
2026-01-28,MTNGH,4.25,4.2,4.2,4.2,4.2,4.2,0.0,28.0,118.0
2026-01-29,MTNGH,4.25,4.2,4.2,4.2,4.2,4.2,0.0,853.0,3.0
2026-01-30,MTNGH,4.25,4.2,4.2,4.2,4.2,4.2,0.0,8.0,34.0
2026-02-02,MTNGH,4.25,4.2,4.2,4.2,4.2,4.2,0.0,411.0,1.0
2026-02-03,MTNGH,4.25,4.2,4.2,4.2,4.2,4.2,0.0,1.0,5.0
2026-02-04,MTNGH,4.25,4.2,4.2,4.2,4.2,4.2,0.0,25.0,105.0
2026-02-05,MTNGH,4.25,4.2,4.2,4.2,4.2,4.2,0.0,34.0,145.0
2026-02-06,MTNGH,4.25,4.2,4.2,4.2,4.21,4.21,0.01,1.0,6.0
2026-02-09,MTNGH,4.25,4.2,4.21,4.21,4.22,4.22,0.01,10.0,42.0
2026-02-10,MTNGH,4.39,4.2,4.22,4.22,4.4,4.39,0.17,1.0,6.0
2026-02-11,MTNGH,4.41,4.2,4.39,4.39,4.5,4.41,0.02,1.0,5.0
2026-02-12,MTNGH,4.5,4.2,4.41,4.41,4.5,4.5,0.09,10.0,45.0
2026-02-13,MTNGH,4.85,4.2,4.5,4.5,4.92,4.85,0.35,4.0,22.0
2026-02-16,MTNGH,4.91,4.2,4.85,4.85,5.32,4.91,0.06,7.0,37.0
2026-02-17,MTNGH,5.35,4.2,4.91,4.91,5.35,5.35,0.44,412.0,2.0
2026-02-18,MTNGH,5.4,4.2,5.35,5.35,5.4,5.4,0.05,2.0,15.0
2026-02-19,MTNGH,5.4,4.2,5.4,5.4,5.4,5.3,-0.1,31.0,168.0
2026-02-20,MTNGH,5.47,4.2,5.3,5.3,5.47,5.47,0.17,629.0,3.0
2026-02-23,MTNGH,5.58,4.2,5.47,5.47,5.58,5.58,0.11,1.0,7.0
2026-02-24,MTNGH,5.64,4.2,5.58,5.58,5.65,5.64,0.06,816032.0,4605024.4
2026-02-25,MTNGH,5.64,4.2,5.64,5.64,5.6,5.58,-0.06,3225976.0,18004581.7
2026-02-26,MTNGH,5.64,4.2,5.58,5.58,5.56,5.56,-0.02,2960677.0,16472990.13
2026-02-27,MTNGH,5.64,4.2,5.56,5.56,5.56,5.56,0.0,22868764.0,127161543.28
2026-03-02,MTNGH,5.76,4.2,5.56,5.56,5.75,5.76,0.2,2653430.0,15277208.23
2026-03-03,MTNGH,5.78,4.2,5.76,5.76,5.77,5.78,0.02,3085929.0,17827488.28
2026-03-04,MTNGH,5.8,4.2,5.78,5.78,5.8,5.8,0.02,1968543.0,11416143.01
2026-03-05,MTNGH,5.92,4.2,5.8,5.8,6.0,5.92,0.12,13413290.0,79457215.58
2026-03-09,MTNGH,5.94,4.2,5.92,5.92,5.94,5.94,0.02,419562.0,2493247.29
2026-03-10,MTNGH,6.33,4.2,5.94,5.94,6.3,6.33,0.39,1187562.0,7509411.87
2026-03-11,MTNGH,6.34,4.2,6.33,6.33,6.34,6.34,0.01,3220676.0,20409755.53
2026-03-12,MTNGH,6.34,4.2,6.34,6.34,6.29,6.28,-0.06,2458993.0,15433520.5
2026-03-13,MTNGH,6.34,4.2,6.28,6.28,6.25,6.27,-0.01,345321.0,2165859.4
2026-03-16,MTNGH,6.34,4.2,6.27,6.27,6.27,6.34,0.07,349198.0,2211956.32
2026-03-17,MTNGH,6.34,4.2,6.34,6.34,6.29,6.29,-0.05,314415.0,1977932.56
2026-03-18,MTNGH,6.48,4.2,6.29,6.29,6.29,6.48,0.19,5257765.0,34080370.43
2026-03-19,MTNGH,6.53,4.2,6.48,6.48,6.54,6.53,0.05,34854670.0,227267391.12
2026-03-24,MTNGH,6.53,4.2,6.53,6.53,6.48,6.5,-0.03,605217.0,3935884.02
2026-03-25,MTNGH,6.53,4.2,6.5,6.5,5.91,5.91,-0.59,284788.0,1685677.51
2026-03-26,MTNGH,6.53,4.2,5.91,5.91,5.39,5.39,-0.52,55297559.0,298101507.57
2026-03-27,MTNGH,6.53,4.2,5.39,5.39,5.3,5.03,-0.36,13816222.0,69501204.36
2026-03-30,MTNGH,6.53,4.2,5.03,5.03,5.5,5.28,0.25,1203354.0,6372721.13
2026-03-31,MTNGH,6.53,4.2,5.28,5.28,5.5,5.4,0.12,5425723.0,29280069.98
2026-04-01,MTNGH,6.53,4.2,5.4,5.4,5.32,5.32,-0.08,6472638.0,34524064.4
2026-04-02,MTNGH,6.53,4.2,5.32,5.32,5.5,5.45,0.13,432425.0,2356047.06
2026-04-07,MTNGH,6.53,4.2,5.45,5.45,5.45,5.45,0.0,1253266.0,6831204.83
2026-04-08,MTNGH,6.53,4.2,5.45,5.45,5.5,5.5,0.05,1281303.0,7046930.8
2026-04-09,MTNGH,6.53,4.2,5.5,5.5,5.49,5.49,-0.01,1112050.0,6108955.98
2026-04-10,MTNGH,6.53,4.2,5.49,5.49,5.5,5.5,0.01,873258.0,4801769.82
2026-04-13,MTNGH,6.53,4.2,5.5,5.5,5.5,5.5,0.0,3038826.0,16716938.21
2026-04-14,MTNGH,6.53,4.2,5.5,5.5,5.55,5.55,0.05,769907.0,4274398.26
2026-04-15,MTNGH,6.53,4.2,5.55,5.55,5.79,5.79,0.24,1337862.0,7758244.07
2026-04-16,MTNGH,6.53,4.2,5.79,5.79,6.1,5.93,0.14,783998.0,4647814.61
2026-04-17,MTNGH,6.53,4.2,5.93,5.93,6.1,6.1,0.17,2229587.0,13599303.65
2026-04-20,MTNGH,6.53,4.2,6.1,6.1,6.5,6.28,0.18,2811593.0,17722255.59
2026-04-21,MTNGH,6.53,4.2,6.28,6.28,6.0,6.28,0.0,493084.0,3121174.53
2026-04-22,MTNGH,6.53,4.2,6.28,6.28,6.53,6.52,0.24,764077.0,4985328.84
2026-04-23,MTNGH,6.59,4.2,6.52,6.52,6.69,6.59,0.07,745571.0,4910672.51
2026-04-24,MTNGH,6.59,4.2,6.59,6.59,6.6,6.57,-0.02,1156511.0,7600497.98
2026-04-27,MTNGH,6.59,4.2,6.57,6.57,6.6,6.51,-0.06,3981375.0,25939878.25
2026-04-28,MTNGH,6.59,4.2,6.51,6.51,6.6,6.55,0.04,248891.0,1629648.97
2026-04-29,MTNGH,6.59,4.2,6.55,6.55,6.8,6.77,0.22,254605.0,1724713.84
2026-04-30,MTNGH,6.8,4.2,6.77,6.77,6.8,6.8,0.03,3059292.0,20799960.25
2026-05-04,MTNGH,6.8,4.2,6.8,6.8,6.8,6.8,0.0,705610.0,4801210.06
2026-05-05,MTNGH,6.8,4.2,6.8,6.8,6.8,6.8,0.0,479619.0,3259635.36
2026-05-06,MTNGH,6.8,4.2,6.8,6.8,6.8,6.8,0.0,2946136.0,20028741.81
2026-05-07,MTNGH,6.8,4.2,6.8,6.8,6.6,6.77,-0.03,1384573.0,9373253.53
2026-05-08,MTNGH,6.8,4.2,6.77,6.77,6.6,6.53,-0.24,2478506.0,16199254.61
2026-05-11,MTNGH,6.8,4.2,6.53,6.53,6.7,6.64,0.11,304611.0,2021646.03
2026-05-12,MTNGH,6.8,4.2,6.64,6.64,6.8,6.71,0.07,252217.0,1690732.35
2026-05-13,MTNGH,6.8,4.2,6.71,6.71,6.71,6.52,-0.19,788826.0,5142987.82
2026-05-14,MTNGH,6.8,4.2,6.52,6.52,6.5,6.5,-0.02,515689.0,3353715.03
2026-05-15,MTNGH,6.8,4.2,6.5,6.5,6.5,6.49,-0.01,786652.0,5109419.84
2026-05-18,MTNGH,6.8,4.2,6.49,6.49,6.5,6.49,0.0,574640.0,3732506.56
2026-05-19,MTNGH,6.8,4.2,6.49,6.49,6.7,6.53,0.04,204986.0,1342589.65
2026-05-20,MTNGH,6.8,4.2,6.53,6.53,6.72,6.72,0.19,374476.0,2518187.19
2026-05-21,MTNGH,6.8,4.2,6.72,6.72,6.73,6.73,0.01,408453.0,2752291.23
2026-05-22,MTNGH,6.8,4.2,6.73,6.73,6.73,6.73,0.0,1776101.0,11955854.47
2026-05-25,MTNGH,6.8,4.2,6.73,6.73,6.73,6.73,0.0,411899.0,2771377.12
2026-05-26,MTNGH,6.8,4.2,6.73,6.73,6.5,6.51,-0.22,8837231.0,57559488.93
2026-05-28,MTNGH,6.8,4.2,6.51,6.51,6.51,6.51,0.0,4541021.0,29550112.89
2026-05-29,MTNGH,6.8,4.2,6.51,6.51,6.5,6.5,-0.01,2439096.0,15854234.33
